(32, 116)	256
(104, 101)	257
(32, 97)	258
(105, 110)	259
(101, 114)	260
(256, 257)	261
(111, 110)	262
(111, 114)	263
(97, 110)	264
(32, 119)	265
(105, 115)	266
(101, 100)	267
(101, 110)	268
(101, 115)	269
(32, 111)	270
(97, 114)	271
(32, 115)	272
(97, 116)	273
(10, 10)	274
(97, 115)	275
(270, 102)	276
(32, 102)	277
(32, 259)	278
(105, 116)	279
(97, 108)	280
(32, 99)	281
(258, 110)	282
(114, 101)	283
(32, 98)	284
(32, 112)	285
(105, 99)	286
(114, 111)	287
(282, 100)	288
(32, 109)	289
(32, 83)	290
(259, 103)	291
(105, 262)	292
(256, 111)	293
(108, 101)	294
(32, 65)	295
(46, 274)	296
(265, 275)	297
(32, 104)	298
(32, 84)	299
(32, 100)	300
(111, 117)	301
(32, 266)	302
(32, 67)	303
(268, 116)	304
(97, 109)	305
(105, 108)	306
(32, 72)	307
(50, 48)	308
(32, 77)	309
(111, 109)	310
(32, 73)	311
(49, 57)	312
(117, 115)	313
(111, 108)	314
(32, 108)	315
(97, 100)	316
(101, 108)	317
(99, 116)	318
(105, 118)	319
(32, 110)	320
(277, 263)	321
(32, 262)	322
(32, 80)	323
(32, 66)	324
(105, 100)	325
(117, 110)	326
(105, 114)	327
(299, 257)	328
(32, 40)	329
(117, 114)	330
(115, 116)	331
(32, 103)	332
(101, 109)	333
(97, 121)	334
(256, 104)	335
(101, 116)	336
(32, 34)	337
(111, 116)	338
(108, 121)	339
(308, 49)	340
(99, 104)	341
(32, 283)	342
(111, 119)	343
(105, 103)	344
(273, 292)	345
(260, 115)	346
(32, 74)	347
(32, 70)	348
(284, 101)	349
(32, 82)	350
(105, 109)	351
(111, 118)	352
(32, 101)	353
(99, 101)	354
(32, 68)	355
(32, 78)	356
(307, 101)	357
(117, 116)	358
(287, 109)	359
(32, 71)	360
(272, 116)	361
(32, 76)	362
(257, 114)	363
(32, 87)	364
(114, 97)	365
(116, 260)	366
(258, 115)	367
(277, 359)	368
(32, 85)	369
(32, 69)	370
(271, 116)	371
(98, 260)	372
(266, 116)	373
(264, 100)	374
(311, 116)	375
(269, 116)	376
(258, 108)	377
(84, 257)	378
(117, 108)	379
(258, 116)	380
(117, 109)	381
(284, 121)	382
(111, 115)	383
(32, 114)	384
(279, 104)	385
(39, 115)	386
(32, 79)	387
(258, 283)	388
(116, 104)	389
(103, 101)	390
(32, 118)	391
(280, 108)	392
(32, 257)	393
(111, 112)	394
(265, 385)	395
(97, 118)	396
(105, 101)	397
(101, 112)	398
(105, 264)	399
(105, 97)	400
(101, 99)	401
(279, 121)	402
(335, 273)	403
(290, 116)	404
(301, 110)	405
(109, 260)	406
(111, 100)	407
(263, 110)	408
(311, 110)	409
(114, 269)	410
(97, 99)	411
(105, 102)	412
(108, 100)	413
(273, 101)	414
(117, 112)	415
(115, 111)	416
(105, 269)	417
(369, 110)	418
(286, 264)	419
(285, 108)	420
(306, 108)	421
(32, 279)	422
(271, 121)	423
(226, 128)	424
(298, 266)	425
(32, 263)	426
(265, 104)	427
(271, 100)	428
(32, 107)	429
(285, 287)	430
(344, 104)	431
(97, 259)	432
(117, 100)	433
(32, 75)	434
(105, 267)	435
(305, 101)	436
(101, 271)	437
(117, 98)	438
(281, 310)	439
(333, 372)	440
(97, 107)	441
(319, 101)	442
(263, 116)	443
(308, 48)	444
(117, 103)	445
(101, 119)	446
(118, 260)	447
(281, 262)	448
(264, 116)	449
(281, 104)	450
(298, 275)	451
(97, 103)	452
(97, 98)	453
(300, 101)	454
(97, 112)	455
(111, 331)	456
(262, 103)	457
(286, 104)	458
(303, 104)	459
(105, 280)	460
(295, 406)	461
(273, 269)	462
(377, 416)	463
(268, 100)	464
(424, 147)	465
(111, 99)	466
(105, 112)	467
(269, 115)	468
(275, 116)	469
(260, 101)	470
(273, 267)	471
(290, 257)	472
(272, 101)	473
(343, 110)	474
(396, 101)	475
(279, 267)	476
(115, 101)	477
(109, 304)	478
(265, 470)	479
(305, 112)	480
(263, 101)	481
(256, 101)	482
(301, 114)	483
(32, 86)	484
(263, 107)	485
(266, 104)	486
(461, 419)	487
(117, 99)	488
(272, 112)	489
(32, 326)	490
(327, 331)	491
(289, 352)	492
(113, 117)	493
(32, 313)	494
(318, 292)	495
(431, 116)	496
(313, 116)	497
(259, 101)	498
(286, 101)	499
(32, 294)	500
(418, 476)	501
(114, 279)	502
(272, 104)	503
(114, 264)	504
(301, 116)	505
(262, 100)	506
(345, 280)	507
(312, 57)	508
(32, 274)	509
(317, 108)	510
(277, 491)	511
(260, 109)	512
(260, 110)	513
(32, 121)	514
(271, 114)	515
(420, 334)	516
(353, 120)	517
(102, 366)	518
(404, 462)	519
(296, 10)	520
(111, 103)	521
(298, 316)	522
(258, 98)	523
(320, 338)	524
(116, 363)	525
(298, 475)	526
(263, 100)	527
(310, 101)	528
(429, 110)	529
(344, 110)	530
(32, 465)	531
(299, 104)	532
(101, 318)	533
(117, 283)	534
(105, 122)	535
(264, 121)	536
(105, 98)	537
(312, 56)	538
(325, 304)	539
(326, 101)	540
(272, 260)	541
(266, 115)	542
(32, 287)	543
(107, 101)	544
(73, 110)	545
(325, 101)	546
(258, 103)	547
(312, 54)	548
(349, 99)	549
(405, 116)	550
(117, 423)	551
(256, 119)	552
(322, 101)	553
(258, 114)	554
(284, 408)	555
(258, 318)	556
(108, 374)	557
(116, 101)	558
(112, 112)	559
(309, 271)	560
(529, 474)	561
(110, 101)	562
(111, 107)	563
(105, 283)	564
(117, 101)	565
(272, 257)	566
(111, 98)	567
(306, 100)	568
(351, 101)	569
(257, 110)	570
(285, 371)	571
(411, 107)	572
(108, 269)	573
(300, 435)	574
(285, 314)	575
(328, 121)	576
(32, 363)	577
(319, 346)	578
(312, 55)	579
(309, 334)	580
(265, 485)	581
(48, 48)	582
(310, 268)	583
(347, 540)	584
(280, 339)	585
(97, 119)	586
(117, 339)	587
(333, 304)	588
(195, 169)	589
(410, 539)	590
(32, 89)	591
(301, 115)	592
(349, 268)	593
(98, 392)	594
(97, 341)	595
(119, 428)	596
(41, 44)	597
(263, 413)	598
(49, 56)	599
(102, 102)	600
(316, 101)	601
(105, 111)	602
(114, 268)	603
(514, 437)	604
(281, 264)	605
(283, 101)	606
(119, 110)	607
(273, 263)	608
(438, 108)	609
(258, 518)	610
(352, 513)	611
(270, 525)	612
(366, 110)	613
(273, 260)	614
(275, 115)	615
(261, 121)	616
(112, 116)	617
(112, 443)	618
(111, 338)	619
(482, 305)	620
(492, 397)	621
(427, 458)	622
(292, 115)	623
(356, 446)	624
(295, 110)	625
(347, 587)	626
(97, 390)	627
(114, 121)	628
(103, 264)	629
(98, 114)	630
(99, 105)	631
(34, 46)	632
(301, 413)	633
(281, 108)	634
(532, 266)	635
(427, 111)	636
(99, 108)	637
(116, 111)	638
(285, 114)	639
(98, 408)	640
(523, 505)	641
(97, 354)	642
(439, 112)	643
(313, 101)	644
(286, 280)	645
(34, 44)	646
(263, 109)	647
(261, 327)	648
(102, 116)	649
(111, 407)	650
(101, 394)	651
(552, 111)	652
(578, 402)	653
(276, 102)	654
(32, 106)	655
(314, 100)	656
(256, 114)	657
(405, 100)	658
(264, 103)	659
(494, 267)	660
(422, 115)	661
(289, 456)	662
(295, 114)	663
(353, 294)	664
(312, 53)	665
(350, 398)	666
(410, 115)	667
(112, 108)	668
(259, 100)	669
(116, 262)	670
(362, 101)	671
(377, 108)	672
(651, 294)	673
(312, 52)	674
(112, 114)	675
(264, 115)	676
(263, 121)	677
(295, 108)	678
(281, 271)	679
(262, 115)	680
(41, 46)	681
(111, 104)	682
(275, 267)	683
(541, 118)	684
(262, 101)	685
(326, 100)	686
(445, 104)	687
(379, 116)	688
(262, 116)	689
(258, 100)	690
(418, 653)	691
(268, 115)	692
(268, 354)	693
(49, 48)	694
(259, 354)	695
(107, 115)	696
(305, 269)	697
(637, 433)	698
(100, 260)	699
(347, 264)	700
(430, 100)	701
(441, 101)	702
(280, 115)	703
(112, 260)	704
(112, 104)	705
(273, 104)	706
(102, 260)	707
(105, 260)	708
(619, 594)	709
(448, 116)	710
(384, 269)	711
(284, 358)	712
(105, 294)	713
(265, 262)	714
(345, 115)	715
(278, 698)	716
(119, 101)	717
(279, 292)	718
(258, 559)	719
(101, 120)	720
(332, 287)	721
(335, 266)	722
(301, 389)	723
(270, 358)	724
(111, 259)	725
(387, 110)	726
(111, 563)	727
(114, 286)	728
(439, 109)	729
(256, 569)	730
(97, 104)	731
(295, 115)	732
(99, 99)	733
(112, 101)	734
(289, 481)	735
(97, 318)	736
(97, 306)	737
(281, 480)	738
(314, 108)	739
(445, 497)	740
(97, 122)	741
(289, 601)	742
(330, 291)	743
(285, 673)	744
(330, 110)	745
(360, 512)	746
(342, 99)	747
(257, 100)	748
(111, 372)	749
(119, 334)	750
(275, 101)	751
(279, 101)	752
(46, 83)	753
(116, 306)	754
(575, 279)	755
(281, 392)	756
(604, 115)	757
(32, 351)	758
(99, 269)	759
(278, 638)	760
(319, 267)	761
(290, 268)	762
(259, 115)	763
(99, 267)	764
(285, 260)	765
(291, 115)	766
(516, 267)	767
(117, 341)	768
(700, 551)	769
(364, 598)	770
(103, 104)	771
(308, 50)	772
(103, 121)	773
(332, 611)	774
(270, 447)	775
(49, 53)	776
(410, 304)	777
(282, 110)	778
(118, 317)	779
(289, 440)	780
(490, 754)	781
(383, 101)	782
(263, 389)	783
(259, 97)	784
(260, 280)	785
(111, 314)	786
(111, 121)	787
(294, 121)	788
(312, 50)	789
(549, 436)	790
(295, 740)	791
(265, 101)	792
(97, 644)	793
(277, 709)	794
(32, 268)	795
(284, 117)	796
(289, 536)	797
(105, 544)	798
(105, 120)	799
(320, 436)	800
(32, 415)	801
(453, 294)	802
(102, 647)	803
(335, 264)	804
(277, 305)	805
(260, 121)	806
(116, 115)	807
(756, 267)	808
(271, 107)	809
(309, 264)	810
(285, 394)	811
(370, 110)	812
(49, 55)	813
(312, 51)	814
(315, 271)	815
(286, 399)	816
(323, 371)	817
(265, 502)	818
(284, 336)	819
(675, 306)	820
(300, 398)	821
(97, 325)	822
(260, 267)	823
(361, 433)	824
(286, 115)	825
(348, 504)	826
(277, 483)	827
(398, 116)	828
(101, 121)	829
(104, 467)	830
(450, 568)	831
(97, 530)	832
(263, 115)	833
(310, 109)	834
(194, 160)	835
(353, 118)	836
(281, 304)	837
(300, 266)	838
(322, 339)	839
(258, 327)	840
(343, 115)	841
(371, 478)	842
(266, 292)	843
(321, 109)	844
(281, 402)	845
(320, 507)	846
(277, 658)	847
(811, 379)	848
(738, 832)	849
(261, 109)	850
(286, 107)	851
(380, 116)	852
(34, 296)	853
(105, 107)	854
(300, 114)	855
(666, 609)	856
(506, 542)	857
(857, 588)	858
(108, 108)	859
(332, 268)	860
(817, 121)	861
(361, 371)	862
(275, 104)	863
(314, 521)	864
(273, 442)	865
(319, 269)	866
(351, 269)	867
(49, 54)	868
(265, 583)	869
(272, 401)	870
(319, 260)	871
(101, 630)	872
(259, 269)	873
(114, 316)	874
(272, 291)	875
(335, 606)	876
(265, 633)	877
(301, 771)	878
(547, 432)	879
(778, 405)	880
(280, 412)	881
(401, 440)	882
(265, 570)	883
(277, 108)	884
(32, 365)	885
(287, 687)	886
(121, 110)	887
(361, 414)	888
(323, 590)	889
(560, 341)	890
(285, 590)	891
(79, 110)	892
(295, 820)	893
(682, 110)	894
(281, 550)	895
(105, 317)	896
(361, 114)	897
(301, 477)	898
(306, 121)	899
(320, 381)	900
(116, 268)	901
(773, 617)	902
(828, 440)	903
(117, 318)	904
(320, 446)	905
(285, 104)	906
(300, 269)	907
(330, 114)	908
(118, 101)	909
(318, 749)	910
(342, 354)	911
(341, 786)	912
(717, 268)	913
(261, 283)	914
(311, 115)	915
(289, 515)	916
(338, 104)	917
(303, 271)	918
(273, 115)	919
(265, 257)	920
(721, 415)	921
(333, 98)	922
(32, 493)	923
(272, 99)	924
(264, 110)	925
(348, 108)	926
(872, 551)	927
(272, 822)	928
(489, 401)	929
(99, 107)	930
(272, 528)	931
(336, 104)	932
(352, 440)	933
(856, 419)	934
(32, 464)	935
(272, 109)	936
(49, 50)	937
(102, 481)	938
(289, 407)	939
(289, 101)	940
(350, 101)	941
(355, 882)	942
(114, 381)	943
(259, 110)	944
(364, 583)	945
(370, 902)	946
(343, 260)	947
(831, 603)	948
(654, 286)	949
(303, 415)	950
(283, 273)	951
(300, 111)	952
(272, 415)	953
(99, 468)	954
(290, 104)	955
(330, 121)	956
(564, 318)	957
(300, 743)	958
(289, 334)	959
(591, 485)	960
(349, 629)	961
(285, 283)	962
(332, 111)	963
(49, 51)	964
(103, 108)	965
(261, 110)	966
(109, 264)	967
(99, 257)	968
(286, 116)	969
(373, 115)	970
(412, 101)	971
(387, 910)	972
(290, 903)	973
(286, 97)	974
(664, 495)	975
(283, 116)	976
(303, 264)	977
(256, 365)	978
(258, 390)	979
(755, 816)	980
(613, 507)	981
(315, 614)	982
(97, 327)	983
(115, 104)	984
(346, 262)	985
(303, 314)	986
(916, 435)	987
(324, 108)	988
(819, 913)	989
(449, 115)	990
(58, 274)	991
(342, 294)	992
(70, 65)	993
(304, 115)	994
(272, 695)	995
(264, 354)	996
(684, 267)	997
(289, 264)	998
(370, 100)	999
(348, 927)	1000
(114, 262)	1001
(448, 115)	1002
(356, 933)	1003
(317, 121)	1004
(294, 118)	1005
(264, 107)	1006
(500, 316)	1007
(281, 314)	1008
(315, 586)	1009
(547, 267)	1010
(295, 596)	1011
(101, 104)	1012
(272, 438)	1013
(289, 313)	1014
(348, 263)	1015
(277, 101)	1016
(315, 457)	1017
(272, 330)	1018
(313, 115)	1019
(356, 507)	1020
(117, 287)	1021
(300, 412)	1022
(821, 842)	1023
(364, 271)	1024
(259, 280)	1025
(114, 305)	1026
(911, 761)	1027
(321, 406)	1028
(936, 392)	1029
(290, 112)	1030
(355, 101)	1031
(383, 115)	1032
(273, 116)	1033
(504, 115)	1034
(342, 108)	1035
(342, 103)	1036
(397, 119)	1037
(268, 110)	1038
(541, 417)	1039
(114, 273)	1040
(327, 100)	1041
(409, 100)	1042
(279, 280)	1043
(41, 274)	1044
(32, 90)	1045
(404, 414)	1046
(900, 372)	1047
(117, 585)	1048
(272, 436)	1049
(879, 331)	1050
(335, 886)	1051
(342, 116)	1052
(293, 607)	1053
(880, 764)	1054
(271, 108)	1055
(452, 565)	1056
(272, 457)	1057
(416, 631)	1058
(105, 592)	1059
(391, 314)	1060
(294, 116)	1061
(295, 327)	1062
(305, 304)	1063
(295, 116)	1064
(870, 506)	1065
(342, 109)	1066
(273, 330)	1067
(336, 115)	1068
(284, 376)	1069
(303, 402)	1070
(701, 488)	1071
(384, 326)	1072
(490, 699)	1073
(805, 899)	1074
(109, 121)	1075
(114, 325)	1076
(272, 111)	1077
(116, 271)	1078
(50, 50)	1079
(49, 52)	1080
(114, 280)	1081
(454, 706)	1082
(292, 280)	1083
(115, 262)	1084
(265, 598)	1085
(285, 609)	1086
(280, 100)	1087
(287, 686)	1088
(287, 115)	1089
(303, 550)	1090
(281, 283)	1091
(977, 316)	1092
(412, 286)	1093
(349, 291)	1094
(258, 109)	1095
(515, 858)	1096
(774, 478)	1097
(306, 116)	1098
(305, 267)	1099
(298, 373)	1100
(266, 262)	1101
(117, 495)	1102
(300, 401)	1103
(105, 336)	1104
(97, 105)	1105
(290, 723)	1106
(332, 436)	1107
(271, 101)	1108
(582, 48)	1109
(260, 118)	1110
(300, 957)	1111
(323, 114)	1112
(338, 116)	1113
(323, 280)	1114
(1005, 843)	1115
(370, 1021)	1116
(112, 268)	1117
(112, 267)	1118
(284, 108)	1119
(101, 103)	1120
(349, 938)	1121
(296, 274)	1122
(270, 413)	1123
(603, 341)	1124
(49, 49)	1125
(97, 120)	1126
(992, 683)	1127
(280, 101)	1128
(920, 283)	1129
(50, 53)	1130
(943, 112)	1131
(393, 108)	1132
(51, 48)	1133
(114, 267)	1134
(384, 496)	1135
(265, 271)	1136
(549, 793)	1137
(109, 112)	1138
(310, 259)	1139
(67, 104)	1140
(891, 460)	1141
(315, 466)	1142
(99, 260)	1143
(307, 898)	1144
(307, 266)	1145
(333, 112)	1146
(503, 343)	1147
(273, 363)	1148
(450, 271)	1149
(310, 264)	1150
(279, 417)	1151
(281, 114)	1152
(473, 447)	1153
(290, 99)	1154
(881, 408)	1155
(1155, 400)	1156
(97, 106)	1157
(360, 611)	1158
(272, 768)	1159
(303, 1156)	1160
(105, 263)	1161
(896, 100)	1162
(273, 534)	1163
(46, 34)	1164
(388, 97)	1165
(862, 267)	1166
(102, 379)	1167
(265, 510)	1168
(747, 527)	1169
(279, 116)	1170
(295, 102)	1171
(323, 287)	1172
(348, 1124)	1173
(482, 1115)	1174
(908, 304)	1175
(101, 447)	1176
(103, 376)	1177
(1090, 121)	1178
(323, 314)	1179
(762, 608)	1180
(581, 267)	1181
(319, 291)	1182
(102, 101)	1183
(315, 373)	1184
(965, 486)	1185
(306, 294)	1186
(358, 292)	1187
(480, 623)	1188
(50, 51)	1189
(259, 99)	1190
(333, 466)	1191
(324, 502)	1192
(338, 363)	1193
(115, 546)	1194
(1022, 707)	1195
(290, 119)	1196
(746, 536)	1197
(72, 101)	1198
(301, 266)	1199
(270, 607)	1200
(1153, 280)	1201
(284, 287)	1202
(1058, 345)	1203
(281, 1175)	1204
(266, 109)	1205
(494, 101)	1206
(108, 259)	1207
(271, 97)	1208
(284, 917)	1209
(289, 267)	1210
(347, 894)	1211
(365, 649)	1212
(106, 533)	1213
(281, 111)	1214
(300, 334)	1215
(311, 73)	1216
(109, 259)	1217
(32, 81)	1218
(323, 271)	1219
(535, 267)	1220
(295, 100)	1221
(365, 98)	1222
(98, 381)	1223
(256, 512)	1224
(746, 264)	1225
(278, 118)	1226
(32, 304)	1227
(826, 354)	1228
(434, 291)	1229
(277, 739)	1230
(114, 373)	1231
(101, 263)	1232
(281, 97)	1233
(355, 1191)	1234
(358, 104)	1235
(278, 100)	1236
(391, 806)	1237
(41, 296)	1238
(332, 117)	1239
(336, 116)	1240
(310, 336)	1241
(45, 100)	1242
(275, 262)	1243
(426, 344)	1244
(264, 111)	1245
(102, 468)	1246
(298, 351)	1247
(50, 52)	1248
(281, 633)	1249
(281, 455)	1250
(290, 101)	1251
(97, 117)	1252
(278, 366)	1253
(300, 373)	1254
(312, 49)	1255
(719, 437)	1256
(1158, 263)	1257
(426, 629)	1258
(112, 533)	1259
(323, 104)	1260
(99, 111)	1261
(103, 260)	1262
(363, 110)	1263
(796, 568)	1264
(295, 109)	1265
(117, 269)	1266
(277, 114)	1267
(320, 1099)	1268
(117, 280)	1269
(554, 116)	1270
(256, 1034)	1271
(348, 73)	1272
(306, 109)	1273
(50, 54)	1274
(289, 306)	1275
(671, 1056)	1276
(666, 777)	1277
(328, 283)	1278
(289, 259)	1279
(848, 345)	1280
(812, 1185)	1281
(256, 867)	1282
(275, 107)	1283
(516, 115)	1284
(258, 733)	1285
(779, 394)	1286
(358, 101)	1287
(1116, 734)	1288
(266, 366)	1289
(307, 260)	1290
(837, 956)	1291
(121, 114)	1292
(356, 783)	1293
(379, 108)	1294
(45, 115)	1295
(377, 1223)	1296
(562, 121)	1297
(285, 985)	1298
(298, 431)	1299
(554, 114)	1300
(118, 268)	1301
(298, 528)	1302
(949, 460)	1303
(303, 834)	1304
(273, 291)	1305
(328, 477)	1306
(336, 363)	1307
(289, 922)	1308
(420, 642)	1309
(101, 264)	1310
(284, 572)	1311
(50, 56)	1312
(195, 161)	1313
(293, 745)	1314
(299, 1131)	1315
(397, 102)	1316
(1192, 486)	1317
(114, 537)	1318
(325, 97)	1319
(289, 262)	1320
(272, 268)	1321
(1195, 304)	1322
(105, 346)	1323
(409, 981)	1324
(318, 267)	1325
(103, 1026)	1326
(391, 1012)	1327
(1327, 286)	1328
(326, 103)	1329
(762, 414)	1330
(327, 313)	1331
(393, 316)	1332
(375, 280)	1333
(105, 305)	1334
(271, 115)	1335
(282, 121)	1336
(343, 291)	1337
(430, 118)	1338
(284, 727)	1339
(291, 670)	1340
(459, 1188)	1341
(1078, 602)	1342
(320, 1139)	1343
(272, 912)	1344
(554, 341)	1345
(421, 292)	1346
(84, 104)	1347
(500, 649)	1348
(50, 49)	1349
(342, 118)	1350
(313, 104)	1351
(362, 1199)	1352
(99, 121)	1353
(317, 115)	1354
(313, 267)	1355
(303, 257)	1356
(1234, 1040)	1357
(279, 567)	1358
(1358, 97)	1359
(271, 339)	1360
(114, 266)	1361
(83, 116)	1362
(264, 390)	1363
(303, 262)	1364
(335, 1041)	1365
(874, 117)	1366
(1092, 97)	1367
(374, 346)	1368
(289, 432)	1369
(300, 325)	1370
(258, 596)	1371
(320, 437)	1372
(1089, 115)	1373
(953, 618)	1374
(46, 10)	1375
(271, 110)	1376
(725, 116)	1377
(537, 294)	1378
(272, 488)	1379
(350, 1019)	1380
(260, 116)	1381
(1272, 993)	1382
(1314, 1063)	1383
(331, 279)	1384
(815, 390)	1385
(1086, 286)	1386
(261, 477)	1387
(294, 390)	1388
(273, 866)	1389
(265, 421)	1390
(45, 108)	1391
(295, 98)	1392
(99, 262)	1393
(32, 267)	1394
(116, 116)	1395
(284, 683)	1396
(391, 346)	1397
(556, 319)	1398
(101, 107)	1399
(266, 748)	1400
(926, 263)	1401
(284, 317)	1402
(1308, 346)	1403
(796, 1098)	1404
(500, 103)	1405
(298, 343)	1406
(111, 120)	1407
(290, 401)	1408
(557, 115)	1409
(309, 259)	1410
(97, 102)	1411
(330, 269)	1412
(625, 100)	1413
(118, 267)	1414
(278, 116)	1415
(429, 421)	1416
(461, 974)	1417
(391, 338)	1418
(364, 104)	1419
(353, 595)	1420
(121, 115)	1421
(315, 798)	1422
(530, 267)	1423
(315, 469)	1424
(265, 304)	1425
(679, 101)	1426
(73, 116)	1427
(342, 112)	1428
(287, 100)	1429
(295, 497)	1430
(272, 656)	1431
(571, 121)	1432
(50, 55)	1433
(810, 1359)	1434
(535, 101)	1435
(121, 331)	1436
(298, 381)	1437
(309, 267)	1438
(262, 1087)	1439
(272, 351)	1440
(285, 271)	1441
(360, 268)	1442
(295, 518)	1443
(280, 107)	1444
(332, 1366)	1445
(77, 271)	1446
(303, 111)	1447
(324, 114)	1448
(287, 607)	1449
(330, 341)	1450
(279, 260)	1451
(114, 417)	1452
(716, 291)	1453
(430, 1246)	1454
(795, 103)	1455
(765, 803)	1456
(98, 294)	1457
(293, 112)	1458
(293, 563)	1459
(289, 336)	1460
(103, 269)	1461
(320, 111)	1462
(285, 383)	1463
(1379, 954)	1464
(690, 118)	1465
(295, 1222)	1466
(360, 1232)	1467
(364, 376)	1468
(99, 1245)	1469
(374, 325)	1470
(110, 260)	1471
(307, 431)	1472
(266, 101)	1473
(639, 1101)	1474
(543, 294)	1475
(331, 101)	1476
(116, 257)	1477
(815, 1177)	1478
(279, 423)	1479
(339, 1138)	1480
(272, 313)	1481
(281, 1470)	1482
(875, 294)	1483
(393, 413)	1484
(99, 834)	1485
(257, 331)	1486
(60, 630)	1487
(338, 115)	1488
(824, 435)	1489
(556, 263)	1490
(556, 667)	1491
(111, 262)	1492
(726, 1342)	1493
(99, 304)	1494
(99, 1212)	1495
(258, 99)	1496
(101, 294)	1497
(272, 799)	1498
(280, 402)	1499
(65, 110)	1500
(360, 117)	1501
(644, 381)	1502
(387, 1480)	1503
(383, 112)	1504
(430, 1326)	1505
(287, 558)	1506
(1357, 286)	1507
(326, 116)	1508
(272, 631)	1509
(1277, 1389)	1510
(282, 351)	1511
(272, 723)	1512
(350, 871)	1513
(289, 1346)	1514
(1100, 677)	1515
(407, 121)	1516
(272, 108)	1517
(283, 119)	1518
(299, 330)	1519
(62, 274)	1520
(488, 107)	1521
(281, 502)	1522
(305, 97)	1523
(381, 406)	1524
(1445, 471)	1525
(265, 1506)	1526
(848, 271)	1527
(195, 173)	1528
(290, 1368)	1529
(454, 1286)	1530
(864, 121)	1531
(347, 697)	1532
(354, 617)	1533
(716, 101)	1534
(543, 930)	1535
(492, 267)	1536
(259, 107)	1537
(283, 109)	1538
(1157, 263)	1539
(98, 121)	1540
(105, 381)	1541
(367, 1203)	1542
(535, 345)	1543
(270, 704)	1544
(370, 120)	1545
(729, 262)	1546
(265, 614)	1547
(258, 1088)	1548
(116, 121)	1549
(259, 116)	1550
(320, 783)	1551
(299, 119)	1552
(379, 271)	1553
(100, 310)	1554
(517, 480)	1555
(356, 101)	1556
(320, 101)	1557
(353, 447)	1558
(289, 268)	1559
(361, 421)	1560
(401, 358)	1561
(710, 287)	1562
(279, 115)	1563
(319, 268)	1564
(464, 267)	1565
(332, 650)	1566
(1341, 830)	1567
(365, 317)	1568
(101, 101)	1569
(454, 102)	1570
(369, 83)	1571
(1393, 310)	1572
(332, 326)	1573
(316, 333)	1574
(720, 116)	1575
(929, 417)	1576
(265, 334)	1577
(280, 269)	1578
(878, 116)	1579
(371, 104)	1580
(315, 971)	1581
(387, 114)	1582
(494, 1048)	1583
(639, 351)	1584
(836, 268)	1585
(270, 733)	1586
(364, 570)	1587
(281, 273)	1588
(432, 116)	1589
(275, 269)	1590
(121, 108)	1591
(466, 107)	1592
(1071, 267)	1593
(875, 260)	1594
(634, 438)	1595
(324, 101)	1596
(310, 112)	1597
(720, 275)	1598
(352, 101)	1599
(272, 334)	1600
(270, 1117)	1601
(329, 34)	1602
(533, 534)	1603
(399, 97)	1604
(375, 115)	1605
(516, 260)	1606
(887, 469)	1607
(111, 263)	1608
(424, 153)	1609
(50, 57)	1610
(459, 784)	1611
(309, 720)	1612
(108, 263)	1613
(473, 1243)	1614
(290, 912)	1615
(391, 271)	1616
(690, 100)	1617
(365, 705)	1618
(332, 336)	1619
(678, 108)	1620
(111, 316)	1621
(315, 456)	1622
(367, 115)	1623
(728, 116)	1624
(315, 374)	1625
(262, 121)	1626
(111, 428)	1627
(327, 103)	1628
(283, 268)	1629
(1230, 1337)	1630
(441, 269)	1631
(355, 398)	1632
(1401, 1319)	1633
(303, 304)	1634
(277, 446)	1635
(1555, 294)	1636
(289, 702)	1637
(441, 291)	1638
(489, 642)	1639
(1036, 292)	1640
(336, 260)	1641
(332, 338)	1642
(276, 901)	1643
(290, 264)	1644
(701, 1102)	1645
(323, 108)	1646
(1014, 286)	1647
(503, 443)	1648
(838, 99)	1649
(895, 628)	1650
(1218, 117)	1651
(860, 785)	1652
(279, 558)	1653
(1653, 101)	1654
(544, 121)	1655
(411, 121)	1656
(1132, 112)	1657
(102, 108)	1658
(299, 1598)	1659
(122, 101)	1660
(283, 267)	1661
(377, 457)	1662
(427, 713)	1663
(32, 424)	1664
(736, 260)	1665
(852, 572)	1666
(117, 267)	1667
(326, 269)	1668
(97, 379)	1669
(1091, 471)	1670
(277, 442)	1671
(259, 111)	1672
(309, 371)	1673
(325, 267)	1674
(332, 475)	1675
(51, 49)	1676
(104, 121)	1677
(266, 108)	1678
(1275, 1479)	1679
(258, 118)	1680
(287, 112)	1681
(318, 263)	1682
(256, 1146)	1683
(269, 613)	1684
(290, 528)	1685
(262, 97)	1686
(300, 319)	1687
(353, 1360)	1688
(262, 269)	1689
(289, 768)	1690
(453, 279)	1691
(373, 114)	1692
(275, 366)	1693
(1229, 1554)	1694
(323, 260)	1695
(1426, 260)	1696
(664, 1325)	1697
(109, 267)	1698
(256, 279)	1699
(309, 458)	1700
(324, 365)	1701
(1135, 115)	1702
(575, 499)	1703
(108, 498)	1704
(286, 287)	1705
(267, 121)	1706
(342, 668)	1707
(542, 292)	1708
(353, 600)	1709
(122, 260)	1710
(1436, 333)	1711
(97, 687)	1712
(284, 1076)	1713
(256, 121)	1714
(279, 623)	1715
(330, 103)	1716
(758, 618)	1717
(320, 697)	1718
(32, 412)	1719
(1320, 389)	1720
(1397, 292)	1721
(915, 1568)	1722
(1204, 339)	1723
(284, 114)	1724
(939, 317)	1725
(104, 602)	1726
(109, 115)	1727
(45, 119)	1728
(840, 1495)	1729
(100, 121)	1730
(98, 264)	1731
(1455, 498)	1732
(32, 36)	1733
(324, 358)	1734
(342, 102)	1735
(320, 343)	1736
(517, 116)	1737
(332, 1564)	1738
(289, 273)	1739
(119, 502)	1740
(396, 325)	1741
(396, 291)	1742
(387, 1726)	1743
(415, 116)	1744
(424, 157)	1745
(362, 506)	1746
(855, 445)	1747
(303, 457)	1748
(99, 363)	1749
(407, 115)	1750
(103, 111)	1751
(266, 267)	1752
(307, 343)	1753
(836, 304)	1754
(49, 582)	1755
(195, 168)	1756
(114, 419)	1757
(452, 111)	1758
(400, 99)	1759
(755, 645)	1760
(659, 117)	1761
(352, 458)	1762
(427, 273)	1763
(353, 1572)	1764
(32, 499)	1765
(454, 98)	1766
(32, 39)	1767
(774, 263)	1768
(1114, 376)	1769
(669, 841)	1770
(429, 291)	1771
(946, 399)	1772
(517, 668)	1773
(364, 421)	1774
(298, 344)	1775
(116, 105)	1776
(263, 417)	1777
(300, 474)	1778
(493, 101)	1779
(1485, 1668)	1780
(847, 267)	1781
(370, 108)	1782
(98, 115)	1783
(327, 267)	1784
(818, 901)	1785
(303, 108)	1786
(1350, 1037)	1787
(484, 1628)	1788
(74, 894)	1789
(1256, 267)	1790
(1504, 1043)	1791
(459, 1231)	1792
(111, 600)	1793
(1442, 785)	1794
(277, 259)	1795
(286, 111)	1796
(643, 336)	1797
(45, 116)	1798
(620, 115)	1799
(67, 65)	1800
(342, 618)	1801
(108, 291)	1802
(32, 88)	1803
(330, 280)	1804
(317, 102)	1805
(118, 304)	1806
(1428, 777)	1807
(1394, 488)	1808
(289, 325)	1809
(314, 1187)	1810
(32, 46)	1811
(274, 10)	1812
(294, 120)	1813
(360, 114)	1814
(45, 65)	1815
(1002, 325)	1816
(110, 97)	1817
(315, 1182)	1818
(1171, 1757)	1819
(918, 314)	1820
(1007, 260)	1821
(285, 947)	1822
(111, 499)	1823
(97, 433)	1824
(605, 1143)	1825
(897, 904)	1826
(758, 112)	1827
(264, 101)	1828
(284, 1516)	1829
(805, 592)	1830
(278, 99)	1831
(1416, 267)	1832
(98, 263)	1833
(365, 318)	1834
(103, 267)	1835
(384, 379)	1836
(281, 436)	1837
(264, 97)	1838
(320, 352)	1839
(818, 260)	1840
(98, 262)	1841
(1740, 260)	1842
(895, 1452)	1843
(492, 417)	1844
(111, 122)	1845
(362, 105)	1846
(671, 103)	1847
(283, 103)	1848
(107, 97)	1849
(1060, 1469)	1850
(295, 99)	1851
(1746, 262)	1852
(968, 115)	1853
(319, 280)	1854
(1437, 264)	1855
(110, 291)	1856
(986, 1388)	1857
(378, 283)	1858
(265, 971)	1859
(1241, 867)	1860
(99, 294)	1861
(728, 97)	1862
(275, 613)	1863
(1217, 1692)	1864
(429, 766)	1865
(1717, 449)	1866
(259, 400)	1867
(1111, 263)	1868
(944, 291)	1869
(483, 116)	1870
(372, 116)	1871
(838, 101)	1872
(118, 287)	1873
(1873, 1061)	1874
(454, 103)	1875
(83, 257)	1876
(863, 1340)	1877
(374, 260)	1878
(268, 1353)	1879
(976, 423)	1880
(324, 334)	1881
(1664, 156)	1882
(83, 65)	1883
(1196, 267)	1884
(907, 99)	1885
(655, 725)	1886
(581, 115)	1887
(305, 109)	1888
(844, 267)	1889
(352, 823)	1890
(32, 260)	1891
(307, 271)	1892
(655, 497)	1893
(432, 267)	1894
(343, 267)	1895
(634, 615)	1896
(53, 48)	1897
(257, 115)	1898
(115, 107)	1899
(391, 546)	1900
(315, 1761)	1901
(1561, 442)	1902
(289, 1539)	1903
(489, 101)	1904
(277, 1148)	1905
(285, 1032)	1906
(358, 121)	1907
(347, 446)	1908
(369, 69)	1909
(984, 564)	1910
(432, 115)	1911
(272, 1711)	1912
(320, 1575)	1913
(1235, 263)	1914
(361, 273)	1915
(1333, 399)	1916
(335, 782)	1917
(263, 262)	1918
(285, 615)	1919
(370, 469)	1920
(1250, 1043)	1921
(710, 259)	1922
(433, 101)	1923
(45, 99)	1924
(1430, 1081)	1925
(1607, 121)	1926
(330, 267)	1927
(1609, 115)	1928
(98, 1716)	1929
(393, 371)	1930
(302, 115)	1931
(411, 267)	1932
(1328, 294)	1933
(309, 423)	1934
(364, 101)	1935
(1233, 1355)	1936
(316, 263)	1937
(332, 951)	1938
(103, 667)	1939
(364, 1770)	1940
(97, 330)	1941
(100, 334)	1942
(105, 376)	1943
(331, 114)	1944
(455, 101)	1945
(39, 116)	1946
(1244, 259)	1947
(281, 515)	1948
(309, 689)	1949
(316, 121)	1950
(278, 104)	1951
(319, 306)	1952
(788, 594)	1953
(285, 397)	1954
(272, 304)	1955
(286, 1758)	1956
(923, 881)	1957
(122, 306)	1958
(812, 103)	1959
(716, 267)	1960
(1503, 825)	1961
(352, 260)	1962
(455, 112)	1963
(1820, 784)	1964
(32, 333)	1965
(556, 442)	1966
(521, 1618)	1967
(111, 294)	1968
(268, 759)	1969
(1748, 667)	1970
(272, 546)	1971
(468, 269)	1972
(361, 394)	1973
(279, 363)	1974
(65, 114)	1975
(102, 263)	1976
(1951, 1691)	1977
(1977, 990)	1978
(285, 306)	1979
(32, 376)	1980
(280, 116)	1981
(317, 374)	1982
(286, 467)	1983
(101, 118)	1984
(118, 269)	1985
(654, 499)	1986
(455, 264)	1987
(256, 376)	1988
(265, 449)	1989
(1612, 1796)	1990
(364, 1877)	1991
(329, 59)	1992
(443, 1263)	1993
(1562, 108)	1994
(331, 260)	1995
(284, 313)	1996
(1909, 993)	1997
(1574, 121)	1998
(411, 269)	1999
(299, 101)	2000
(362, 702)	2001
(1264, 291)	2002
(278, 981)	2003
(305, 98)	2004
(496, 115)	2005
(589, 122)	2006
(430, 116)	2007
(432, 101)	2008
(634, 351)	2009
(32, 45)	2010
(412, 435)	2011
(387, 562)	2012
(1788, 1867)	2013
(1673, 259)	2014
(383, 267)	2015
(284, 374)	2016
(1042, 400)	2017
(483, 110)	2018
(1701, 1958)	2019
(991, 10)	2020
(1900, 111)	2021
(103, 317)	2022
(1472, 750)	2023
(270, 98)	2024
(338, 97)	2025
(467, 112)	2026
(265, 259)	2027
(361, 345)	2028
(195, 179)	2029
(384, 264)	2030
(1343, 345)	2031
(725, 1762)	2032
(1851, 1998)	2033
(437, 341)	2034
(301, 365)	2035
(268, 103)	2036
(109, 456)	2037
(272, 466)	2038
(608, 115)	2039
(399, 115)	2040
(503, 841)	2041
(97, 101)	2042
(1347, 266)	2043
(929, 460)	2044
(285, 777)	2045
(271, 267)	2046
(1753, 1176)	2047
(108, 267)	2048
(315, 468)	2049
(1067, 280)	2050
(398, 464)	2051
(341, 110)	2052
(66, 421)	2053
(355, 1439)	2054
(102, 527)	2055
(280, 389)	2056
(105, 464)	2057
(749, 116)	2058
(295, 318)	2059
(324, 271)	2060
(258, 358)	2061
(281, 793)	2062
(306, 402)	2063
(309, 542)	2064
(1481, 1259)	2065
(110, 343)	2066
(356, 263)	2067
(333, 704)	2068
(303, 1207)	2069
(307, 480)	2070
(2070, 1910)	2071
(448, 100)	2072
(581, 291)	2073
(505, 1263)	2074
(1774, 1334)	2075
(514, 405)	2076
(111, 102)	2077
(549, 528)	2078
(331, 1001)	2079
(269, 112)	2080
(342, 707)	2081
(65, 518)	2082
(45, 102)	2083
(271, 109)	2084
(350, 111)	2085
(765, 105)	2086
(97, 600)	2087
(396, 121)	2088
(411, 748)	2089
(360, 656)	2090
(324, 287)	2091
(2018, 280)	2092
(309, 263)	2093
(278, 106)	2094
(264, 99)	2095
(277, 737)	2096
(1154, 1113)	2097
(121, 101)	2098
(309, 99)	2099
(527, 291)	2100
(443, 115)	2101
(266, 99)	2102
(116, 280)	2103
(591, 301)	2104
(2069, 670)	2105
(391, 1331)	2106
(272, 314)	2107
(819, 366)	2108
(307, 381)	2109
(100, 294)	2110
(1123, 376)	2111
(1016, 1067)	2112
(118, 1059)	2113
(315, 414)	2114
(34, 41)	2115
(279, 442)	2116
(110, 468)	2117
(523, 115)	2118
(1100, 263)	2119
(117, 107)	2120
(625, 110)	2121
(121, 109)	2122
(608, 121)	2123
(315, 442)	2124
(323, 809)	2125
(391, 280)	2126
(347, 1987)	2127
(940, 676)	2128
(74, 697)	2129
(1288, 264)	2130
(1959, 557)	2131
(1875, 606)	2132
(1901, 627)	2133
(1307, 1409)	2134
(104, 305)	2135
(1454, 1083)	2136
(299, 365)	2137
(1408, 1880)	2138
(963, 703)	2139
(32, 194)	2140
(459, 1956)	2141
(512, 689)	2142
(45, 112)	2143
(315, 727)	2144
(826, 107)	2145
(320, 647)	2146
(332, 114)	2147
(1033, 294)	2148
(999, 596)	2149
(101, 398)	2150
(353, 1974)	2151
(268, 101)	2152
(460, 339)	2153
(306, 271)	2154
(711, 688)	2155
(1149, 1665)	2156
(2006, 1323)	2157
(745, 267)	2158
(1018, 118)	2159
(473, 97)	2160
(310, 98)	2161
(1008, 294)	2162
(355, 743)	2163
(376, 267)	2164
(264, 759)	2165
(787, 280)	2166
(1244, 1025)	2167
(315, 761)	2168
(263, 267)	2169
(1787, 115)	2170
(65, 115)	2171
(455, 116)	2172
(1095, 457)	2173
(361, 271)	2174
(1872, 751)	2175
(741, 260)	2176
(1356, 1874)	2177
(1410, 1289)	2178
(260, 502)	2179
(1419, 752)	2180
(103, 117)	2181
(258, 1914)	2182
(265, 1150)	2183
(905, 115)	2184
(256, 2068)	2185
(1816, 823)	2186
(692, 313)	2187
(1680, 737)	2188
(478, 115)	2189
(260, 345)	2190
(290, 631)	2191
(349, 104)	2192
(907, 530)	2193
(263, 260)	2194
(324, 317)	2195
(559, 260)	2196
(300, 1712)	2197
(452, 269)	2198
(112, 115)	2199
(350, 1150)	2200
(1584, 423)	2201
(488, 267)	2202
(384, 267)	2203
(1476, 316)	2204
(277, 333)	2205
(290, 1589)	2206
(1451, 504)	2207
(271, 573)	2208
(65, 108)	2209
(450, 1363)	2210
(453, 108)	2211
(1345, 279)	2212
(599, 57)	2213
(195, 164)	2214
(381, 98)	2215
(117, 317)	2216
(287, 415)	2217
(105, 314)	2218
(344, 264)	2219
(1009, 115)	2220
(625, 2022)	2221
(286, 269)	2222
(45, 83)	2223
(384, 316)	2224
(466, 1655)	2225
(257, 109)	2226
(298, 456)	2227
(1213, 115)	2228
(289, 452)	2229
(2188, 802)	2230
(387, 525)	2231
(290, 351)	2232
(384, 871)	2233
(52, 48)	2234
(679, 115)	2235
(552, 499)	2236
(279, 269)	2237
(278, 1194)	2238
(265, 392)	2239
(282, 1193)	2240
(750, 115)	2241
(315, 1621)	2242
(285, 1377)	2243
(1440, 2154)	2244
(2207, 1310)	2245
(281, 449)	2246
(280, 111)	2247
(1254, 1624)	2248
(272, 493)	2249
(387, 413)	2250
(453, 339)	2251
(289, 1502)	2252
(1267, 689)	2253
(349, 103)	2254
(348, 359)	2255
(32, 317)	2256
(98, 1627)	2257
(1464, 1167)	2258
(406, 419)	2259
(97, 351)	2260
(362, 586)	2261
(922, 339)	2262
(1661, 310)	2263
(430, 1457)	2264
(473, 919)	2265
(732, 115)	2266
(356, 2134)	2267
(855, 442)	2268
(85, 110)	2269
(258, 600)	2270
(295, 118)	2271
(69, 108)	2272
(46, 46)	2273
(391, 1823)	2274
(272, 262)	2275
(295, 112)	2276
(978, 259)	2277
(1015, 354)	2278
(324, 1351)	2279
(1142, 471)	2280
(521, 110)	2281
(2035, 390)	2282
(324, 260)	2283
(293, 103)	2284
(2284, 1307)	2285
(65, 98)	2286
(1208, 682)	2287
(350, 305)	2288
(1132, 1118)	2289
(412, 116)	2290
(332, 407)	2291
(256, 702)	2292
(290, 109)	2293
(426, 699)	2294
(265, 376)	2295
(818, 291)	2296
(258, 2079)	2297
(281, 280)	2298
(1713, 390)	2299
(32, 10)	2300
(272, 107)	2301
(983, 115)	2302
(1438, 2245)	2303
(195, 182)	2304
(1219, 266)	2305
(1300, 858)	2306
(108, 260)	2307
(109, 262)	2308
(315, 97)	2309
(657, 316)	2310
(1060, 1953)	2311
(342, 280)	2312
(1720, 115)	2313
(310, 273)	2314
(408, 829)	2315
(307, 421)	2316
(350, 458)	2317
(32, 195)	2318
(495, 115)	2319
(98, 374)	2320
(729, 326)	2321
(360, 77)	2322
(323, 1669)	2323
(1328, 573)	2324
(87, 570)	2325
(509, 10)	2326
(2221, 269)	2327
(1467, 390)	2328
(420, 273)	2329
(353, 469)	2330
(299, 114)	2331
(277, 339)	2332
(115, 99)	2333
(684, 499)	2334
(299, 86)	2335
(1906, 1378)	2336
(310, 97)	2337
(286, 105)	2338
(404, 264)	2339
(663, 1075)	2340
(298, 1742)	2341
(259, 468)	2342
(293, 2103)	2343
(303, 263)	2344
(566, 859)	2345
(319, 266)	2346
(1096, 115)	2347
(484, 2032)	2348
(747, 2281)	2349
(272, 336)	2350
(1885, 1318)	2351
(1371, 267)	2352
(1509, 693)	2353
(631, 304)	2354
(361, 677)	2355
(285, 358)	2356
(500, 779)	2357
(1558, 121)	2358
(102, 1162)	2359
(112, 269)	2360
(287, 119)	2361
(121, 97)	2362
(281, 688)	2363
(450, 659)	2364
(353, 493)	2365
(517, 112)	2366
(407, 269)	2367
(384, 376)	2368
(1415, 1429)	2369
(1171, 1862)	2370
(102, 1603)	2371
(281, 1151)	2372
(486, 394)	2373
(330, 115)	2374
(1530, 267)	2375
(258, 447)	2376
(348, 491)	2377
(355, 1926)	2378
(350, 267)	2379
(365, 259)	2380
(300, 317)	2381
(719, 287)	2382
(309, 326)	2383
(314, 339)	2384
(1699, 294)	2385
(97, 317)	2386
(290, 449)	2387
(336, 558)	2388
(416, 649)	2389
(358, 341)	2390
(257, 317)	2391
(283, 121)	2392
(1343, 471)	2393
(1104, 121)	2394
(1164, 274)	2395
(105, 287)	2396
(915, 557)	2397
(277, 486)	2398
(763, 262)	2399
(459, 713)	2400
(286, 345)	2401
(372, 103)	2402
(32, 38)	2403
(1035, 471)	2404
(1632, 842)	2405
(864, 645)	2406
(45, 98)	2407
(335, 1579)	2408
(439, 101)	2409
(503, 474)	2410
(284, 344)	2411
(270, 559)	2412
(1402, 397)	2413
(1215, 115)	2414
(381, 110)	2415
(1557, 267)	2416
(332, 101)	2417
(962, 2113)	2418
(321, 759)	2419
(320, 2050)	2420
(304, 339)	2421
(2246, 680)	2422
(527, 115)	2423
(1260, 306)	2424
(272, 1240)	2425
(103, 271)	2426
(109, 268)	2427
(1333, 121)	2428
(599, 55)	2429
(289, 497)	2430
(543, 573)	2431
(289, 809)	2432
(360, 108)	2433
(711, 112)	2434
(264, 105)	2435
(277, 1273)	2436
(117, 600)	2437
(1989, 267)	2438
(1705, 2389)	2439
(362, 383)	2440
(273, 97)	2441
(473, 273)	2442
(2329, 803)	2443
(118, 1186)	2444
(99, 588)	2445
(267, 785)	2446
(803, 345)	2447
(32, 539)	2448
(733, 2100)	2449
(1339, 115)	2450
(827, 389)	2451
(949, 260)	2452
(99, 748)	2453
(1908, 486)	2454
(679, 112)	2455
(998, 452)	2456
(409, 1384)	2457
(347, 114)	2458
(309, 262)	2459
(66, 67)	2460
(473, 101)	2461
(473, 268)	2462
(309, 536)	2463
(940, 264)	2464
(1474, 260)	2465
(315, 496)	2466
(454, 1183)	2467
(289, 1638)	2468
(1042, 399)	2469
(298, 455)	2470
(2470, 1117)	2471
(329, 41)	2472
(1251, 97)	2473
(324, 401)	2474
(121, 437)	2475
(353, 1055)	2476
(1775, 1486)	2477
(2376, 627)	2478
(272, 1860)	2479
(824, 121)	2480
(300, 336)	2481
(932, 111)	2482
(280, 102)	2483
(342, 2089)	2484
(80, 114)	2485
(719, 108)	2486
(281, 1590)	2487
(303, 469)	2488
(118, 264)	2489
(1111, 267)	2490
(289, 271)	2491
(298, 1791)	2492
(1152, 569)	2493
(355, 1741)	2494
(117, 354)	2495
(281, 1952)	2496
(1352, 1604)	2497
(420, 449)	2498
(303, 2282)	2499
(330, 116)	2500
(66, 108)	2501
(290, 1524)	2502
(259, 105)	2503
(1202, 525)	2504
(111, 101)	2505
(2146, 280)	2506
(395, 259)	2507
(293, 111)	2508
(100, 97)	2509
(1321, 1161)	2510
(1380, 399)	2511
(298, 898)	2512
(277, 326)	2513
(283, 336)	2514
(285, 809)	2515
(65, 1883)	2516
(355, 266)	2517
(307, 305)	2518
(873, 101)	2519
(348, 709)	2520
(484, 2142)	2521
(323, 673)	2522
(303, 1597)	2523
(324, 121)	2524
(1886, 267)	2525
(315, 267)	2526
(99, 379)	2527
(98, 317)	2528
(2288, 1972)	2529
(269, 99)	2530
(685, 121)	2531
(313, 269)	2532
(384, 117)	2533
(97, 358)	2534
(503, 619)	2535
(327, 389)	2536
(361, 374)	2537
(310, 291)	2538
(268, 97)	2539
(350, 104)	2540
(265, 325)	2541
(428, 115)	2542
(358, 269)	2543
(256, 287)	2544
(275, 99)	2545
(105, 1779)	2546
(2086, 407)	2547
(350, 2166)	2548
(430, 98)	2549
(1119, 572)	2550
(716, 269)	2551
(332, 697)	2552
(32, 122)	2553
(1283, 336)	2554
(1839, 317)	2555
(118, 97)	2556
(269, 101)	2557
(300, 565)	2558
(69, 100)	2559
(398, 104)	2560
(1381, 432)	2561
(347, 260)	2562
(110, 121)	2563
(290, 415)	2564
(117, 279)	2565
(1092, 399)	2566
(1398, 373)	2567
(405, 99)	2568
(277, 1294)	2569
(1418, 101)	2570
(1934, 557)	2571
(429, 325)	2572
(384, 1006)	2573
(1030, 264)	2574
(303, 294)	2575
(1467, 103)	2576
(395, 505)	2577
(98, 615)	2578
(517, 1902)	2579
(65, 67)	2580
(99, 1982)	2581
(1482, 1656)	2582
(1258, 1543)	2583
(358, 260)	2584
(510, 115)	2585
(284, 105)	2586
(728, 107)	2587
(102, 486)	2588
(284, 527)	2589
(119, 376)	2590
(119, 264)	2591
(1142, 280)	2592
(266, 291)	2593
(571, 115)	2594
(284, 275)	2595
(117, 122)	2596
(2197, 366)	2597
(441, 268)	2598
(492, 588)	2599
(921, 115)	2600
(420, 990)	2601
(272, 119)	2602
(897, 457)	2603
(110, 338)	2604
(303, 114)	2605
(281, 469)	2606
(309, 316)	2607
(418, 292)	2608
(309, 1502)	2609
(272, 530)	2610
(484, 314)	2611
(1214, 595)	2612
(289, 542)	2613
(1169, 267)	2614
(271, 105)	2615
(44, 34)	2616
(361, 627)	2617
(281, 919)	2618
(300, 466)	2619
(662, 339)	2620
(732, 1203)	2621
(1267, 2057)	2622
(361, 1335)	2623
(309, 306)	2624
(452, 264)	2625
(285, 851)	2626
(1700, 2219)	2627
(346, 829)	2628
(1939, 442)	2629
(1847, 1678)	2630
(1728, 2391)	2631
(655, 567)	2632
(935, 267)	2633
(1709, 533)	2634
(2096, 534)	2635
(1052, 564)	2636
(107, 267)	2637
(278, 1183)	2638
(407, 101)	2639
(45, 2475)	2640
(639, 319)	2641
(335, 766)	2642
(290, 466)	2643
(327, 108)	2644
(277, 669)	2645
(438, 101)	2646
(459, 2519)	2647
(1850, 269)	2648
(983, 967)	2649
(1918, 396)	2650
(2650, 1331)	2651
(1891, 1744)	2652
(394, 115)	2653
(1456, 267)	2654
(298, 121)	2655
(265, 1684)	2656
(107, 109)	2657
(281, 358)	2658
(289, 2531)	2659
(420, 264)	2660
(260, 291)	2661
(265, 437)	2662
(289, 1193)	2663
(54, 48)	2664
(663, 341)	2665
(672, 1895)	2666
(114, 100)	2667
(362, 273)	2668
(323, 443)	2669
(315, 343)	2670
(482, 2052)	2671
(114, 345)	2672
(404, 685)	2673
(473, 1301)	2674
(1954, 759)	2675
(277, 412)	2676
(430, 954)	2677
(263, 114)	2678
(643, 383)	2679
(277, 496)	2680
(323, 1038)	2681
(1815, 2259)	2682
(365, 103)	2683
(46, 67)	2684
(1071, 260)	2685
(119, 650)	2686
(108, 873)	2687
(324, 376)	2688
(439, 1706)	2689
(676, 275)	2690
(284, 283)	2691
(668, 334)	2692
(939, 513)	2693
(724, 1194)	2694
(387, 98)	2695
(32, 546)	2696
(268, 449)	2697
(348, 527)	2698
(884, 496)	2699
(290, 352)	2700
(379, 97)	2701
(2224, 602)	2702
(107, 105)	2703
(1304, 1654)	2704
(411, 257)	2705
(350, 401)	2706
(453, 263)	2707
(2578, 1937)	2708
(315, 1329)	2709
(729, 1654)	2710
(1769, 498)	2711
(1538, 708)	2712
(108, 449)	2713
(575, 108)	2714
(311, 2581)	2715
(66, 65)	2716
(1273, 481)	2717
(1616, 1059)	2718
(1617, 718)	2719
(1509, 304)	2720
(1226, 376)	2721
(350, 269)	2722
(684, 291)	2723
(281, 656)	2724
(391, 421)	2725
(272, 2074)	2726
(381, 304)	2727
(324, 67)	2728
(494, 291)	2729
(325, 269)	2730
(391, 266)	2731
(256, 392)	2732
(906, 2287)	2733
(1808, 345)	2734
(310, 121)	2735
(907, 1423)	2736
(1066, 352)	2737
(284, 751)	2738
(324, 2157)	2739
(459, 1450)	2740
(2009, 414)	2741
(389, 878)	2742
(107, 110)	2743
(373, 264)	2744
(323, 336)	2745
(285, 1608)	2746
(285, 111)	2747
(289, 799)	2748
(1463, 2116)	2749
(284, 1407)	2750
(362, 97)	2751
(1522, 286)	2752
(655, 2092)	2753
(347, 351)	2754
(286, 121)	2755
(290, 695)	2756
(327, 262)	2757
(360, 2217)	2758
(988, 2176)	2759
(347, 2628)	2760
(309, 2439)	2761
(304, 280)	2762
(1846, 372)	2763
(2568, 306)	2764
(397, 358)	2765
(2765, 2697)	2766
(1062, 618)	2767
(2700, 1104)	2768
(765, 1494)	2769
(952, 269)	2770
(2574, 486)	2771
(324, 268)	2772
(1996, 2342)	2773
(315, 866)	2774
(1801, 267)	2775
(361, 462)	2776
(323, 2712)	2777
(1052, 1784)	2778
(643, 536)	2779
(537, 1841)	2780
(1884, 268)	2781
(70, 67)	2782
(2554, 594)	2783
(1179, 499)	2784
(452, 115)	2785
(450, 1316)	2786
(377, 2037)	2787
(1634, 260)	2788
(360, 428)	2789
(256, 268)	2790
(510, 343)	2791
(2038, 460)	2792
(639, 267)	2793
(1511, 703)	2794
(112, 294)	2795
(300, 305)	2796
(483, 115)	2797
(116, 731)	2798
(360, 951)	2799
(2533, 294)	2800
(721, 686)	2801
(1016, 336)	2802
(257, 316)	2803
(427, 752)	2804
(278, 331)	2805
(258, 750)	2806
(439, 269)	2807
(277, 650)	2808
(285, 359)	2809
(1586, 415)	2810
(104, 650)	2811
(302, 557)	2812
(2743, 474)	2813
(387, 1395)	2814
(259, 267)	2815
(289, 615)	2816
(438, 97)	2817
(287, 121)	2818
(810, 2482)	2819
(272, 398)	2820
(298, 313)	2821
(103, 304)	2822
(116, 97)	2823
(300, 333)	2824
(70, 504)	2825
(281, 751)	2826
(83, 104)	2827
(98, 346)	2828
(701, 904)	2829
(32, 216)	2830
(1008, 1388)	2831
(2264, 1727)	2832
(840, 1704)	2833
(32, 421)	2834
(2266, 2262)	2835
(309, 313)	2836
(1707, 1932)	2837
(256, 745)	2838
(101, 280)	2839
(1210, 400)	2840
(327, 97)	2841
(309, 456)	2842
(792, 1399)	2843
(925, 317)	2844
(109, 97)	2845
(387, 600)	2846
(281, 1373)	2847
(290, 1824)	2848
(1338, 695)	2849
(305, 260)	2850
(2309, 326)	2851
(281, 2187)	2852
(595, 313)	2853
(303, 394)	2854
(1979, 338)	2855
(696, 109)	2856
(2856, 676)	2857
(2857, 830)	2858
(108, 352)	2859
(111, 341)	2860
(348, 67)	2861
(535, 1686)	2862
(82, 65)	2863
(320, 262)	2864
(420, 1999)	2865
(278, 1658)	2866
(1826, 534)	2867
(1967, 121)	2868
(285, 455)	2869
(1086, 1400)	2870
(864, 373)	2871
(906, 1421)	2872
(32, 44)	2873
(1683, 573)	2874
(282, 2354)	2875
(365, 119)	2876
(2076, 103)	2877
(321, 596)	2878
(51, 53)	2879
(45, 77)	2880
(121, 294)	2881
(256, 2598)	2882
(284, 111)	2883
(284, 2536)	2884
(550, 432)	2885
(272, 333)	2886
(328, 327)	2887
(492, 101)	2888
(309, 325)	2889
(332, 108)	2890
(112, 371)	2891
(55, 53)	2892
(303, 706)	2893
(314, 286)	2894
(741, 97)	2895
(310, 275)	2896
(283, 305)	2897
(277, 1032)	2898
(322, 354)	2899
(283, 269)	2900
(2212, 1603)	2901
(271, 417)	2902
(512, 264)	2903
(309, 383)	2904
(195, 188)	2905
(500, 1056)	2906
(290, 280)	2907
(941, 103)	2908
(315, 498)	2909
(281, 294)	2910
(342, 316)	2911
(2820, 271)	2912
(376, 115)	2913
(277, 392)	2914
(1170, 294)	2915
(347, 383)	2916
(1321, 608)	2917
(324, 513)	2918
(2821, 2320)	2919
(97, 445)	2920
(441, 346)	2921
(298, 262)	2922
(279, 341)	2923
(106, 97)	2924
(1190, 460)	2925
(918, 108)	2926
(1110, 865)	2927
(299, 1034)	2928
(586, 97)	2929
(271, 112)	2930
(567, 713)	2931
(370, 1580)	2932
(739, 763)	2933
(309, 452)	2934
(290, 305)	2935
(721, 119)	2936
(1007, 291)	2937
(271, 399)	2938
(1766, 358)	2939
(295, 2449)	2940
(464, 115)	2941
(1014, 816)	2942
(2638, 495)	2943
(353, 112)	2944
(76, 101)	2945
(324, 2373)	2946
(298, 2225)	2947
(2339, 788)	2948
(323, 273)	2949
(274, 274)	2950
(779, 374)	2951
(484, 280)	2952
(328, 110)	2953
(279, 97)	2954
(1018, 102)	2955
(111, 544)	2956
(441, 260)	2957
(100, 101)	2958
(65, 116)	2959
(527, 264)	2960
(356, 2516)	2961
(293, 330)	2962
(2185, 1163)	2963
(1313, 110)	2964
(277, 327)	2965
(999, 390)	2966
(256, 802)	2967
(663, 2862)	2968
(108, 1540)	2969
(117, 334)	2970
(286, 471)	2971
(114, 334)	2972
(1022, 102)	2973
(634, 383)	2974
(1827, 287)	2975
(319, 325)	2976
(73, 73)	2977
(316, 269)	2978
(1035, 344)	2979
(324, 330)	2980
(350, 97)	2981
(298, 374)	2982
(612, 115)	2983
(309, 260)	2984
(1169, 115)	2985
(45, 104)	2986
(290, 1292)	2987
(307, 317)	2988
(1463, 718)	2989
(516, 291)	2990
(1271, 707)	2991
(360, 606)	2992
(2369, 2202)	2993
(860, 313)	2994
(335, 878)	2995
(599, 53)	2996
(300, 376)	2997
(108, 305)	2998
(195, 167)	2999
(1552, 111)	3000
(309, 268)	3001
(2549, 2251)	3002
(1714, 734)	3003
(1009, 121)	3004
(298, 2483)	3005
(1055, 105)	3006
(450, 371)	3007
(2053, 2257)	3008
(307, 338)	3009
(1147, 267)	3010
(289, 121)	3011
(2317, 428)	3012
(556, 291)	3013
(281, 1870)	3014
(311, 859)	3015
(281, 327)	3016
(258, 495)	3017
(284, 886)	3018
(3018, 116)	3019
(289, 496)	3020
(85, 86)	3021
(290, 675)	3022
(330, 402)	3023
(278, 2204)	3024
(2179, 677)	3025
(2630, 865)	3026
(259, 336)	3027
(719, 1377)	3028
(373, 628)	3029
(355, 373)	3030
(1303, 339)	3031
(439, 267)	3032
(504, 341)	3033
(707, 693)	3034
(591, 437)	3035
(464, 271)	3036
(256, 1444)	3037
(280, 416)	3038
(278, 102)	3039
(429, 669)	3040
(489, 2101)	3041
(259, 703)	3042
(309, 615)	3043
(394, 101)	3044
(356, 1993)	3045
(969, 292)	3046
(2575, 2951)	3047
(487, 115)	3048
(355, 334)	3049
(99, 1113)	3050
(313, 280)	3051
(483, 105)	3052
(895, 121)	3053
(1202, 316)	3054
(79, 78)	3055
(277, 1025)	3056
(880, 2445)	3057
(792, 455)	3058
(336, 807)	3059
(2517, 1297)	3060
(348, 114)	3061
(1482, 414)	3062
(66, 83)	3063
(272, 752)	3064
(741, 498)	3065
(122, 97)	3066
(460, 115)	3067
(2457, 1287)	3068
(45, 656)	3069
(1029, 260)	3070
(2725, 627)	3071
(412, 102)	3072
(391, 969)	3073
(272, 586)	3074
(355, 336)	3075
(114, 467)	3076
(272, 1435)	3077
(353, 496)	3078
(277, 344)	3079
(2413, 1414)	3080
(257, 469)	3081
(1218, 565)	3082
(286, 585)	3083
(370, 294)	3084
(105, 383)	3085
(1017, 260)	3086
(1831, 283)	3087
(1947, 585)	3088
(732, 399)	3089
(690, 1864)	3090
(116, 432)	3091
(885, 306)	3092
(118, 346)	3093
(315, 351)	3094
(860, 260)	3095
(330, 417)	3096
(82, 104)	3097
(290, 260)	3098
(818, 101)	3099
(32, 35)	3100
(1522, 825)	3101
(473, 120)	3102
(265, 527)	3103
(265, 650)	3104
(284, 316)	3105
(360, 1629)	3106
(289, 330)	3107
(517, 704)	3108
(1270, 373)	3109
(45, 109)	3110
(315, 854)	3111
(2432, 336)	3112
(488, 696)	3113
(323, 689)	3114
(277, 2263)	3115
(84, 119)	3116
(1210, 280)	3117
(394, 1677)	3118
(1405, 1678)	3119
(1285, 539)	3120
(281, 453)	3121
(324, 1001)	3122
(1481, 112)	3123
(1221, 1864)	3124
(118, 1037)	3125
(2636, 478)	3126
(278, 2447)	3127
(303, 567)	3128
(324, 874)	3129
(391, 1037)	3130
(2696, 97)	3131
(295, 1813)	3132
(3006, 1063)	3133
(454, 398)	3134
(109, 291)	3135
(316, 111)	3136
(309, 2008)	3137
(396, 269)	3138
(317, 909)	3139
(434, 1038)	3140
(352, 97)	3141
(3051, 333)	3142
(303, 480)	3143
(2064, 3052)	3144
(1769, 259)	3145
(289, 1631)	3146
(1380, 400)	3147
(324, 421)	3148
(787, 97)	3149
(279, 1749)	3150
(98, 727)	3151
(1710, 98)	3152
(3152, 1105)	3153
(3153, 106)	3154
(303, 80)	3155
(434, 271)	3156
(356, 2716)	3157
(356, 2098)	3158
(2346, 397)	3159
(369, 114)	3160
(32, 330)	3161
(119, 485)	3162
(117, 268)	3163
(1072, 1856)	3164
(307, 392)	3165
(554, 1075)	3166
(294, 558)	3167
(523, 1599)	3168
(1557, 431)	3169
(298, 656)	3170
(115, 260)	3171
(82, 101)	3172
(285, 101)	3173
(319, 1004)	3174
(281, 394)	3175
(1292, 313)	3176
(792, 496)	3177
(315, 947)	3178
(112, 283)	3179
(2112, 269)	3180
(314, 107)	3181
(304, 292)	3182
(589, 365)	3183
(262, 400)	3184
(2893, 2894)	3185
(657, 537)	3186
(1093, 345)	3187
(55, 48)	3188
(450, 1450)	3189
(459, 2208)	3190
(295, 103)	3191
(837, 260)	3192
(1391, 798)	3193
(309, 280)	3194
(275, 121)	3195
(1236, 2051)	3196
(264, 562)	3197
(2249, 1108)	3198
(512, 111)	3199
(836, 994)	3200
(104, 97)	3201
(543, 119)	3202
(3004, 260)	3203
(286, 688)	3204
(2679, 260)	3205
(1226, 314)	3206
(559, 267)	3207
(273, 286)	3208
(1254, 1318)	3209
(421, 260)	3210
(342, 493)	3211
(107, 268)	3212
(599, 56)	3213
(1408, 506)	3214
(1649, 1890)	3215
(1687, 1674)	3216
(115, 1591)	3217
(3217, 2489)	3218
(3218, 400)	3219
(263, 629)	3220
(316, 97)	3221
(326, 1161)	3222
(2753, 373)	3223
(1700, 2386)	3224
(2387, 97)	3225
(57, 48)	3226
(383, 718)	3227
(975, 115)	3228
(1406, 1176)	3229
(65, 82)	3230
(2270, 533)	3231
(3032, 399)	3232
(57, 54)	3233
(1600, 115)	3234
(367, 2637)	3235
(285, 410)	3236
(2619, 2727)	3237
(285, 456)	3238
(1925, 399)	3239
(2398, 291)	3240
(360, 111)	3241
(841, 2703)	3242
(365, 112)	3243
(469, 286)	3244
(355, 269)	3245
(2090, 268)	3246
(1170, 267)	3247
(118, 259)	3248
(325, 115)	3249
(324, 433)	3250
(1413, 1518)	3251
(1275, 269)	3252
(448, 1494)	3253
(2562, 3142)	3254
(360, 697)	3255
(356, 715)	3256
(747, 304)	3257
(74, 264)	3258
(306, 339)	3259
(2205, 1128)	3260
(2853, 3059)	3261
(1062, 2687)	3262
(2576, 400)	3263
(76, 97)	3264
(356, 2863)	3265
(316, 1541)	3266
(289, 338)	3267
(376, 1854)	3268
(310, 269)	3269
(78, 65)	3270
(364, 306)	3271
(826, 99)	3272
(2192, 669)	3273
(1402, 457)	3274
(1236, 2976)	3275
(314, 102)	3276
(289, 1888)	3277
(586, 107)	3278
(78, 69)	3279
(338, 901)	3280
(737, 115)	3281
(369, 2196)	3282
(362, 947)	3283
(117, 390)	3284
(353, 1580)	3285
(657, 1235)	3286
(643, 108)	3287
(517, 1533)	3288
(377, 2241)	3289
(2364, 267)	3290
(307, 268)	3291
(114, 291)	3292
(361, 685)	3293
(1944, 1102)	3294
(289, 688)	3295
(397, 118)	3296
(455, 260)	3297
(1172, 118)	3298
(118, 1810)	3299
(589, 101)	3300
(45, 67)	3301
(963, 269)	3302
(111, 266)	3303
(260, 592)	3304
(1980, 2211)	3305
(108, 468)	3306
(303, 680)	3307
(354, 264)	3308
(1264, 766)	3309
(1925, 400)	3310
(320, 498)	3311
(430, 704)	3312
(824, 602)	3313
(333, 617)	3314
(362, 614)	3315
(119, 546)	3316
(657, 565)	3317
(510, 291)	3318
(1016, 1163)	3319
(281, 2561)	3320
(45, 80)	3321
(195, 163)	3322
(2681, 3219)	3323
(290, 326)	3324
(272, 279)	3325
(394, 363)	3326
(609, 286)	3327
(119, 614)	3328
(100, 268)	3329
(265, 1869)	3330
(988, 572)	3331
(900, 2828)	3332
(941, 2625)	3333
(447, 116)	3334
(657, 3113)	3335
(282, 1776)	3336
(421, 97)	3337
(1011, 115)	3338
(355, 957)	3339
(1338, 2925)	3340
(355, 2390)	3341
(287, 544)	3342
(117, 102)	3343
(277, 736)	3344
(277, 606)	3345
(657, 467)	3346
(74, 587)	3347
(272, 1524)	3348
(364, 334)	3349
(74, 540)	3350
(114, 105)	3351
(261, 677)	3352
(850, 101)	3353
(929, 1093)	3354
(332, 2644)	3355
(352, 346)	3356
(1600, 291)	3357
(289, 1705)	3358
(421, 267)	3359
(705, 2392)	3360
(560, 984)	3361
(277, 564)	3362
(365, 113)	3363
(3058, 680)	3364
(73, 115)	3365
(1632, 1907)	3366
(2140, 177)	3367
(663, 807)	3368
(197, 130)	3369
(279, 1710)	3370
(3043, 3261)	3371
(1931, 1266)	3372
(2456, 260)	3373
(2297, 2534)	3374
(926, 2785)	3375
(45, 1497)	3376
(472, 2969)	3377
(360, 2717)	3378
(295, 1923)	3379
(613, 336)	3380
(73, 86)	3381
(289, 614)	3382
(643, 264)	3383
(3383, 417)	3384
(906, 338)	3385
(112, 271)	3386
(517, 373)	3387
(1041, 115)	3388
(279, 627)	3389
(115, 1805)	3390
(1973, 1118)	3391
(284, 330)	3392
(429, 2150)	3393
(500, 475)	3394
(441, 104)	3395
(281, 1449)	3396
(265, 546)	3397
(320, 443)	3398
(1441, 994)	3399
(434, 104)	3400
(549, 2538)	3401
(503, 633)	3402
(529, 343)	3403
(281, 330)	3404
(1095, 550)	3405
(370, 595)	3406
(1948, 121)	3407
(1064, 116)	3408
(370, 1863)	3409
(1271, 108)	3410
(307, 3183)	3411
(3411, 688)	3412
(281, 301)	3413
(272, 381)	3414
(1242, 101)	3415
(103, 114)	3416
(320, 496)	3417
(2007, 533)	3418
(370, 1138)	3419
(2476, 708)	3420
(837, 1081)	3421
(56, 48)	3422
(273, 1004)	3423
(315, 970)	3424
(256, 1126)	3425
(312, 48)	3426
(272, 2122)	3427
(962, 109)	3428
(1544, 97)	3429
(353, 273)	3430
(332, 365)	3431
(664, 318)	3432
(1190, 467)	3433
(37, 46)	3434
(2916, 2560)	3435
(500, 469)	3436
(2383, 458)	3437
(3322, 111)	3438
(1807, 267)	3439
(599, 52)	3440
(562, 381)	3441
(1672, 266)	3442
(571, 417)	3443
(1456, 996)	3444
(3114, 1759)	3445
(324, 917)	3446
(291, 260)	3447
(457, 1842)	3448
(1057, 115)	3449
(397, 1751)	3450
(2898, 306)	3451
(729, 1878)	3452
(856, 286)	3453
(383, 104)	3454
(2474, 793)	3455
(119, 104)	3456
(774, 833)	3457
(725, 807)	3458
(1200, 267)	3459
(920, 317)	3460
(290, 107)	3461
(334, 1613)	3462
(290, 97)	3463
(287, 859)	3464
(1240, 291)	3465
(332, 442)	3466
(257, 108)	3467
(795, 878)	3468
(355, 117)	3469
(1253, 376)	3470
(381, 101)	3471
(678, 453)	3472
(3472, 1523)	3473
(356, 2088)	3474
(434, 481)	3475
(464, 260)	3476
(272, 1423)	3477
(1795, 1400)	3478
(286, 267)	3479
(351, 115)	3480
(1884, 486)	3481
(558, 268)	3482
(489, 304)	3483
(1103, 1674)	3484
(87, 104)	3485
(741, 105)	3486
(285, 1834)	3487
(2184, 112)	3488
(434, 304)	3489
(277, 2446)	3490
(387, 462)	3491
(393, 2056)	3492
(545, 100)	3493
(514, 301)	3494
(279, 366)	3495
(311, 3363)	3496
(271, 366)	3497
(1596, 938)	3498
(68, 1741)	3499
(343, 97)	3500
(98, 105)	3501
(370, 109)	3502
(360, 280)	3503
(324, 863)	3504
(355, 319)	3505
(560, 2858)	3506
(1098, 121)	3507
(1154, 338)	3508
(2191, 693)	3509
(84, 2646)	3510
(121, 262)	3511
(74, 351)	3512
(286, 696)	3513
(324, 267)	3514
(923, 376)	3515
(1283, 97)	3516
(303, 3055)	3517
(294, 670)	3518
(277, 1162)	3519
(1304, 326)	3520
(260, 773)	3521
(1258, 535)	3522
(54, 53)	3523
(80, 104)	3524
(286, 498)	3525
(1454, 263)	3526
(1277, 865)	3527
(307, 515)	3528
(815, 1262)	3529
(83, 67)	3530
(1683, 294)	3531
(281, 456)	3532
(1775, 363)	3533
(45, 72)	3534
(387, 115)	3535
(1242, 334)	3536
(268, 477)	3537
(1713, 1461)	3538
(2242, 115)	3539
(663, 107)	3540
(1076, 390)	3541
(571, 286)	3542
(2418, 339)	3543
(281, 257)	3544
(321, 354)	3545
(1496, 1373)	3546
(2889, 2110)	3547
(923, 851)	3548
(279, 264)	3549
(309, 111)	3550
(279, 1923)	3551
(1018, 1088)	3552
(374, 267)	3553
(634, 782)	3554
(111, 111)	3555
(3419, 564)	3556
(289, 1693)	3557
(448, 102)	3558
(279, 263)	3559
(1114, 3199)	3560
(356, 271)	3561
(2910, 271)	3562
(2973, 3204)	3563
(69, 110)	3564
(108, 105)	3565
(260, 114)	3566
(265, 1444)	3567
(263, 112)	3568
(289, 932)	3569
(272, 658)	3570
(1279, 2543)	3571
(855, 1523)	3572
(1380, 510)	3573
(111, 269)	3574
(65, 820)	3575
(599, 48)	3576
(348, 443)	3577
(311, 114)	3578
(1892, 118)	3579
(326, 97)	3580
(464, 291)	3581
(307, 1791)	3582
(521, 260)	3583
(350, 2058)	3584
(3015, 3442)	3585
(108, 798)	3586
(1295, 3448)	3587
(34, 520)	3588
(1646, 334)	3589
(32, 1186)	3590
(3590, 103)	3591
(355, 3450)	3592
(477, 121)	3593
(117, 104)	3594
(355, 301)	3595
(1299, 750)	3596
(654, 823)	3597
(1271, 109)	3598
(1091, 119)	3599
(2822, 784)	3600
(283, 97)	3601
(1179, 486)	3602
(315, 338)	3603
(332, 3465)	3604
(2407, 683)	3605
(1118, 718)	3606
(885, 354)	3607
(1446, 341)	3608
(589, 110)	3609
(326, 107)	3610
(262, 562)	3611
(484, 969)	3612
(1233, 2532)	3613
(361, 334)	3614
(275, 680)	3615
(2310, 718)	3616
(348, 1361)	3617
(1756, 283)	3618
(963, 291)	3619
(852, 1565)	3620
(1496, 1533)	3621
(83, 528)	3622
(344, 114)	3623
(2848, 105)	3624
(355, 317)	3625
(404, 2514)	3626
(3054, 99)	3627
(82, 2058)	3628
(289, 326)	3629
(98, 97)	3630
(2851, 2453)	3631
(325, 291)	3632
(1573, 115)	3633
(434, 110)	3634
(459, 455)	3635
(1196, 3370)	3636
(3636, 557)	3637
(311, 3500)	3638
(112, 97)	3639
(264, 896)	3640
(510, 260)	3641
(1957, 2401)	3642
(1224, 115)	3643
(1064, 2713)	3644
(295, 3154)	3645
(277, 686)	3646
(284, 2783)	3647
(955, 316)	3648
(434, 268)	3649
(71, 1232)	3650
(83, 799)	3651
(1519, 1297)	3652
(3504, 327)	3653
(2298, 3036)	3654
(968, 122)	3655
(281, 1486)	3656
(711, 2034)	3657
(1398, 402)	3658
(336, 3162)	3659
(117, 120)	3660
(309, 411)	3661
(314, 97)	3662
(394, 104)	3663
(2789, 1471)	3664
(1511, 280)	3665
(307, 373)	3666
(281, 1890)	3667
(523, 294)	3668
(864, 970)	3669
(277, 411)	3670
(100, 468)	3671
(643, 1061)	3672
(335, 114)	3673
(1216, 73)	3674
(1374, 267)	3675
(2987, 400)	3676
(325, 693)	3677
(307, 263)	3678
(1008, 2415)	3679
(333, 115)	3680
(639, 1943)	3681
(1239, 428)	3682
(392, 267)	3683
(2737, 267)	3684
(283, 316)	3685
(1634, 1081)	3686
(263, 381)	3687
(34, 597)	3688
(105, 414)	3689
(430, 558)	3690
(332, 1518)	3691
(300, 414)	3692
(1236, 497)	3693
(1035, 715)	3694
(939, 1354)	3695
(97, 688)	3696
(84, 65)	3697
(625, 670)	3698
(298, 428)	3699
(52, 51)	3700
(315, 873)	3701
(303, 1449)	3702
(348, 483)	3703
(356, 111)	3704
(455, 115)	3705
(311, 102)	3706
(272, 310)	3707
(482, 411)	3708
(1431, 1323)	3709
(290, 291)	3710
(852, 3314)	3711
(300, 287)	3712
(320, 1120)	3713
(309, 1334)	3714
(3714, 105)	3715
(74, 572)	3716
(1465, 304)	3717
(3107, 699)	3718
(309, 338)	3719
(391, 2218)	3720
(52, 50)	3721
(655, 3222)	3722
(3441, 3184)	3723
(348, 1273)	3724
(285, 443)	3725
(316, 260)	3726
(741, 122)	3727
(701, 2495)	3728
(67, 108)	3729
(634, 2260)	3730
(264, 696)	3731
(67, 257)	3732
(290, 3021)	3733
(103, 268)	3734
(217, 133)	3735
(361, 1777)	3736
(1376, 267)	3737
(1505, 115)	3738
(97, 279)	3739
(459, 1055)	3740
(2763, 280)	3741
(324, 1449)	3742
(1172, 2629)	3743
(303, 2764)	3744
(1112, 569)	3745
(1903, 402)	3746
(346, 830)	3747
(320, 1993)	3748
(3030, 1624)	3749
(1983, 1499)	3750
(287, 279)	3751
(32, 2080)	3752
(401, 2153)	3753
(281, 121)	3754
(98, 572)	3755
(532, 273)	3756
(2572, 110)	3757
(2695, 1523)	3758
(1142, 345)	3759
(543, 338)	3760
(941, 3299)	3761
(362, 798)	3762
(77, 264)	3763
(427, 782)	3764
(758, 675)	3765
(1300, 2164)	3766
(596, 115)	3767
(1904, 441)	3768
(758, 109)	3769
(2706, 2423)	3770
(65, 740)	3771
(999, 488)	3772
(66, 86)	3773
(72, 76)	3774
(364, 385)	3775
(494, 269)	3776
(1552, 3139)	3777
(1304, 1708)	3778
(490, 653)	3779
(429, 306)	3780
(567, 101)	3781
(404, 433)	3782
(347, 572)	3783
(256, 1631)	3784
(2541, 1004)	3785
(355, 111)	3786
(944, 269)	3787
(3787, 2025)	3788
(360, 271)	3789
(1521, 121)	3790
(350, 2005)	3791
(1265, 2708)	3792
(53, 55)	3793
(112, 339)	3794
(3253, 2672)	3795
(2955, 642)	3796
(313, 292)	3797
(45, 477)	3798
(52, 53)	3799
(325, 268)	3800
(2137, 306)	3801
(315, 702)	3802
(1091, 345)	3803
(1030, 401)	3804
(2321, 402)	3805
(277, 466)	3806
(283, 1068)	3807
(105, 106)	3808
(355, 268)	3809
(286, 715)	3810
(1239, 3507)	3811
(2467, 471)	3812
(303, 1660)	3813
(1071, 291)	3814
(3123, 1565)	3815
(2109, 264)	3816
(3514, 3149)	3817
(307, 1329)	3818
(1766, 414)	3819
(3505, 843)	3820
(317, 294)	3821
(1020, 101)	3822
(1202, 119)	3823
(1530, 478)	3824
(787, 115)	3825
(348, 3268)	3826
(369, 75)	3827
(643, 2584)	3828
(2721, 344)	3829
(109, 506)	3830
(374, 291)	3831
(107, 763)	3832
(300, 301)	3833
(488, 313)	3834
(101, 268)	3835
(1915, 1266)	3836
(45, 76)	3837
(293, 413)	3838
(885, 1752)	3839
(2662, 291)	3840
(3285, 493)	3841
(116, 346)	3842
(2464, 291)	3843
(115, 119)	3844
(454, 316)	3845
(309, 333)	3846
(1066, 1894)	3847
(300, 462)	3848
(119, 385)	3849
(2869, 3176)	3850
(2979, 1059)	3851
(630, 325)	3852
(315, 2036)	3853
(3853, 389)	3854
(2112, 267)	3855
(595, 291)	3856
(32, 296)	3857
(605, 2604)	3858
(429, 829)	3859
(257, 283)	3860
(1714, 2360)	3861
(689, 259)	3862
(543, 316)	3863
(34, 681)	3864
(115, 97)	3865
(3414, 109)	3866
(263, 269)	3867
(1008, 262)	3868
(925, 97)	3869
(2997, 2818)	3870
(289, 333)	3871
(100, 259)	3872
(2676, 389)	3873
(290, 341)	3874
(1617, 267)	3875
(112, 287)	3876
(932, 291)	3877
(1122, 10)	3878
(763, 659)	3879
(281, 951)	3880
(267, 115)	3881
(365, 930)	3882
(309, 101)	3883
(384, 1305)	3884
(298, 279)	3885
(953, 260)	3886
(2486, 435)	3887
(388, 275)	3888
(272, 483)	3889
(1149, 736)	3890
(3890, 346)	3891
(409, 366)	3892
(272, 1289)	3893
(657, 460)	3894
(352, 397)	3895
(51, 55)	3896
(272, 2437)	3897
(53, 56)	3898
(118, 2757)	3899
(3899, 478)	3900
(347, 433)	3901
(280, 105)	3902
(588, 115)	3903
(1052, 2158)	3904
(281, 279)	3905
(348, 259)	3906
(870, 3023)	3907
(639, 499)	3908
(3339, 263)	3909
(459, 1361)	3910
(448, 1384)	3911
(285, 3458)	3912
(110, 533)	3913
(1072, 115)	3914
(862, 115)	3915
(2471, 267)	3916
(657, 1521)	3917
(98, 751)	3918
(342, 271)	3919
(1154, 505)	3920
(1123, 260)	3921
(489, 3292)	3922
(3075, 3751)	3923
(1764, 121)	3924
(1822, 1167)	3925
(1501, 428)	3926
(2332, 291)	3927
(285, 667)	3928
(341, 264)	3929
(503, 467)	3930
(3752, 3753)	3931
(663, 3600)	3932
(364, 392)	3933
(1476, 259)	3934
(65, 100)	3935
(51, 50)	3936
(332, 656)	3937
(2434, 680)	3938
(295, 600)	3939
(3612, 263)	3940
(1616, 2394)	3941
(99, 264)	3942
(256, 628)	3943
(58, 10)	3944
(289, 873)	3945
(330, 112)	3946
(2102, 680)	3947
(3947, 259)	3948
(1149, 390)	3949
(118, 105)	3950
(110, 100)	3951
(1839, 1354)	3952
(68, 101)	3953
(285, 469)	3954
(384, 445)	3955
(364, 1684)	3956
(1119, 650)	3957
(824, 994)	3958
(360, 1848)	3959
(279, 111)	3960
(1152, 351)	3961
(196, 177)	3962
(300, 467)	3963
(309, 3788)	3964
(663, 109)	3965
(3488, 3297)	3966
(3489, 3790)	3967
(3291, 628)	3968
(115, 268)	3969
(2094, 3096)	3970
(453, 314)	3971
(271, 400)	3972
(350, 602)	3973
(700, 101)	3974
(309, 1539)	3975
(2109, 3360)	3976
(361, 2087)	3977
(98, 401)	3978
(99, 310)	3979
(324, 1006)	3980
(963, 280)	3981
(299, 280)	3982
(350, 1439)	3983
(2904, 99)	3984
(3984, 343)	3985
(109, 101)	3986
(1179, 374)	3987
(1057, 1842)	3988
(324, 111)	3989
(1528, 107)	3990
(195, 186)	3991
(484, 1104)	3992
(110, 305)	3993
(263, 3136)	3994
(537, 98)	3995
(2747, 336)	3996
(334, 97)	3997
(82, 83)	3998
(281, 2651)	3999
(2641, 414)	4000
(317, 97)	4001
(3540, 2690)	4002
(844, 585)	4003
(2455, 1068)	4004
(1023, 115)	4005
(383, 1849)	4006
(1418, 267)	4007
(2854, 97)	4008
(1447, 919)	4009
(224, 180)	4010
(3161, 1731)	4011
(452, 267)	4012
(1497, 630)	4013
(2229, 3065)	4014
(2072, 904)	4015
(430, 2228)	4016
(52, 54)	4017
(356, 567)	4018
(1112, 1435)	4019
(3272, 266)	4020
(383, 268)	4021
(324, 275)	4022
(285, 572)	4023
(298, 1508)	4024
(284, 1006)	4025
(711, 1110)	4026
(3076, 116)	4027
(265, 669)	4028
(336, 913)	4029
(2731, 279)	4030
(283, 108)	4031
(315, 334)	4032
(310, 115)	4033
(2239, 115)	4034
(70, 359)	4035
(369, 115)	4036
(343, 346)	4037
(260, 333)	4038
(672, 343)	4039
(935, 115)	4040
(335, 951)	4041
(268, 267)	4042
(3179, 2371)	4043
(532, 2896)	4044
(287, 316)	4045
(72, 260)	4046
(547, 111)	4047
(3095, 585)	4048
(1814, 374)	4049
(290, 317)	4050
(272, 887)	4051
(258, 341)	4052
(303, 2817)	4053
(726, 339)	4054
(3305, 1400)	4055
(108, 264)	4056
(98, 101)	4057
(450, 1188)	4058
(2121, 703)	4059
(1954, 354)	4060
(300, 685)	4061
(1739, 341)	4062
(3708, 363)	4063
(65, 109)	4064
(315, 3879)	4065
(421, 115)	4066
(103, 115)	4067
(103, 336)	4068
(2293, 385)	4069
(299, 2314)	4070
(4070, 3574)	4071
(279, 271)	4072
(362, 373)	4073
(978, 779)	4074
(323, 1641)	4075
(1179, 279)	4076
(690, 2172)	4077
(1230, 1895)	4078
(2748, 267)	4079
(384, 471)	4080
(1538, 101)	4081
(303, 1870)	4082
(331, 262)	4083
(1919, 267)	4084
(3206, 1414)	4085
(510, 267)	4086
(46, 44)	4087
(678, 2742)	4088
(272, 110)	4089
(2093, 629)	4090
(259, 318)	4091
(56, 53)	4092
(76, 373)	4093
(350, 567)	4094
(925, 267)	4095
(3548, 339)	4096
(978, 306)	4097
(269, 104)	4098
(998, 3343)	4099
(4099, 736)	4100
(351, 381)	4101
(1030, 432)	4102
(955, 343)	4103
(324, 567)	4104
(51, 51)	4105
(1612, 419)	4106
(97, 495)	4107
(323, 3327)	4108
(99, 460)	4109
(55, 55)	4110
(1395, 346)	4111
(684, 449)	4112
(448, 118)	4113
(374, 97)	4114
(350, 829)	4115
(1582, 629)	4116
(317, 1985)	4117
(364, 3948)	4118
(65, 859)	4119
(1040, 513)	4120
(300, 105)	4121
(355, 474)	4122
(1172, 1246)	4123
(70, 927)	4124
(663, 116)	4125
(3780, 1241)	4126
(87, 101)	4127
(84, 86)	4128
(324, 316)	4129
(503, 338)	4130
(361, 515)	4131
(383, 109)	4132
(119, 259)	4133
(32, 2530)	4134
(852, 365)	4135
(323, 411)	4136
(1601, 267)	4137
(309, 407)	4138
(1152, 863)	4139
(370, 115)	4140
(83, 3050)	4141
(284, 3033)	4142
(342, 1243)	4143
(268, 122)	4144
(98, 379)	4145
(2363, 534)	4146
(299, 1626)	4147
(369, 2798)	4148
(281, 3356)	4149
(896, 699)	4150
(1963, 291)	4151
(2067, 750)	4152
(3804, 460)	4153
(307, 314)	4154
(3258, 551)	4155
(739, 111)	4156
(787, 100)	4157
(68, 882)	4158
(1285, 468)	4159
(450, 2844)	4160
(2523, 536)	4161
(45, 341)	4162
(986, 3994)	4163
(208, 176)	4164
(309, 2384)	4165
(301, 100)	4166
(1447, 469)	4167
(560, 498)	4168
(348, 1134)	4169
(294, 103)	4170
(304, 460)	4171
(3627, 469)	4172
(3813, 341)	4173
(3140, 1706)	4174
(2029, 110)	4175
(117, 264)	4176
(3568, 263)	4177
(624, 115)	4178
(965, 275)	4179
(2227, 267)	4180
(516, 346)	4181
(342, 98)	4182
(1344, 115)	4183
(1014, 645)	4184
(1709, 2338)	4185
(456, 262)	4186
(360, 262)	4187
(3579, 428)	4188
(320, 310)	4189
(284, 325)	4190
(2488, 287)	4191
(362, 2004)	4192
(2545, 1553)	4193
(98, 314)	4194
(2553, 467)	4195
(3871, 677)	4196
(3823, 3171)	4197
(2720, 1093)	4198
(300, 262)	4199
(384, 268)	4200
(281, 2585)	4201
(45, 2972)	4202
(1260, 1421)	4203
(2351, 267)	4204
(2974, 1004)	4205
(2722, 2034)	4206
(303, 97)	4207
(117, 703)	4208
(300, 310)	4209
(3277, 703)	4210
(2793, 2039)	4211
(114, 854)	4212
(1440, 2795)	4213
(835, 2657)	4214
(3279, 3530)	4215
(4215, 79)	4216
(1247, 3390)	4217
(940, 449)	4218
(300, 2876)	4219
(273, 346)	4220
(420, 1828)	4221
(332, 1750)	4222
(2291, 3671)	4223
(309, 97)	4224
(924, 268)	4225
(277, 1579)	4226
(362, 537)	4227
(378, 477)	4228
(320, 1176)	4229
(332, 1182)	4230
(293, 1942)	4231
(324, 3541)	4232
(350, 310)	4233
(678, 416)	4234
(503, 1945)	4235
(467, 294)	4236
(667, 292)	4237
(263, 423)	4238
(331, 685)	4239
(2081, 1134)	4240
(117, 97)	4241
(335, 1537)	4242
(273, 283)	4243
(1922, 1667)	4244
(353, 1863)	4245
(45, 66)	4246
(986, 2161)	4247
(2668, 259)	4248
(300, 692)	4249
(844, 115)	4250
(56, 57)	4251
(290, 432)	4252
(301, 108)	4253
(111, 782)	4254
(284, 3388)	4255
(298, 2797)	4256
(384, 1363)	4257
(493, 269)	4258
(2610, 412)	4259
(4259, 419)	4260
(571, 1983)	4261
(101, 97)	4262
(114, 376)	4263
(3175, 417)	4264
(78, 446)	4265
(121, 100)	4266
(3707, 3877)	4267
(71, 268)	4268
(265, 944)	4269
(45, 103)	4270
(298, 271)	4271
(3713, 865)	4272
(1085, 3316)	4273
(556, 115)	4274
(1735, 346)	4275
(543, 859)	4276
(117, 345)	4277
(260, 628)	4278
(83, 903)	4279
(285, 1294)	4280
(364, 280)	4281
(314, 275)	4282
(32, 91)	4283
(619, 104)	4284
(1808, 608)	4285
(353, 275)	4286
(2626, 415)	4287
(1474, 346)	4288
(3905, 535)	4289
(273, 341)	4290
(348, 1162)	4291
(3591, 280)	4292
(2691, 441)	4293
(309, 336)	4294
(329, 44)	4295
(34, 59)	4296
(708, 283)	4297
(580, 263)	4298
(377, 283)	4299
(4299, 1950)	4300
(412, 294)	4301
(285, 273)	4302
(295, 121)	4303
(272, 273)	4304
(70, 263)	4305
(362, 351)	4306
(3116, 111)	4307
(347, 111)	4308
(356, 496)	4309
(992, 751)	4310
(54, 52)	4311
(73, 65)	4312
(1140, 2208)	4313
(78, 933)	4314
(99, 383)	4315
(45, 331)	4316
(306, 447)	4317
(289, 1283)	4318
(116, 366)	4319
(103, 346)	4320
(3938, 1378)	4321
(114, 400)	4322
(285, 338)	4323
(2809, 338)	4324
(2106, 269)	4325
(850, 115)	4326
(4326, 4117)	4327
(717, 398)	4328
(285, 3946)	4329
(473, 3615)	4330
(4120, 402)	4331
(260, 100)	4332
(1103, 843)	4333
(373, 449)	4334
(290, 1110)	4335
(337, 34)	4336
(277, 3046)	4337
(986, 2215)	4338
(2433, 3781)	4339
(1511, 471)	4340
(356, 398)	4341
(101, 600)	4342
(379, 414)	4343
(45, 259)	4344
(792, 1783)	4345
(1687, 263)	4346
(1196, 2290)	4347
(885, 2196)	4348
(364, 650)	4349
(3963, 108)	4350
(315, 105)	4351
(1460, 3971)	4352
(260, 111)	4353
(309, 550)	4354
(2316, 423)	4355
(107, 108)	4356
(3974, 2396)	4357
(1466, 400)	4358
(1270, 970)	4359
(2846, 499)	4360
(1699, 573)	4361
(1651, 3687)	4362
(323, 410)	4363
(524, 802)	4364
(303, 456)	4365
(1722, 105)	4366
(1798, 569)	4367
(2276, 4156)	4368
(280, 97)	4369
(2513, 495)	4370
(459, 1316)	4371
(3939, 2302)	4372
(405, 103)	4373
(400, 1751)	4374
(323, 283)	4375
(3132, 1878)	4376
(99, 117)	4377
(299, 351)	4378
(2424, 2026)	4379
(316, 351)	4380
(120, 116)	4381
(409, 3380)	4382
(350, 2780)	4383
(3508, 557)	4384
(348, 117)	4385
(303, 2933)	4386
(295, 122)	4387
(300, 400)	4388
(72, 266)	4389
(1764, 286)	4390
(325, 1879)	4391
(391, 466)	4392
(32, 336)	4393
(450, 2649)	4394
(1303, 115)	4395
(1545, 668)	4396
(299, 474)	4397
(2104, 3510)	4398
(459, 568)	4399
(362, 3511)	4400
(267, 260)	4401
(344, 97)	4402
(104, 537)	4403
(489, 1569)	4404
(4404, 341)	4405
(271, 269)	4406
(3376, 495)	4407
(3408, 2315)	4408
(53, 52)	4409
(1313, 112)	4410
(1975, 114)	4411
(4411, 858)	4412
(323, 3063)	4413
(3251, 115)	4414
(3515, 292)	4415
(3374, 115)	4416
(1979, 1488)	4417
(452, 383)	4418
(1800, 1800)	4419
(4419, 70)	4420
(370, 1134)	4421
(4421, 3159)	4422
(710, 3797)	4423
(795, 99)	4424
(1298, 280)	4425
(795, 3521)	4426
(3522, 715)	4427
(45, 68)	4428
(952, 1682)	4429
(824, 304)	4430
(4018, 317)	4431
(56, 56)	4432
(2191, 1969)	4433
(3528, 266)	4434
(387, 733)	4435
(275, 292)	4436
(643, 3167)	4437
(599, 49)	4438
(1227, 628)	4439
(599, 50)	4440
(277, 330)	4441
(1938, 376)	4442
(3841, 702)	4443
(285, 365)	4444
(342, 585)	4445
(455, 267)	4446
(688, 534)	4447
(570, 116)	4448
(2535, 291)	4449
(654, 260)	4450
(314, 266)	4451
(418, 699)	4452
(836, 3677)	4453
(3398, 3081)	4454
(1051, 505)	4455
(342, 1499)	4456
(3295, 4236)	4457
(1809, 2110)	4458
(378, 121)	4459
(2991, 1134)	4460
(320, 865)	4461
(732, 400)	4462
(1184, 267)	4463
(1437, 676)	4464
(1052, 745)	4465
(729, 540)	4466
(1013, 4043)	4467
(2810, 435)	4468
(2544, 2653)	4469
(104, 264)	4470
(87, 385)	4471
(4249, 402)	4472
(3694, 830)	4473
(256, 2900)	4474
(381, 112)	4475
(3196, 304)	4476
(1803, 3381)	4477
(1836, 267)	4478
(4260, 116)	4479
(432, 291)	4480
(108, 396)	4481
(1105, 287)	4482
(429, 828)	4483
(543, 121)	4484
(2733, 115)	4485
(2254, 763)	4486
(257, 116)	4487
(599, 54)	4488
(2162, 495)	4489
(554, 103)	4490
(55, 52)	4491
(1836, 346)	4492
(404, 101)	4493
(862, 291)	4494
(393, 2088)	4495
(1031, 102)	4496
(350, 3280)	4497
(315, 2915)	4498
(79, 910)	4499
(852, 2315)	4500
(1239, 4072)	4501
(263, 98)	4502
(2254, 1869)	4503
(281, 371)	4504
(321, 101)	4505
(4505, 530)	4506
(309, 1693)	4507
(105, 313)	4508
(2318, 137)	4509
(2384, 2686)	4510
(277, 306)	4511
(285, 3723)	4512
(1372, 339)	4513
(370, 1871)	4514
(2624, 264)	4515
(690, 3334)	4516
(2019, 399)	4517
(2322, 67)	4518
(315, 1451)	4519
(3022, 291)	4520
(671, 1731)	4521
(1411, 400)	4522
(657, 601)	4523
(1732, 260)	4524
(2834, 2117)	4525
(369, 107)	4526
(1258, 1220)	4527
(303, 453)	4528
(362, 2766)	4529
(3307, 2927)	4530
(1918, 638)	4531
(323, 67)	4532
(370, 859)	4533
(2814, 2929)	4534
(73, 102)	4535
(414, 103)	4536
(285, 334)	4537
(284, 1001)	4538
(285, 969)	4539
(324, 506)	4540
(72, 343)	4541
(1067, 1942)	4542
(2024, 1213)	4543
(323, 441)	4544
(771, 264)	4545
(3111, 267)	4546
(114, 109)	4547
(105, 268)	4548
(278, 279)	4549
(295, 358)	4550
(99, 291)	4551
(86, 314)	4552
(1797, 718)	4553
(1017, 376)	4554
(1364, 102)	4555
(355, 2920)	4556
(4556, 260)	4557
(323, 259)	4558
(314, 1287)	4559
(552, 259)	4560
(2195, 103)	4561
(315, 453)	4562
(269, 108)	4563
(323, 3133)	4564
(367, 1058)	4565
(266, 107)	4566
(1724, 1316)	4567
(396, 280)	4568
(115, 830)	4569
(1192, 432)	4570
(2671, 1531)	4571
(320, 851)	4572
(4572, 110)	4573
(710, 1834)	4574
(348, 4331)	4575
(480, 115)	4576
(384, 585)	4577
(56, 54)	4578
(847, 260)	4579
(68, 262)	4580
(2944, 266)	4581
(412, 121)	4582
(490, 578)	4583
(430, 112)	4584
(355, 114)	4585
(617, 292)	4586
(517, 99)	4587
(3237, 423)	4588
(305, 271)	4589
(315, 2707)	4590
(298, 592)	4591
(792, 101)	4592
(4592, 696)	4593
(360, 365)	4594
(517, 3606)	4595
(1014, 1861)	4596
(259, 345)	4597
(668, 787)	4598
(1571, 65)	4599
(290, 105)	4600
(52, 52)	4601
(347, 269)	4602
(68, 80)	4603
(2605, 2596)	4604
(57, 52)	4605
(102, 4150)	4606
(344, 260)	4607
(68, 743)	4608
(1214, 469)	4609
(347, 2960)	4610
(299, 111)	4611
(3145, 399)	4612
(1279, 263)	4613
(45, 71)	4614
(3124, 608)	4615
(285, 280)	4616
(307, 428)	4617
(258, 112)	4618
(1332, 493)	4619
(2118, 954)	4620
(284, 1665)	4621
(454, 118)	4622
(785, 100)	4623
(1550, 346)	4624
(441, 338)	4625
(281, 802)	4626
(358, 623)	4627
(119, 783)	4628
(3992, 3993)	4629
(2107, 111)	4630
(1103, 2978)	4631
(323, 3150)	4632
(1103, 108)	4633
(439, 98)	4634
(83, 69)	4635
(1045, 2839)	4636
(4636, 374)	4637
(309, 464)	4638
(1013, 100)	4639
(284, 1627)	4640
(3524, 306)	4641
(968, 1995)	4642
(303, 2850)	4643
(2145, 102)	4644
(4644, 2500)	4645
(810, 341)	4646
(2613, 623)	4647
(3650, 390)	4648
(350, 407)	4649
(1904, 267)	4650
(324, 4186)	4651
(383, 1941)	4652
(1364, 3034)	4653
(2149, 115)	4654
(256, 3731)	4655
(347, 1689)	4656
(452, 2970)	4657
(2455, 336)	4658
(618, 115)	4659
(1881, 1613)	4660
(2174, 2588)	4661
(348, 411)	4662
(2965, 109)	4663
(887, 397)	4664
(1265, 589)	4665
(4665, 1862)	4666
(121, 107)	4667
(352, 268)	4668
(3648, 343)	4669
(3617, 399)	4670
(300, 267)	4671
(53, 582)	4672
(448, 1939)	4673
(430, 1213)	4674
(1826, 1412)	4675
(1261, 101)	4676
(962, 121)	4677
(300, 521)	4678
(109, 336)	4679
(625, 1193)	4680
(2589, 260)	4681
(1512, 2590)	4682
(1290, 3389)	4683
(381, 994)	4684
(324, 2148)	4685
(355, 305)	4686
(1424, 267)	4687
(1146, 294)	4688
(101, 269)	4689
(450, 392)	4690
(282, 3844)	4691
(400, 390)	4692
(298, 392)	4693
(4225, 269)	4694
(543, 310)	4695
(105, 394)	4696
(711, 1259)	4697
(736, 115)	4698
(289, 2885)	4699
(940, 275)	4700
(692, 442)	4701
(448, 3294)	4702
(473, 103)	4703
(661, 1805)	4704
(448, 331)	4705
(1944, 904)	4706
(1586, 908)	4707
(282, 103)	4708
(592, 374)	4709
(897, 467)	4710
(1369, 339)	4711
(2159, 761)	4712
(377, 116)	4713
(1949, 112)	4714
(510, 708)	4715
(298, 338)	4716
(47, 2657)	4717
(837, 283)	4718
(1370, 110)	4719
(3169, 1833)	4720
(1319, 101)	4721
(256, 606)	4722
(915, 2998)	4723
(2085, 3197)	4724
(884, 841)	4725
(278, 115)	4726
(356, 854)	4727
(332, 1068)	4728
(4484, 280)	4729
(393, 496)	4730
(45, 70)	4731
(2119, 399)	4732
(284, 280)	4733
(3428, 708)	4734
(111, 383)	4735
(405, 366)	4736
(352, 806)	4737
(1397, 623)	4738
(259, 366)	4739
(339, 110)	4740
(636, 294)	4741
(3209, 1187)	4742
(277, 271)	4743
(56, 52)	4744
(844, 280)	4745
(480, 292)	4746
(924, 1629)	4747
(1786, 438)	4748
(364, 317)	4749
(303, 428)	4750
(290, 271)	4751
(374, 365)	4752
(1210, 645)	4753
(2754, 1075)	4754
(261, 614)	4755
(364, 1444)	4756
(299, 867)	4757
(421, 291)	4758
(324, 751)	4759
(1957, 121)	4760
(1724, 291)	4761
(3275, 1269)	4762
(217, 132)	4763
(32, 41)	4764
(840, 668)	4765
(84, 365)	4766
(353, 3737)	4767
(98, 399)	4768
(892, 1342)	4769
(3028, 267)	4770
(450, 4021)	4771
(299, 4531)	4772
(924, 748)	4773
(3460, 3918)	4774
(284, 365)	4775
(3267, 263)	4776
(285, 1589)	4777
(795, 1976)	4778
(293, 119)	4779
(315, 1032)	4780
(272, 1411)	4781
(775, 392)	4782
(2301, 259)	4783
(2024, 2228)	4784
(1013, 1213)	4785
(1500, 100)	4786
(1695, 628)	4787
(657, 435)	4788
(321, 764)	4789
(362, 887)	4790
(66, 114)	4791
(439, 406)	4792
(112, 358)	4793
(57, 50)	4794
(100, 305)	4795
(2934, 110)	4796
(2836, 286)	4797
(863, 292)	4798
(2573, 267)	4799
(336, 121)	4800
(3349, 562)	4801
(3765, 1101)	4802
(1279, 1289)	4803
(314, 111)	4804
(490, 2813)	4805
(1227, 823)	4806
(1402, 343)	4807
(1931, 565)	4808
(3772, 345)	4809
(4116, 1543)	4810
(3039, 533)	4811
(263, 280)	4812
(690, 688)	4813
(320, 345)	4814
(647, 115)	4815
(349, 273)	4816
(289, 468)	4817
(3940, 400)	4818
(3298, 695)	4819
(311, 283)	4820
(4820, 557)	4821
(1754, 1048)	4822
(2773, 967)	4823
(271, 390)	4824
(116, 569)	4825
(671, 101)	4826
(906, 306)	4827
(2564, 618)	4828
(263, 291)	4829
(323, 464)	4830
(394, 260)	4831
(384, 1148)	4832
(1170, 291)	4833
(2622, 115)	4834
(453, 573)	4835
(45, 1793)	4836
(863, 97)	4837
(2027, 366)	4838
(303, 310)	4839
(315, 417)	4840
(1030, 642)	4841
(2172, 432)	4842
(792, 1148)	4843
(1067, 269)	4844
(300, 542)	4845
(77, 69)	4846
(453, 2063)	4847
(270, 330)	4848
(391, 400)	4849
(4356, 731)	4850
(4850, 2337)	4851
(260, 103)	4852
(301, 120)	4853
(356, 345)	4854
(324, 3800)	4855
(98, 1208)	4856
(290, 2074)	4857
(3761, 423)	4858
(1809, 4606)	4859
(664, 118)	4860
(277, 3359)	4861
(83, 695)	4862
(283, 614)	4863
(304, 267)	4864
(1908, 115)	4865
(110, 105)	4866
(2912, 414)	4867
(83, 82)	4868
(2349, 1220)	4869
(3312, 1549)	4870
(299, 1105)	4871
(640, 101)	4872
(543, 1488)	4873
(32, 120)	4874
(373, 314)	4875
(1519, 1655)	4876
(80, 336)	4877
(1018, 103)	4878
(391, 452)	4879
(1045, 104)	4880
(56, 50)	4881
(2209, 264)	4882
(87, 421)	4883
(473, 294)	4884
(3475, 264)	4885
(1371, 115)	4886
(360, 407)	4887
(32, 208)	4888
(384, 546)	4889
(384, 2780)	4890
(1031, 118)	4891
(83, 109)	4892
(2344, 2199)	4893
(299, 3025)	4894
(373, 101)	4895
(362, 1411)	4896
(334, 2388)	4897
(281, 727)	4898
(2192, 396)	4899
(847, 291)	4900
(327, 2123)	4901
(2705, 1613)	4902
(1482, 462)	4903
(659, 269)	4904
(4643, 1492)	4905
(589, 108)	4906
(924, 2194)	4907
(1980, 351)	4908
(1270, 421)	4909
(4909, 806)	4910
(105, 195)	4911
(517, 4403)	4912
(3134, 259)	4913
(688, 121)	4914
(1362, 264)	4915
(4646, 117)	4916
(266, 345)	4917
(350, 499)	4918
(70, 1134)	4919
(1405, 280)	4920
(260, 97)	4921
(307, 3513)	4922
(101, 98)	4923
(575, 1802)	4924
(330, 628)	4925
(1798, 1006)	4926
(266, 623)	4927
(1219, 4657)	4928
(1570, 259)	4929
(658, 115)	4930
(370, 2930)	4931
(272, 692)	4932
(428, 111)	4933
(391, 4193)	4934
(285, 379)	4935
(433, 788)	4936
(731, 521)	4937
(3517, 4420)	4938
(266, 613)	4939
(109, 1120)	4940
(1441, 601)	4941
(840, 618)	4942
(2772, 771)	4943
(4943, 3486)	4944
(102, 279)	4945
(256, 951)	4946
(1258, 1205)	4947
(824, 417)	4948
(361, 398)	4949
(98, 956)	4950
(758, 627)	4951
(3833, 1457)	4952
(326, 366)	4953
(112, 264)	4954
(710, 1318)	4955
(4209, 376)	4956
(672, 841)	4957
(1392, 117)	4958
(369, 4216)	4959
(923, 3835)	4960
(884, 650)	4961
(1773, 2194)	4962
(3392, 435)	4963
(439, 291)	4964
(1167, 339)	4965
(1460, 346)	4966
(3672, 267)	4967
(2147, 374)	4968
(272, 326)	4969
(1405, 115)	4970
(272, 411)	4971
(284, 745)	4972
(737, 121)	4973
(500, 1376)	4974
(307, 510)	4975
(3542, 1553)	4976
(448, 99)	4977
(104, 656)	4978
(110, 267)	4979
(263, 345)	4980
(4713, 3551)	4981
(4714, 4715)	4982
(303, 408)	4983
(2119, 645)	4984
(1782, 535)	4985
(4985, 453)	4986
(4986, 932)	4987
(4720, 2811)	4988
(272, 445)	4989
(4989, 1177)	4990
(2009, 98)	4991
(387, 447)	4992
(1586, 2374)	4993
(517, 1259)	4994
(4050, 106)	4995
(2212, 533)	4996
(1625, 115)	4997
(3679, 115)	4998
(330, 97)	4999
(362, 111)	5000
(34, 1238)	5001
(51, 52)	5002
(102, 443)	5003
(3870, 267)	5004
(4261, 471)	5005
(100, 589)	5006
(2000, 305)	5007
(303, 4482)	5008
(2481, 3281)	5009
(778, 1269)	5010
(2613, 291)	5011
(1519, 259)	5012
(3569, 1750)	5013
(441, 267)	5014
(295, 107)	5015
(374, 121)	5016
(1256, 996)	5017
(119, 510)	5018
(299, 121)	5019
(2126, 788)	5020
(323, 455)	5021
(381, 372)	5022
(77, 334)	5023
(267, 2190)	5024
(391, 262)	5025
(307, 4510)	5026
(710, 1911)	5027
(3720, 693)	5028
(110, 467)	5029
(433, 105)	5030
(77, 809)	5031
(1792, 3326)	5032
(45, 640)	5033
(66, 567)	5034
(1931, 1667)	5035
(2364, 269)	5036
(401, 468)	5037
(3016, 99)	5038
(3719, 833)	5039
(1295, 1435)	5040
(277, 294)	5041
(217, 138)	5042
(77, 316)	5043
(655, 737)	5044
(341, 1363)	5045
(473, 493)	5046
(556, 267)	5047
(434, 2690)	5048
(350, 1592)	5049
(409, 2204)	5050
(32, 196)	5051
(256, 3025)	5052
(315, 2766)	5053
(671, 3726)	5054
(3119, 1163)	5055
(1646, 264)	5056
(55, 54)	5057
(4773, 379)	5058
(796, 121)	5059
(348, 2446)	5060
(364, 87)	5061
(45, 87)	5062
(1392, 505)	5063
(103, 97)	5064
(362, 442)	5065
(1739, 1853)	5066
(2476, 1943)	5067
(3454, 105)	5068
(1550, 464)	5069
(5069, 111)	5070
(83, 415)	5071
(1430, 259)	5072
(3757, 455)	5073
(1171, 4545)	5074
(2060, 572)	5075
(216, 167)	5076
(45, 637)	5077
(57, 51)	5078
(387, 102)	5079
(1806, 292)	5080
(309, 1126)	5081
(906, 751)	5082
(355, 441)	5083
(356, 286)	5084
(949, 346)	5085
(289, 1128)	5086
(373, 346)	5087
(484, 264)	5088
(3037, 267)	5089
(299, 947)	5090
(2072, 1715)	5091
(289, 568)	5092
(320, 715)	5093
(392, 343)	5094
(1595, 115)	5095
(1413, 985)	5096
(2769, 627)	5097
(2094, 956)	5098
(2366, 667)	5099
(300, 117)	5100
(331, 2897)	5101
(195, 165)	5102
(4123, 263)	5103
(2277, 291)	5104
(3666, 677)	5105
(309, 273)	5106
(438, 294)	5107
(4341, 280)	5108
(362, 269)	5109
(309, 327)	5110
(418, 578)	5111
(303, 4132)	5112
(320, 3659)	5113
(1300, 376)	5114
(303, 283)	5115
(547, 304)	5116
(4345, 752)	5117
(106, 111)	5118
(489, 2956)	5119
(999, 1730)	5120
(390, 262)	5121
(265, 263)	5122
(3961, 1025)	5123
(2752, 1220)	5124
(711, 1423)	5125
(71, 1131)	5126
(2143, 1429)	5127
(556, 1048)	5128
(319, 264)	5129
(299, 394)	5130
(969, 267)	5131
(303, 2361)	5132
(1285, 1355)	5133
(1149, 1461)	5134
(2185, 4844)	5135
(1747, 115)	5136
(281, 2226)	5137
(1550, 365)	5138
(2126, 565)	5139
(120, 351)	5140
(387, 4851)	5141
(107, 486)	5142
(482, 268)	5143
(331, 264)	5144
(99, 97)	5145
(279, 122)	5146
(327, 291)	5147
(1503, 286)	5148
(387, 441)	5149
(65, 70)	5150
(99, 696)	5151
(362, 374)	5152
(1465, 466)	5153
(3487, 499)	5154
(1136, 109)	5155
(3079, 534)	5156
(117, 118)	5157
(2928, 106)	5158
(5158, 2960)	5159
(4871, 2591)	5160
(103, 1088)	5161
(270, 3308)	5162
(2992, 107)	5163
(1190, 314)	5164
(5164, 110)	5165
(591, 4373)	5166
(2030, 696)	5167
(98, 283)	5168
(256, 438)	5169
(4878, 806)	5170
(4621, 400)	5171
(3635, 1207)	5172
(1253, 3125)	5173
(441, 105)	5174
(370, 4377)	5175
(5175, 1937)	5176
(1429, 904)	5177
(314, 109)	5178
(4136, 1093)	5179
(315, 822)	5180
(1807, 115)	5181
(1438, 280)	5182
(348, 2263)	5183
(3151, 115)	5184
(4633, 2046)	5185
(755, 825)	5186
(1221, 1806)	5187
(1566, 115)	5188
(259, 333)	5189
(284, 379)	5190
(280, 696)	5191
(739, 291)	5192
(45, 78)	5193
(1686, 358)	5194
(303, 1945)	5195
(2745, 346)	5196
(1410, 3029)	5197
(322, 1704)	5198
(1745, 44)	5199
(103, 103)	5200
(348, 2782)	5201
(686, 4563)	5202
(5202, 4402)	5203
(303, 455)	5204
(1140, 1231)	5205
(32, 932)	5206
(1935, 98)	5207
(1984, 97)	5208
(1941, 97)	5209
(439, 286)	5210
(114, 275)	5211
(1899, 105)	5212
(360, 333)	5213
(5213, 2503)	5214
(1038, 468)	5215
(5215, 1569)	5216
(514, 483)	5217
(347, 2092)	5218
(303, 1373)	5219
(659, 268)	5220
(224, 184)	5221
(4189, 498)	5222
(5222, 101)	5223
(3558, 327)	5224
(356, 872)	5225
(5225, 3516)	5226
(682, 108)	5227
(195, 170)	5228
(79, 76)	5229
(552, 498)	5230
(1384, 1187)	5231
(2345, 115)	5232
(3128, 365)	5233
(277, 279)	5234
(2665, 319)	5235
(429, 109)	5236
(104, 301)	5237
(457, 2181)	5238
(5238, 264)	5239
(1764, 825)	5240
(350, 627)	5241
(285, 3610)	5242
(962, 2371)	5243
(1401, 411)	5244
(2589, 823)	5245
(711, 99)	5246
(3155, 67)	5247
(2308, 423)	5248
(114, 260)	5249
(1949, 1838)	5250
(302, 1409)	5251
(77, 798)	5252
(918, 99)	5253
(434, 4668)	5254
(286, 279)	5255
(2652, 292)	5256
(404, 3266)	5257
(332, 741)	5258
(317, 727)	5259
(5259, 4940)	5260
(5260, 1508)	5261
(270, 4111)	5262
(309, 2931)	5263
(459, 359)	5264
(4396, 2194)	5265
(445, 2970)	5266
(4830, 3518)	5267
(1496, 1574)	5268
(4671, 2971)	5269
(925, 291)	5270
(1454, 292)	5271
(281, 4013)	5272
(1077, 649)	5273
(119, 1108)	5274
(290, 111)	5275
(287, 325)	5276
(705, 121)	5277
(2866, 3163)	5278
(860, 2190)	5279
(289, 383)	5280
(1546, 339)	5281
(262, 105)	5282
(1345, 2042)	5283
(1227, 564)	5284
(4441, 525)	5285
(407, 334)	5286
(307, 706)	5287
(5287, 263)	5288
(277, 396)	5289
(299, 4688)	5290
(473, 280)	5291
(924, 379)	5292
(5292, 617)	5293
(315, 1537)	5294
(290, 314)	5295
(80, 673)	5296
(496, 339)	5297
(2365, 280)	5298
(2416, 267)	5299
(108, 457)	5300
(2992, 354)	5301
(284, 271)	5302
(361, 101)	5303
(3382, 460)	5304
(3087, 751)	5305
(361, 365)	5306
(285, 346)	5307
(1029, 376)	5308
(268, 1262)	5309
(298, 1691)	5310
(1641, 676)	5311
(284, 2158)	5312
(272, 505)	5313
(45, 79)	5314
(484, 421)	5315
(3866, 346)	5316
(813, 57)	5317
(321, 116)	5318
(379, 1360)	5319
(1013, 330)	5320
(2425, 2048)	5321
(595, 478)	5322
(1350, 1810)	5323
(2144, 115)	5324
(1250, 116)	5325
(277, 437)	5326
(260, 1835)	5327
(4052, 397)	5328
(97, 313)	5329
(1250, 3091)	5330
(2728, 69)	5331
(3698, 602)	5332
(835, 99)	5333
(503, 1162)	5334
(290, 327)	5335
(357, 259)	5336
(114, 458)	5337
(283, 588)	5338
(2351, 269)	5339
(304, 121)	5340
(805, 306)	5341
(51, 582)	5342
(300, 1926)	5343
(281, 483)	5344
(2193, 260)	5345
(114, 496)	5346
(376, 114)	5347
(277, 2084)	5348
(293, 314)	5349
(272, 267)	5350
(1737, 1565)	5351
(3712, 3207)	5352
(318, 115)	5353
(315, 537)	5354
(1093, 460)	5355
(301, 341)	5356
(613, 280)	5357
(1463, 1715)	5358
(625, 389)	5359
(504, 390)	5360
(108, 1340)	5361
(355, 330)	5362
(2669, 445)	5363
(272, 294)	5364
(659, 3304)	5365
(2564, 4081)	5366
(4511, 267)	5367
(112, 259)	5368
(515, 121)	5369
(500, 1742)	5370
(332, 866)	5371
(350, 3583)	5372
(324, 469)	5373
(54, 51)	5374
(575, 2755)	5375
(889, 460)	5376
(281, 725)	5377
(2527, 345)	5378
(918, 366)	5379
(272, 117)	5380
(543, 686)	5381
(801, 100)	5382
(3735, 216)	5383
(355, 271)	5384
(56, 51)	5385
(2412, 3227)	5386
(98, 117)	5387
(332, 659)	5388
(1567, 115)	5389
(350, 317)	5390
(103, 352)	5391
(82, 1019)	5392
(3456, 458)	5393
(560, 400)	5394
(392, 275)	5395
(1948, 708)	5396
(473, 495)	5397
(1130, 48)	5398
(3087, 683)	5399
(306, 1151)	5400
(3342, 101)	5401
(490, 279)	5402
(1455, 873)	5403
(2632, 115)	5404
(290, 363)	5405
(55, 57)	5406
(2061, 310)	5407
(108, 1621)	5408
(615, 266)	5409
(2467, 273)	5410
(273, 280)	5411
(4538, 1660)	5412
(83, 112)	5413
(560, 107)	5414
(988, 650)	5415
(387, 108)	5416
(115, 330)	5417
(83, 4542)	5418
(5073, 1118)	5419
(448, 3034)	5420
(361, 2881)	5421
(303, 280)	5422
(4200, 1099)	5423
(5083, 2025)	5424
(1042, 1604)	5425
(448, 1533)	5426
(489, 443)	5427
(500, 4319)	5428
(260, 4804)	5429
(281, 510)	5430
(116, 291)	5431
(2118, 4559)	5432
(1906, 537)	5433
(721, 607)	5434
(291, 2135)	5435
(940, 336)	5436
(2607, 1076)	5437
(2075, 115)	5438
(2602, 351)	5439
(420, 1932)	5440
(4565, 471)	5441
(370, 3773)	5442
(870, 976)	5443
(459, 2844)	5444
(362, 496)	5445
(300, 1212)	5446
(684, 101)	5447
(1836, 269)	5448
(56, 55)	5449
(348, 97)	5450
(2140, 163)	5451
(3578, 486)	5452
(1042, 2051)	5453
(285, 399)	5454
(362, 488)	5455
(273, 2735)	5456
(324, 344)	5457
(3782, 3085)	5458
(4583, 1151)	5459
(2952, 788)	5460
(1066, 1911)	5461
(1252, 120)	5462
(275, 260)	5463
(1833, 103)	5464
(420, 4095)	5465
(1260, 111)	5466
(5466, 268)	5467
(5467, 799)	5468
(4131, 267)	5469
(2226, 273)	5470
(500, 3138)	5471
(1419, 713)	5472
(56, 49)	5473
(52, 55)	5474
(401, 107)	5475
(408, 291)	5476
(116, 326)	5477
(277, 469)	5478
(391, 264)	5479
(4350, 2314)	5480
(603, 354)	5481
(603, 101)	5482
(98, 483)	5483
(2067, 717)	5484
(5484, 103)	5485
(5485, 399)	5486
(370, 118)	5487
(315, 467)	5488
(361, 310)	5489
(5489, 595)	5490
(592, 339)	5491
(1271, 618)	5492
(1440, 3794)	5493
(77, 536)	5494
(68, 114)	5495
(477, 493)	5496
(259, 121)	5497
(286, 122)	5498
(70, 1613)	5499
(3623, 990)	5500
(1965, 4598)	5501
(295, 559)	5502
(307, 371)	5503
(53, 53)	5504
(370, 331)	5505
(336, 341)	5506
(4252, 807)	5507
(3082, 3978)	5508
(2269, 476)	5509
(1983, 280)	5510
(2067, 102)	5511
(5511, 3181)	5512
(1783, 1110)	5513
(115, 121)	5514
(794, 260)	5515
(100, 1128)	5516
(285, 706)	5517
(1601, 291)	5518
(315, 567)	5519
(373, 996)	5520
(3621, 267)	5521
(298, 394)	5522
(2425, 294)	5523
(1392, 100)	5524
(1562, 859)	5525
(267, 100)	5526
(434, 327)	5527
(309, 317)	5528
(940, 3929)	5529
(355, 263)	5530
(290, 734)	5531
(77, 317)	5532
(2540, 2639)	5533
(1210, 3525)	5534
(45, 118)	5535
(279, 589)	5536
(309, 2885)	5537
(107, 111)	5538
(1398, 1151)	5539
(3629, 3750)	5540
(924, 2169)	5541
(2866, 117)	5542
(3358, 3501)	5543
(5543, 2025)	5544
(5177, 442)	5545
(65, 1813)	5546
(360, 633)	5547
(391, 111)	5548
(4379, 873)	5549
(1976, 406)	5550
(2283, 1207)	5551
(567, 105)	5552
(309, 481)	5553
(3564, 1185)	5554
(258, 2803)	5555
(3995, 680)	5556
(1252, 260)	5557
(71, 117)	5558
(986, 3248)	5559
(446, 266)	5560
(4896, 4897)	5561
(1517, 475)	5562
(510, 344)	5563
(284, 1579)	5564
(295, 67)	5565
(1172, 1213)	5566
(3561, 1841)	5567
(5567, 562)	5568
(664, 705)	5569
(281, 2367)	5570
(350, 316)	5571
(3520, 373)	5572
(323, 456)	5573
(281, 739)	5574
(4177, 471)	5575
(275, 477)	5576
(434, 305)	5577
(341, 273)	5578
(4707, 267)	5579
(79, 83)	5580
(1416, 291)	5581
(5196, 1929)	5582
(2434, 4901)	5583
(490, 2546)	5584
(2448, 2011)	5585
(625, 351)	5586
(1152, 275)	5587
(3595, 4179)	5588
(300, 268)	5589
(392, 115)	5590
(692, 107)	5591
(356, 4607)	5592
(1881, 513)	5593
(923, 3497)	5594
(4908, 471)	5595
(105, 483)	5596
(195, 171)	5597
(851, 268)	5598
(305, 275)	5599
(324, 731)	5600
(2715, 286)	5601
(2000, 2052)	5602
(4756, 260)	5603
(2935, 271)	5604
(3982, 537)	5605
(284, 515)	5606
(364, 568)	5607
(2097, 486)	5608
(273, 111)	5609
(2825, 107)	5610
(1596, 595)	5611
(299, 5216)	5612
(2643, 460)	5613
(1419, 273)	5614
(74, 262)	5615
(1556, 118)	5616
(2847, 1962)	5617
(324, 117)	5618
(303, 506)	5619
(595, 1252)	5620
(376, 262)	5621
(3155, 2580)	5622
(3236, 4391)	5623
(395, 100)	5624
(5224, 1698)	5625
(1233, 3834)	5626
(367, 104)	5627
(2085, 2077)	5628
(1756, 909)	5629
(5235, 373)	5630
(356, 851)	5631
(112, 336)	5632
(3645, 264)	5633
(381, 97)	5634
(327, 98)	5635
(5635, 104)	5636
(5636, 3997)	5637
(906, 1689)	5638
(4929, 718)	5639
(4192, 2509)	5640
(4185, 1879)	5641
(1140, 713)	5642
(2346, 623)	5643
(1087, 291)	5644
(194, 178)	5645
(3361, 280)	5646
(1219, 589)	5647
(1095, 2708)	5648
(100, 565)	5649
(1321, 414)	5650
(67, 262)	5651
(106, 105)	5652
(1072, 750)	5653
(746, 676)	5654
(361, 3266)	5655
(5138, 438)	5656
(1292, 773)	5657
(5657, 122)	5658
(4937, 536)	5659
(3717, 534)	5660
(290, 2964)	5661
(5661, 3655)	5662
(1031, 87)	5663
(3503, 4410)	5664
(5664, 4418)	5665
(915, 1409)	5666
(955, 1162)	5667
(5253, 615)	5668
(5668, 3611)	5669
(589, 99)	5670
(3801, 2501)	5671
(5671, 2176)	5672
(2256, 3244)	5673
(2824, 374)	5674
(2333, 4448)	5675
(5261, 286)	5676
(434, 2860)	5677
(4401, 715)	5678
(3160, 5266)	5679
(705, 1492)	5680
(926, 496)	5681
(3160, 1731)	5682
(5268, 286)	5683
(643, 358)	5684
(102, 114)	5685
(78, 67)	5686
(1912, 115)	5687
(473, 1399)	5688
(3382, 3067)	5689
(271, 291)	5690
(1289, 267)	5691
(277, 2791)	5692
(289, 1578)	5693
(514, 2791)	5694
(307, 1508)	5695
(290, 433)	5696
(2107, 325)	5697
(1556, 707)	5698
(1265, 326)	5699
(272, 374)	5700
(347, 1310)	5701
(360, 105)	5702
(300, 344)	5703
(272, 475)	5704
(581, 346)	5705
(466, 696)	5706
(686, 1134)	5707
(99, 528)	5708
(45, 84)	5709
(298, 708)	5710
(339, 705)	5711
(399, 103)	5712
(2655, 112)	5713
(327, 266)	5714
(1120, 336)	5715
(108, 469)	5716
(320, 1163)	5717
(2412, 383)	5718
(4227, 2362)	5719
(2883, 919)	5720
(4036, 1048)	5721
(411, 291)	5722
(3678, 313)	5723
(884, 4037)	5724
(272, 737)	5725
(3082, 268)	5726
(281, 4038)	5727
(316, 291)	5728
(2297, 2735)	5729
(3681, 115)	5730
(1122, 274)	5731
(529, 446)	5732
(478, 280)	5733
(692, 292)	5734
(4705, 449)	5735
(99, 358)	5736
(679, 110)	5737
(5737, 319)	5738
(871, 1076)	5739
(2205, 1578)	5740
(277, 3181)	5741
(289, 3182)	5742
(66, 2157)	5743
(2891, 588)	5744
(4435, 3549)	5745
(5745, 397)	5746
(560, 477)	5747
(51, 54)	5748
(347, 379)	5749
(3552, 267)	5750
(559, 268)	5751
(1896, 3187)	5752
(1681, 314)	5753
(5753, 3549)	5754
(813, 56)	5755
(663, 110)	5756
(900, 3304)	5757
(336, 286)	5758
(643, 2046)	5759
(1002, 970)	5760
(263, 460)	5761
(4723, 286)	5762
(52, 582)	5763
(305, 372)	5764
(105, 104)	5765
(293, 109)	5766
(452, 262)	5767
(1607, 417)	5768
(554, 504)	5769
(285, 1450)	5770
(2072, 718)	5771
(3413, 2795)	5772
(407, 417)	5773
(256, 3566)	5774
(2680, 291)	5775
(289, 421)	5776
(410, 104)	5777
(431, 366)	5778
(111, 310)	5779
(289, 1436)	5780
(317, 339)	5781
(2091, 563)	5782
(305, 899)	5783
(747, 2421)	5784
(1211, 1084)	5785
(391, 260)	5786
(935, 291)	5787
(1698, 3689)	5788
(1394, 718)	5789
(106, 101)	5790
(5359, 1626)	5791
(450, 4746)	5792
(2086, 1750)	5793
(364, 1578)	5794
(360, 436)	5795
(262, 1817)	5796
(924, 481)	5797
(264, 275)	5798
(854, 105)	5799
(1253, 2164)	5800
(936, 4284)	5801
(55, 49)	5802
(2459, 974)	5803
(105, 345)	5804
(361, 647)	5805
(655, 3727)	5806
(1230, 841)	5807
(795, 3900)	5808
(2796, 627)	5809
(418, 3586)	5810
(655, 433)	5811
(1517, 343)	5812
(3732, 1874)	5813
(2975, 118)	5814
(362, 669)	5815
(1623, 2262)	5816
(259, 696)	5817
(600, 286)	5818
(1251, 2148)	5819
(333, 264)	5820
(99, 573)	5821
(1036, 428)	5822
(66, 271)	5823
(309, 1845)	5824
(105, 121)	5825
(2080, 752)	5826
(599, 51)	5827
(281, 2764)	5828
(358, 1083)	5829
(362, 117)	5830
(303, 363)	5831
(3271, 1084)	5832
(284, 392)	5833
(5058, 267)	5834
(855, 871)	5835
(103, 414)	5836
(503, 2046)	5837
(1356, 5401)	5838
(258, 120)	5839
(920, 1354)	5840
(3598, 1708)	5841
(335, 287)	5842
(289, 550)	5843
(384, 4301)	5844
(3230, 79)	5845
(5845, 77)	5846
(57, 53)	5847
(258, 260)	5848
(361, 715)	5849
(450, 5409)	5850
(351, 414)	5851
(3124, 345)	5852
(365, 498)	5853
(316, 317)	5854
(100, 346)	5855
(489, 121)	5856
(1963, 437)	5857
(2095, 460)	5858
(2091, 316)	5859
(5859, 750)	5860
(295, 2460)	5861
(299, 3462)	5862
(3463, 113)	5863
(5863, 113)	5864
(5864, 1208)	5865
(404, 677)	5866
(5071, 260)	5867
(4544, 2744)	5868
(731, 110)	5869
(489, 563)	5870
(303, 4312)	5871
(1582, 344)	5872
(2127, 2557)	5873
(1753, 428)	5874
(34, 274)	5875
(2229, 110)	5876
(2273, 46)	5877
(4792, 4109)	5878
(497, 2705)	5879
(5373, 1186)	5880
(309, 286)	5881
(348, 301)	5882
(5882, 493)	5883
(5883, 336)	5884
(98, 108)	5885
(452, 110)	5886
(103, 110)	5887
(76, 269)	5888
(450, 782)	5889
(854, 97)	5890
(1872, 1590)	5891
(323, 394)	5892
(3945, 4328)	5893
(1226, 4436)	5894
(4329, 782)	5895
(295, 120)	5896
(2264, 109)	5897
(380, 104)	5898
(307, 2225)	5899
(1180, 115)	5900
(356, 3774)	5901
(122, 268)	5902
(2083, 3042)	5903
(101, 122)	5904
(46, 80)	5905
(2643, 2394)	5906
(2276, 456)	5907
(776, 52)	5908
(102, 1134)	5909
(3778, 260)	5910
(521, 3243)	5911
(1122, 2950)	5912
(991, 274)	5913
(1448, 344)	5914
(1304, 262)	5915
(3880, 291)	5916
(4126, 346)	5917
(543, 98)	5918
(729, 3247)	5919
(356, 865)	5920
(117, 371)	5921
(4020, 1261)	5922
(906, 685)	5923
(265, 990)	5924
(372, 110)	5925
(549, 3269)	5926
(289, 5476)	5927
(1149, 1835)	5928
(1448, 399)	5929
(323, 268)	5930
(411, 3962)	5931
(492, 269)	5932
(281, 786)	5933
(284, 2152)	5934
(911, 442)	5935
(427, 121)	5936
(517, 736)	5937
(315, 782)	5938
(875, 573)	5939
(4113, 5131)	5940
(1888, 316)	5941
(256, 304)	5942
(1431, 708)	5943
(265, 2423)	5944
(2084, 411)	5945
(331, 996)	5946
(5137, 645)	5947
(275, 2845)	5948
(256, 542)	5949
(365, 99)	5950
(105, 423)	5951
(2448, 645)	5952
(2382, 5140)	5953
(5953, 3423)	5954
(99, 1597)	5955
(1519, 5142)	5956
(1687, 843)	5957
(1773, 383)	5958
(323, 708)	5959
(273, 807)	5960
(360, 326)	5961
(285, 3133)	5962
(74, 383)	5963
(347, 2505)	5964
(2076, 1262)	5965
(4602, 313)	5966
(68, 83)	5967
(303, 2187)	5968
(1112, 695)	5969
(712, 366)	5970
(97, 1183)	5971
(379, 345)	5972
(3145, 2040)	5973
(651, 573)	5974
(1036, 1083)	5975
(307, 344)	5976
(729, 374)	5977
(1060, 326)	5978
(885, 112)	5979
(639, 3433)	5980
(854, 269)	5981
(3806, 313)	5982
(332, 1894)	5983
(5525, 267)	5984
(77, 121)	5985
(4365, 97)	5986
(110, 3300)	5987
(289, 455)	5988
(329, 597)	5989
(371, 346)	5990
(838, 2692)	5991
(283, 930)	5992
(323, 572)	5993
(356, 317)	5994
(324, 392)	5995
(77, 458)	5996
(45, 352)	5997
(5997, 2938)	5998
(290, 1860)	5999
(2895, 271)	6000
(57, 49)	6001
(1995, 111)	6002
(962, 99)	6003
(355, 1139)	6004
(1662, 1194)	6005
(515, 262)	6006
(65, 101)	6007
(6007, 902)	6008
(6008, 1759)	6009
(6009, 97)	6010
(304, 104)	6011
(323, 101)	6012
(1267, 2565)	6013
(1899, 121)	6014
(263, 97)	6015
(374, 111)	6016
(265, 279)	6017
(110, 111)	6018
(284, 1346)	6019
(1955, 268)	6020
(6020, 764)	6021
(3287, 3810)	6022
(4883, 1334)	6023
(98, 1294)	6024
(266, 97)	6025
(1759, 3865)	6026
(4781, 4800)	6027
(106, 336)	6028
(264, 341)	6029
(3186, 101)	6030
(2349, 718)	6031
(821, 1907)	6032
(4289, 268)	6033
(277, 4798)	6034
(4573, 436)	6035
(1797, 1715)	6036
(1957, 435)	6037
(67, 111)	6038
(684, 2222)	6039
(1682, 280)	6040
(3965, 4895)	6041
(6041, 316)	6042
(355, 3640)	6043
(307, 262)	6044
(290, 799)	6045
(290, 2859)	6046
(309, 854)	6047
(281, 497)	6048
(907, 1494)	6049
(121, 728)	6050
(4392, 280)	6051
(73, 68)	6052
(2611, 1469)	6053
(711, 483)	6054
(352, 1331)	6055
(3999, 269)	6056
(54, 50)	6057
(309, 798)	6058
(264, 764)	6059
(355, 67)	6060
(810, 4642)	6061
(537, 97)	6062
(69, 68)	6063
(283, 280)	6064
(309, 731)	6065
(4899, 5596)	6066
(84, 121)	6067
(1739, 1373)	6068
(1528, 110)	6069
(5602, 1531)	6070
(280, 736)	6071
(1126, 121)	6072
(348, 658)	6073
(1002, 2927)	6074
(1200, 260)	6075
(2537, 115)	6076
(362, 452)	6077
(316, 100)	6078
(80, 273)	6079
(4915, 788)	6080
(3649, 2362)	6081
(792, 98)	6082
(370, 1572)	6083
(70, 76)	6084
(289, 1708)	6085
(295, 2782)	6086
(3451, 115)	6087
(3502, 1075)	6088
(300, 259)	6089
(370, 493)	6090
(4387, 558)	6091
(6091, 107)	6092
(1582, 294)	6093
(6093, 676)	6094
(1063, 280)	6095
(475, 121)	6096
(3818, 423)	6097
(55, 582)	6098
(1321, 2039)	6099
(4323, 4171)	6100
(484, 499)	6101
(364, 515)	6102
(459, 2649)	6103
(482, 3856)	6104
(2918, 397)	6105
(303, 4925)	6106
(311, 78)	6107
(3809, 447)	6108
(4338, 400)	6109
(65, 1075)	6110
(265, 4624)	6111
(83, 305)	6112
(884, 947)	6113
(84, 351)	6114
(3093, 101)	6115
(387, 358)	6116
(362, 1182)	6117
(364, 121)	6118
(331, 267)	6119
(4187, 2999)	6120
(6120, 2247)	6121
(1030, 5644)	6122
(97, 336)	6123
(2345, 2588)	6124
(3644, 97)	6125
(3061, 689)	6126
(4662, 4914)	6127
(1362, 3807)	6128
(758, 734)	6129
(362, 1845)	6130
(6130, 3618)	6131
(589, 269)	6132
(4673, 1083)	6133
(350, 2337)	6134
(355, 4936)	6135
(2400, 264)	6136
(434, 5658)	6137
(111, 1126)	6138
(484, 1037)	6139
(109, 275)	6140
(3278, 260)	6141
(2390, 2399)	6142
(668, 5255)	6143
(5258, 3821)	6144
(1814, 449)	6145
(323, 5675)	6146
(98, 5557)	6147
(87, 376)	6148
(343, 1730)	6149
(4415, 267)	6150
(362, 407)	6151
(6151, 5629)	6152
(354, 676)	6153
(6153, 546)	6154
(560, 4315)	6155
(489, 464)	6156
(1544, 345)	6157
(1544, 1305)	6158
(282, 280)	6159
(383, 1802)	6160
(952, 291)	6161
(434, 766)	6162
(2145, 1207)	6163
(1438, 3525)	6164
(68, 1439)	6165
(1826, 1804)	6166
(279, 313)	6167
(3275, 4208)	6168
(265, 568)	6169
(348, 481)	6170
(389, 1681)	6171
(2232, 2528)	6172
(5698, 1078)	6173
(6173, 105)	6174
(3073, 677)	6175
(111, 327)	6176
(356, 713)	6177
(1227, 260)	6178
(256, 510)	6179
(492, 291)	6180
(272, 396)	6181
(265, 4220)	6182
(298, 5707)	6183
(265, 866)	6184
(283, 471)	6185
(298, 3284)	6186
(1227, 504)	6187
(6187, 354)	6188
(45, 4031)	6189
(277, 280)	6190
(4691, 260)	6191
(361, 1497)	6192
(916, 4692)	6193
(3173, 642)	6194
(79, 114)	6195
(391, 5715)	6196
(1236, 286)	6197
(795, 333)	6198
(1227, 346)	6199
(1007, 115)	6200
(3079, 1412)	6201
(342, 595)	6202
(1517, 5297)	6203
(4972, 291)	6204
(279, 703)	6205
(277, 642)	6206
(473, 3680)	6207
(4700, 534)	6208
(1714, 112)	6209
(309, 121)	6210
(281, 263)	6211
(373, 286)	6212
(3852, 390)	6213
(962, 1806)	6214
(267, 390)	6215
(45, 984)	6216
(2975, 1414)	6217
(384, 273)	6218
(384, 291)	6219
(335, 4709)	6220
(285, 1351)	6221
(3404, 909)	6222
(1374, 115)	6223
(5747, 1186)	6224
(67, 314)	6225
(257, 1863)	6226
(1485, 540)	6227
(434, 2304)	6228
(868, 56)	6229
(3090, 865)	6230
(1347, 2896)	6231
(1066, 432)	6232
(3092, 4045)	6233
(914, 938)	6234
(284, 2161)	6235
(5278, 764)	6236
(586, 115)	6237
(377, 2742)	6238
(2814, 1150)	6239
(4995, 2120)	6240
(311, 504)	6241
(348, 606)	6242
(387, 3308)	6243
(298, 310)	6244
(285, 2903)	6245
(464, 304)	6246
(379, 2426)	6247
(348, 589)	6248
(2611, 1953)	6249
(3191, 432)	6250
(106, 260)	6251
(490, 1861)	6252
(2045, 267)	6253
(114, 397)	6254
(3410, 471)	6255
(547, 5338)	6256
(5341, 417)	6257
(290, 108)	6258
(4065, 115)	6259
(351, 304)	6260
(1460, 280)	6261
(347, 1038)	6262
(560, 397)	6263
(303, 287)	6264
(1024, 1471)	6265
(810, 104)	6266
(6266, 1033)	6267
(6267, 264)	6268
(278, 477)	6269
(256, 737)	6270
(121, 264)	6271
(114, 784)	6272
(5354, 976)	6273
(6273, 638)	6274
(76, 1199)	6275
(4501, 373)	6276
(2091, 525)	6277
(2382, 595)	6278
(300, 260)	6279
(295, 390)	6280
(3889, 759)	6281
(710, 432)	6282
(112, 2015)	6283
(287, 118)	6284
(1202, 3212)	6285
(290, 1126)	6286
(2144, 267)	6287
(52, 49)	6288
(290, 565)	6289
(1266, 101)	6290
(321, 376)	6291
(4747, 1842)	6292
(350, 578)	6293
(434, 706)	6294
(5364, 398)	6295
(434, 1055)	6296
(290, 1176)	6297
(109, 3895)	6298
(330, 477)	6299
(98, 330)	6300
(1038, 266)	6301
(3567, 267)	6302
(365, 279)	6303
(384, 578)	6304
(3016, 5378)	6305
(318, 833)	6306
(1947, 471)	6307
(315, 279)	6308
(115, 336)	6309
(1007, 346)	6310
(104, 259)	6311
(3094, 476)	6312
(1242, 1608)	6313
(1253, 1161)	6314
(290, 3438)	6315
(370, 1301)	6316
(1157, 100)	6317
(122, 273)	6318
(4519, 1163)	6319
(2678, 1744)	6320
(6320, 292)	6321
(2094, 1927)	6322
(4521, 262)	6323
(338, 101)	6324
(2036, 346)	6325
(396, 268)	6326
(1803, 98)	6327
(6327, 1407)	6328
(5046, 317)	6329
(486, 291)	6330
(279, 291)	6331
(356, 2460)	6332
(482, 932)	6333
(114, 399)	6334
(5824, 5391)	6335
(324, 263)	6336
(118, 703)	6337
(1915, 313)	6338
(4528, 3027)	6339
(271, 341)	6340
(2999, 3303)	6341
(45, 415)	6342
(1418, 269)	6343
(448, 3913)	6344
(411, 1898)	6345
(299, 731)	6346
(6346, 2505)	6347
(3122, 1261)	6348
(347, 2150)	6349
(2061, 2314)	6350
(998, 1269)	6351
(194, 176)	6352
(338, 121)	6353
(98, 267)	6354
(315, 572)	6355
(332, 1629)	6356
(4302, 613)	6357
(298, 438)	6358
(264, 269)	6359
(3461, 121)	6360
(84, 101)	6361
(4304, 510)	6362
(109, 271)	6363
(852, 1834)	6364
(289, 1126)	6365
(1338, 1674)	6366
(265, 4263)	6367
(362, 263)	6368
(67, 275)	6369
(838, 5857)	6370
(447, 121)	6371
(264, 397)	6372
(323, 398)	6373
(332, 469)	6374
(1737, 1538)	6375
(1545, 704)	6376
(356, 5070)	6377
(5074, 2744)	6378
(1465, 266)	6379
(196, 171)	6380
(1848, 262)	6381
(2626, 267)	6382
(263, 399)	6383
(347, 411)	6384
(906, 114)	6385
(6385, 751)	6386
(1792, 399)	6387
(2595, 286)	6388
(277, 358)	6389
(3098, 417)	6390
(1797, 267)	6391
(281, 1962)	6392
(4802, 267)	6393
(634, 917)	6394
(338, 558)	6395
(530, 101)	6396
(2147, 449)	6397
(317, 116)	6398
(393, 428)	6399
(377, 442)	6400
(261, 1777)	6401
(3469, 544)	6402
(309, 440)	6403
(119, 271)	6404
(4977, 513)	6405
(324, 1120)	6406
(45, 101)	6407
(2488, 294)	6408
(2056, 121)	6409
(1728, 291)	6410
(320, 1068)	6411
(266, 363)	6412
(66, 101)	6413
(303, 365)	6414
(454, 280)	6415
(5099, 267)	6416
(2886, 259)	6417
(277, 97)	6418
(383, 269)	6419
(3616, 280)	6420
(5911, 363)	6421
(115, 1084)	6422
(2555, 373)	6423
(277, 969)	6424
(6424, 1083)	6425
(71, 114)	6426
(4581, 2367)	6427
(560, 493)	6428
(310, 260)	6429
(2908, 292)	6430
(682, 925)	6431
(307, 97)	6432
(282, 5456)	6433
(356, 2005)	6434
(711, 530)	6435
(67, 273)	6436
(349, 595)	6437
(564, 495)	6438
(925, 262)	6439
(1739, 5470)	6440
(77, 371)	6441
(87, 271)	6442
(82, 3583)	6443
(335, 291)	6444
(99, 271)	6445
(270, 306)	6446
(453, 4837)	6447
(315, 1599)	6448
(4956, 286)	6449
(102, 1563)	6450
(3730, 267)	6451
(391, 327)	6452
(649, 268)	6453
(66, 316)	6454
(3129, 268)	6455
(356, 338)	6456
(303, 4842)	6457
(323, 1968)	6458
(5488, 325)	6459
(2829, 115)	6460
(4587, 976)	6461
(420, 5948)	6462
(2572, 1297)	6463
(632, 10)	6464
(277, 283)	6465
(300, 904)	6466
(2365, 467)	6467
(6467, 478)	6468
(1300, 761)	6469
(333, 268)	6470
(79, 115)	6471
(72, 381)	6472
(3889, 354)	6473
(1801, 115)	6474
(870, 1880)	6475
(279, 266)	6476
(3361, 392)	6477
(299, 310)	6478
(5907, 573)	6479
(2060, 4856)	6480
(4363, 3050)	6481
(1256, 2165)	6482
(311, 109)	6483
(68, 111)	6484
(364, 944)	6485
(1055, 291)	6486
(33, 34)	6487
(361, 2514)	6488
(332, 4863)	6489
(290, 2066)	6490
(959, 263)	6491
(379, 471)	6492
(860, 283)	6493
(111, 325)	6494
(1466, 115)	6495
(309, 374)	6496
(313, 748)	6497
(4613, 402)	6498
(5978, 558)	6499
(535, 291)	6500
(114, 326)	6501
(1847, 292)	6502
(738, 115)	6503
(362, 2707)	6504
(1551, 2590)	6505
(57, 57)	6506
(1891, 97)	6507
(1001, 286)	6508
(116, 474)	6509
(285, 4875)	6510
(379, 339)	6511
(77, 262)	6512
(362, 5165)	6513
(338, 670)	6514
(5994, 1084)	6515
(1018, 5121)	6516
(5996, 2386)	6517
(290, 117)	6518
(305, 115)	6519
(311, 1361)	6520
(83, 449)	6521
(6521, 4374)	6522
(370, 6002)	6523
(1158, 478)	6524
(427, 310)	6525
(354, 267)	6526
(295, 3601)	6527
(1737, 365)	6528
(466, 97)	6529
(299, 569)	6530
(1577, 115)	6531
(115, 109)	6532
(65, 103)	6533
(2424, 5854)	6534
(6534, 705)	6535
(324, 727)	6536
(3410, 345)	6537
(66, 121)	6538
(424, 148)	6539
(350, 273)	6540
(287, 116)	6541
(3492, 121)	6542
(365, 3991)	6543
(6543, 5118)	6544
(4567, 339)	6545
(852, 464)	6546
(281, 1381)	6547
(1024, 115)	6548
(4162, 1316)	6549
(4324, 267)	6550
(362, 623)	6551
(208, 189)	6552
(931, 685)	6553
(482, 4381)	6554
(303, 3862)	6555
(3108, 105)	6556
(4884, 1325)	6557
(389, 408)	6558
(331, 414)	6559
(1623, 4334)	6560
(705, 685)	6561
(362, 5560)	6562
(3084, 6040)	6563
(5563, 693)	6564
(290, 316)	6565
(5569, 990)	6566
(4526, 5853)	6567
(452, 104)	6568
(3644, 286)	6569
(285, 512)	6570
(281, 5189)	6571
(360, 101)	6572
(338, 264)	6573
(315, 6050)	6574
(5571, 602)	6575
(1623, 922)	6576
(347, 468)	6577
(3645, 2435)	6578
(5577, 5578)	6579
(6579, 1849)	6580
(835, 109)	6581
(6054, 759)	6582
(69, 3998)	6583
(3786, 1682)	6584
(309, 421)	6585
(795, 1286)	6586
(304, 262)	6587
(309, 3895)	6588
(1062, 2241)	6589
(3589, 260)	6590
(5592, 400)	6591
(1503, 2546)	6592
(4400, 1817)	6593
(6593, 266)	6594
(514, 723)	6595
(350, 301)	6596
(3783, 1084)	6597
(284, 263)	6598
(332, 280)	6599
(2641, 1656)	6600
(6073, 345)	6601
(119, 119)	6602
(309, 682)	6603
(1552, 3495)	6604
(72, 82)	6605
(284, 259)	6606
(83, 558)	6607
(3007, 115)	6608
(4286, 899)	6609
(1391, 498)	6610
(4393, 99)	6611
(2559, 596)	6612
(87, 650)	6613
(3231, 267)	6614
(543, 5151)	6615
(2099, 75)	6616
(259, 3593)	6617
(55, 50)	6618
(595, 2615)	6619
(6619, 275)	6620
(6620, 1037)	6621
(6621, 5498)	6622
(122, 105)	6623
(370, 1217)	6624
(2316, 115)	6625
(5616, 3221)	6626
(6089, 4652)	6627
(615, 286)	6628
(107, 3242)	6629
(273, 262)	6630
(355, 5620)	6631
(197, 159)	6632
(3740, 5621)	6633
(350, 374)	6634
(1648, 339)	6635
(1374, 346)	6636
(1418, 346)	6637
(323, 279)	6638
(391, 499)	6639
(2714, 115)	6640
(290, 686)	6641
(83, 1368)	6642
(1234, 114)	6643
(6643, 919)	6644
(315, 273)	6645
(634, 2015)	6646
(331, 365)	6647
(316, 400)	6648
(3493, 2051)	6649
(324, 2783)	6650
(420, 414)	6651
(1885, 464)	6652
(3354, 585)	6653
(53, 54)	6654
(1970, 1083)	6655
(1994, 115)	6656
(104, 456)	6657
(3128, 5211)	6658
(3550, 481)	6659
(884, 1608)	6660
(267, 101)	6661
(347, 497)	6662
(69, 2556)	6663
(78, 5637)	6664
(39, 283)	6665
(71, 78)	6666
(225, 187)	6667
(643, 2015)	6668
(1845, 111)	6669
(6669, 286)	6670
(309, 269)	6671
(1190, 346)	6672
(104, 117)	6673
(887, 400)	6674
(2540, 4664)	6675
(75, 4006)	6676
(434, 4006)	6677
(80, 1641)	6678
(6129, 5322)	6679
(421, 262)	6680
(5006, 5744)	6681
(4638, 101)	6682
(342, 3220)	6683
(6683, 4917)	6684
(4639, 5643)	6685
(6107, 4635)	6686
(6686, 69)	6687
(73, 83)	6688
(4089, 702)	6689
(908, 334)	6690
(336, 111)	6691
(4022, 416)	6692
(4935, 5248)	6693
(2720, 970)	6694
(1015, 376)	6695
(1935, 5656)	6696
(298, 6138)	6697
(376, 874)	6698
(6698, 2218)	6699
(434, 1146)	6700
(1639, 1495)	6701
(678, 3516)	6702
(303, 319)	6703
(314, 105)	6704
(324, 383)	6705
(2652, 623)	6706
(1695, 5649)	6707
(4306, 4853)	6708
(739, 325)	6709
(281, 4939)	6710
(5673, 402)	6711
(4399, 115)	6712
(3212, 6147)	6713
(260, 1476)	6714
(355, 3159)	6715
(1290, 122)	6716
(360, 6149)	6717
(3789, 3066)	6718
(78, 507)	6719
(87, 598)	6720
(5684, 346)	6721
(1421, 266)	6722
(1073, 331)	6723
(281, 628)	6724
(2586, 2406)	6725
(289, 1968)	6726
(2527, 269)	6727
(306, 269)	6728
(290, 752)	6729
(1260, 2287)	6730
(321, 103)	6731
(490, 802)	6732
(4027, 292)	6733
(284, 787)	6734
(79, 562)	6735
(324, 4029)	6736
(4690, 268)	6737
(6181, 267)	6738
(4030, 833)	6739
(586, 110)	6740
(1077, 262)	6741
(2197, 3842)	6742
(5710, 521)	6743
(6743, 5711)	6744
(2596, 122)	6745
(306, 105)	6746
(728, 4447)	6747
(5718, 752)	6748
(284, 2148)	6749
(5294, 267)	6750
(259, 954)	6751
(2805, 943)	6752
(290, 273)	6753
(532, 606)	6754
(2298, 2527)	6755
(523, 358)	6756
(1110, 267)	6757
(4233, 676)	6758
(99, 3683)	6759
(258, 493)	6760
(342, 3856)	6761
(277, 983)	6762
(322, 638)	6763
(489, 3685)	6764
(4041, 4042)	6765
(567, 280)	6766
(391, 5739)	6767
(373, 825)	6768
(1666, 267)	6769
(111, 97)	6770
(658, 267)	6771
(420, 432)	6772
(5313, 3081)	6773
(1295, 330)	6774
(6228, 5751)	6775
(45, 86)	6776
(664, 2189)	6777
(430, 115)	6778
(299, 97)	6779
(1623, 615)	6780
(486, 478)	6781
(2805, 392)	6782
(1562, 3093)	6783
(978, 1563)	6784
(792, 431)	6785
(195, 162)	6786
(2886, 105)	6787
(82, 111)	6788
(34, 991)	6789
(694, 55)	6790
(341, 291)	6791
(6245, 304)	6792
(1002, 373)	6793
(2905, 114)	6794
(4058, 830)	6795
(65, 497)	6796
(6796, 1081)	6797
(348, 412)	6798
(5333, 109)	6799
(370, 1360)	6800
(1695, 105)	6801
(6801, 407)	6802
(319, 703)	6803
(4490, 1667)	6804
(104, 3705)	6805
(2351, 101)	6806
(1392, 4266)	6807
(6807, 383)	6808
(290, 336)	6809
(4734, 267)	6810
(5344, 477)	6811
(256, 1712)	6812
(6812, 116)	6813
(290, 493)	6814
(268, 562)	6815
(412, 647)	6816
(284, 5773)	6817
(281, 4736)	6818
(1299, 339)	6819
(270, 108)	6820
(352, 317)	6821
(3102, 1269)	6822
(32, 359)	6823
(449, 286)	6824
(3711, 267)	6825
(256, 2158)	6826
(284, 433)	6827
(908, 419)	6828
(5782, 4740)	6829
(281, 109)	6830
(277, 619)	6831
(1296, 115)	6832
(1338, 546)	6833
(1270, 5355)	6834
(361, 851)	6835
(2215, 304)	6836
(307, 121)	6837
(3011, 389)	6838
(953, 6283)	6839
(356, 5022)	6840
(290, 829)	6841
(103, 1004)	6842
(547, 1661)	6843
(524, 267)	6844
(1195, 1969)	6845
(324, 1038)	6846
(324, 2460)	6847
(5363, 6290)	6848
(316, 115)	6849
(348, 5024)	6850
(292, 407)	6851
(1681, 645)	6852
(330, 260)	6853
(362, 301)	6854
(108, 343)	6855
(2587, 336)	6856
(434, 101)	6857
(4751, 731)	6858
(80, 65)	6859
(852, 3182)	6860
(258, 5030)	6861
(360, 1026)	6862
(5377, 115)	6863
(2922, 2169)	6864
(2220, 2565)	6865
(285, 570)	6866
(1002, 381)	6867
(6190, 477)	6868
(4516, 2593)	6869
(103, 2217)	6870
(5814, 3903)	6871
(283, 118)	6872
(65, 1222)	6873
(6873, 286)	6874
(216, 168)	6875
(517, 5045)	6876
(484, 317)	6877
(309, 1492)	6878
(65, 327)	6879
(77, 4522)	6880
(431, 389)	6881
(1210, 703)	6882
(80, 271)	6883
(117, 372)	6884
(99, 313)	6885
(356, 97)	6886
(54, 56)	6887
(294, 107)	6888
(2380, 399)	6889
(284, 1033)	6890
(2695, 5716)	6891
(66, 4029)	6892
(69, 120)	6893
(1320, 6340)	6894
(344, 105)	6895
(387, 559)	6896
(6896, 3227)	6897
(1007, 3747)	6898
(384, 1804)	6899
(1053, 115)	6900
(2383, 3750)	6901
(448, 3334)	6902
(278, 1853)	6903
(51, 1897)	6904
(355, 407)	6905
(290, 887)	6906
(6353, 734)	6907
(2719, 280)	6908
(1708, 267)	6909
(2200, 400)	6910
(324, 768)	6911
(978, 930)	6912
(5407, 2931)	6913
(307, 506)	6914
(801, 704)	6915
(2634, 115)	6916
(2872, 645)	6917
(281, 4536)	6918
(6365, 4101)	6919
(547, 1879)	6920
(1827, 736)	6921
(5061, 69)	6922
(324, 1981)	6923
(1031, 264)	6924
(98, 287)	6925
(3933, 642)	6926
(678, 1871)	6927
(334, 115)	6928
(1082, 115)	6929
(290, 110)	6930
(1066, 702)	6931
(2491, 498)	6932
(89, 5068)	6933
(364, 786)	6934
(285, 1537)	6935
(2363, 1804)	6936
(387, 6381)	6937
(1093, 304)	6938
(5872, 1025)	6939
(4493, 909)	6940
(298, 1963)	6941
(389, 291)	6942
(342, 909)	6943
(6943, 280)	6944
(86, 68)	6945
(1285, 2100)	6946
(32, 358)	6947
(1254, 4091)	6948
(67, 271)	6949
(32, 2757)	6950
(118, 829)	6951
(370, 5879)	6952
(117, 260)	6953
(45, 1446)	6954
(855, 1537)	6955
(1285, 550)	6956
(3111, 1004)	6957
(397, 117)	6958
(277, 510)	6959
(315, 396)	6960
(99, 317)	6961
(1430, 4322)	6962
(5436, 291)	6963
(300, 5365)	6964
(55, 56)	6965
(309, 330)	6966
(307, 2625)	6967
(678, 457)	6968
(287, 108)	6969
(3427, 617)	6970
(6970, 4033)	6971
(792, 6409)	6972
(503, 5094)	6973
(3475, 97)	6974
(5898, 1061)	6975
(66, 268)	6976
(5445, 1856)	6977
(355, 5395)	6978
(52, 56)	6979
(2485, 351)	6980
(4817, 627)	6981
(65, 2449)	6982
(324, 283)	6983
(283, 919)	6984
(1848, 345)	6985
(2949, 2587)	6986
(108, 279)	6987
(678, 5909)	6988
(46, 65)	6989
(4561, 1541)	6990
(303, 1952)	6991
(4335, 499)	6992
(5453, 304)	6993
(473, 1682)	6994
(3470, 291)	6995
(67, 1055)	6996
(65, 2259)	6997
(290, 313)	6998
(82, 1592)	6999
(5271, 585)	7000
(5454, 373)	7001
(4827, 383)	7002
(4268, 785)	7003
(708, 365)	7004
(1649, 4737)	7005
(100, 266)	7006
(76, 488)	7007
(104, 271)	7008
(6435, 345)	7009
(76, 2915)	7010
(292, 101)	7011
(347, 4342)	7012
(930, 1297)	7013
(5112, 111)	7014
(1408, 3023)	7015
(756, 115)	7016
(256, 1638)	7017
(1227, 2561)	7018
(939, 2011)	7019
(2357, 115)	7020
(426, 3872)	7021
(434, 334)	7022
(256, 280)	7023
(2738, 594)	7024
(82, 458)	7025
(7025, 428)	7026
(1517, 467)	7027
(309, 3210)	7028
(361, 471)	7029
(2810, 345)	7030
(387, 704)	7031
(306, 670)	7032
(1498, 389)	7033
(3250, 1730)	7034
(717, 336)	7035
(298, 1563)	7036
(3431, 734)	7037
(874, 718)	7038
(384, 414)	7039
(327, 269)	7040
(1901, 2198)	7041
(1279, 5129)	7042
(290, 457)	7043
(1500, 562)	7044
(324, 327)	7045
(542, 2026)	7046
(7046, 105)	7047
(490, 115)	7048
(3943, 291)	7049
(3594, 5941)	7050
(394, 366)	7051
(277, 287)	7052
(953, 3794)	7053
(272, 2034)	7054
(1441, 305)	7055
(1308, 504)	7056
(543, 1287)	7057
(358, 267)	7058
(884, 117)	7059
(315, 871)	7060
(3090, 345)	7061
(821, 6246)	7062
(299, 317)	7063
(324, 396)	7064
(7064, 3972)	7065
(812, 3900)	7066
(311, 5144)	7067
(7067, 4145)	7068
(350, 334)	7069
(591, 6470)	7070
(298, 1241)	7071
(7071, 474)	7072
(383, 97)	7073
(4122, 291)	7074
(988, 983)	7075
(4539, 1412)	7076
(347, 262)	7077
(2668, 366)	7078
(76, 5967)	7079
(338, 105)	7080
(290, 618)	7081
(950, 115)	7082
(289, 5327)	7083
(362, 453)	7084
(2846, 286)	7085
(895, 417)	7086
(119, 392)	7087
(1773, 263)	7088
(6484, 1682)	7089
(1002, 314)	7090
(3629, 5510)	7091
(7091, 1151)	7092
(853, 274)	7093
(83, 119)	7094
(114, 457)	7095
(871, 112)	7096
(7096, 786)	7097
(1707, 5722)	7098
(284, 2755)	7099
(1301, 565)	7100
(4591, 269)	7101
(256, 4835)	7102
(300, 628)	7103
(360, 2644)	7104
(369, 78)	7105
(1722, 266)	7106
(2622, 339)	7107
(285, 5974)	7108
(259, 698)	7109
(315, 383)	7110
(554, 1698)	7111
(2258, 339)	7112
(689, 3464)	7113
(7113, 267)	7114
(1091, 414)	7115
(293, 3767)	7116
(1544, 715)	7117
(739, 1337)	7118
(3284, 269)	7119
(2119, 2040)	7120
(261, 4243)	7121
(111, 264)	7122
(267, 969)	7123
(4616, 642)	7124
(300, 2441)	7125
(4619, 5990)	7126
(277, 6511)	7127
(6170, 530)	7128
(431, 305)	7129
(2059, 291)	7130
(4618, 456)	7131
(7131, 294)	7132
(2182, 402)	7133
(801, 262)	7134
(281, 428)	7135
(655, 330)	7136
(5169, 111)	7137
(270, 118)	7138
(256, 2646)	7139
(300, 397)	7140
(2962, 373)	7141
(45, 110)	7142
(467, 279)	7143
(1379, 6526)	7144
(339, 291)	7145
(372, 638)	7146
(379, 99)	7147
(70, 491)	7148
(72, 373)	7149
(1103, 546)	7150
(300, 1305)	7151
(391, 468)	7152
(7152, 1354)	7153
(267, 271)	7154
(655, 1377)	7155
(400, 1457)	7156
(110, 262)	7157
(362, 316)	7158
(393, 283)	7159
(324, 314)	7160
(4247, 400)	7161
(484, 2152)	7162
(7162, 122)	7163
(7163, 2216)	7164
(1089, 99)	7165
(5517, 521)	7166
(3061, 435)	7167
(2000, 1115)	7168
(5548, 3479)	7169
(80, 563)	7170
(285, 822)	7171
(284, 3825)	7172
(350, 259)	7173
(398, 570)	7174
(2271, 6026)	7175
(1735, 1355)	7176
(68, 3640)	7177
(5041, 119)	7178
(2836, 108)	7179
(810, 107)	7180
(1112, 3433)	7181
(348, 436)	7182
(2945, 262)	7183
(208, 190)	7184
(5077, 615)	7185
(362, 433)	7186
(1405, 464)	7187
(6555, 2762)	7188
(1522, 260)	7189
(4634, 273)	7190
(5037, 423)	7191
(334, 294)	7192
(3693, 114)	7193
(1256, 115)	7194
(364, 510)	7195
(6048, 310)	7196
(75, 4758)	7197
(356, 71)	7198
(263, 105)	7199
(295, 313)	7200
(347, 4176)	7201
(3614, 267)	7202
(941, 280)	7203
(347, 6431)	7204
(300, 97)	7205
(293, 2374)	7206
(3007, 267)	7207
(799, 267)	7208
(315, 269)	7209
(5930, 763)	7210
(1060, 3942)	7211
(314, 1469)	7212
(1466, 399)	7213
(257, 351)	7214
(119, 97)	7215
(6586, 101)	7216
(353, 3195)	7217
(307, 111)	7218
(270, 5513)	7219
(348, 330)	7220
(32, 922)	7221
(5586, 345)	7222
(355, 396)	7223
(3913, 286)	7224
(7224, 358)	7225
(5587, 748)	7226
(6046, 268)	7227
(384, 4904)	7228
(1008, 263)	7229
(456, 260)	7230
(362, 108)	7231
(1949, 6064)	7232
(404, 374)	7233
(362, 1824)	7234
(195, 184)	7235
(324, 5203)	7236
(840, 267)	7237
(1980, 414)	7238
(494, 260)	7239
(2038, 1143)	7240
(396, 3990)	7241
(6598, 878)	7242
(6071, 286)	7243
(290, 1711)	7244
(2934, 3065)	7245
(728, 400)	7246
(75, 268)	7247
(330, 100)	7248
(360, 3697)	7249
(261, 649)	7250
(1279, 4101)	7251
(266, 100)	7252
(2643, 1143)	7253
(2669, 557)	7254
(897, 2441)	7255
(1112, 351)	7256
(1570, 2815)	7257
(6535, 400)	7258
(1394, 3559)	7259
(5115, 345)	7260
(3798, 120)	7261
(5523, 478)	7262
(324, 534)	7263
(7263, 1252)	7264
(77, 99)	7265
(71, 442)	7266
(300, 653)	7267
(383, 2692)	7268
(347, 330)	7269
(6090, 259)	7270
(7270, 1407)	7271
(360, 414)	7272
(678, 1262)	7273
(4138, 317)	7274
(364, 5220)	7275
(941, 102)	7276
(80, 108)	7277
(323, 2580)	7278
(365, 2593)	7279
(1584, 2902)	7280
(5624, 1518)	7281
(4594, 2135)	7282
(350, 438)	7283
(303, 78)	7284
(455, 4451)	7285
(281, 6321)	7286
(6558, 101)	7287
(114, 351)	7288
(256, 443)	7289
(332, 428)	7290
(1239, 5925)	7291
(7291, 608)	7292
(7292, 460)	7293
(1006, 97)	7294
(80, 71)	7295
(4380, 1793)	7296
(835, 274)	7297
(1202, 544)	7298
(46, 68)	7299
(299, 263)	7300
(399, 111)	7301
(104, 564)	7302
(1441, 452)	7303
(1501, 111)	7304
(285, 268)	7305
(3211, 1784)	7306
(256, 464)	7307
(3028, 478)	7308
(3517, 4846)	7309
(7309, 66)	7310
(7310, 5229)	7311
(362, 3259)	7312
(2824, 3553)	7313
(2301, 5506)	7314
(103, 259)	7315
(2125, 2399)	7316
(2457, 1187)	7317
(114, 263)	7318
(287, 389)	7319
(307, 6605)	7320
(284, 1854)	7321
(289, 1492)	7322
(114, 608)	7323
(262, 310)	7324
(7324, 592)	7325
(1501, 659)	7326
(2232, 4676)	7327
(4397, 4569)	7328
(381, 115)	7329
(816, 115)	7330
(348, 564)	7331
(3097, 6674)	7332
(404, 345)	7333
(3427, 4194)	7334
(306, 705)	7335
(118, 5931)	7336
(372, 390)	7337
(7337, 102)	7338
(7338, 510)	7339
(1292, 3609)	7340
(7340, 6132)	7341
(456, 943)	7342
(86, 2142)	7343
(303, 689)	7344
(45, 1800)	7345
(197, 188)	7346
(299, 1376)	7347
(885, 259)	7348
(350, 974)	7349
(49, 694)	7350
(71, 2717)	7351
(119, 1684)	7352
(1644, 3655)	7353
(6380, 107)	7354
(7354, 1252)	7355
(78, 2171)	7356
(1792, 6140)	7357
(542, 310)	7358
(86, 2032)	7359
(5663, 498)	7360
(2140, 176)	7361
(119, 1444)	7362
(2652, 267)	7363
(311, 100)	7364
(7364, 731)	7365
(7365, 111)	7366
(307, 6142)	7367
(923, 449)	7368
(2426, 909)	7369
(326, 117)	7370
(692, 6486)	7371
(2474, 6713)	7372
(5670, 330)	7373
(7373, 5536)	7374
(370, 6714)	7375
(290, 1170)	7376
(7376, 428)	7377
(3799, 50)	7378
(2065, 115)	7379
(404, 1984)	7380
(6716, 108)	7381
(2318, 154)	7382
(303, 2179)	7383
(7383, 111)	7384
(3634, 396)	7385
(7385, 115)	7386
(537, 2063)	7387
(5264, 1541)	7388
(310, 271)	7389
(387, 6154)	7390
(352, 264)	7391
(7391, 1113)	7392
(7392, 105)	7393
(314, 5591)	7394
(72, 2247)	7395
(3201, 97)	7396
(2349, 1435)	7397
(3520, 402)	7398
(527, 259)	7399
(356, 3659)	7400
(362, 259)	7401
(6159, 6722)	7402
(365, 495)	7403
(45, 97)	7404
(1438, 645)	7405
(82, 383)	7406
(2872, 105)	7407
(4207, 3834)	7408
(2974, 376)	7409
(1035, 865)	7410
(287, 99)	7411
(5696, 264)	7412
(835, 2977)	7413
(1066, 440)	7414
(2979, 292)	7415
(263, 2040)	7416
(3837, 1199)	7417
(503, 2290)	7418
(1119, 5706)	7419
(299, 5286)	7420
(349, 2534)	7421
(7421, 412)	7422
(7422, 379)	7423
(2796, 4012)	7424
(272, 680)	7425
(1016, 1148)	7426
(1893, 499)	7427
(272, 264)	7428
(7428, 318)	7429
(7429, 551)	7430
(3287, 2971)	7431
(1136, 115)	7432
(705, 266)	7433
(300, 809)	7434
(778, 578)	7435
(7435, 423)	7436
(5289, 263)	7437
(272, 2730)	7438
(272, 259)	7439
(952, 833)	7440
(300, 4973)	7441
(1975, 341)	7442
(6756, 2189)	7443
(327, 1861)	7444
(717, 496)	7445
(361, 1689)	7446
(1243, 628)	7447
(5303, 317)	7448
(1683, 4238)	7449
(643, 736)	7450
(6220, 115)	7451
(5306, 496)	7452
(1561, 267)	7453
(1103, 1207)	7454
(384, 1108)	7455
(5742, 267)	7456
(357, 98)	7457
(391, 5311)	7458
(1588, 748)	7459
(7459, 1081)	7460
(937, 49)	7461
(3413, 112)	7462
(2231, 115)	7463
(119, 583)	7464
(266, 269)	7465
(944, 267)	7466
(2247, 266)	7467
(323, 286)	7468
(1530, 291)	7469
(1265, 105)	7470
(2424, 467)	7471
(887, 305)	7472
(2545, 271)	7473
(5310, 273)	7474
(543, 100)	7475
(720, 1269)	7476
(319, 402)	7477
(3307, 1110)	7478
(3418, 267)	7479
(32, 1146)	7480
(2310, 1715)	7481
(5328, 1414)	7482
(514, 336)	7483
(2816, 442)	7484
(379, 102)	7485
(477, 101)	7486
(1549, 734)	7487
(108, 97)	7488
(3098, 98)	7489
(278, 363)	7490
(383, 4481)	7491
(80, 280)	7492
(625, 2354)	7493
(6798, 389)	7494
(3561, 406)	7495
(1836, 260)	7496
(349, 121)	7497
(7497, 506)	7498
(333, 260)	7499
(376, 6803)	7500
(5293, 534)	7501
(102, 1108)	7502
(5770, 683)	7503
(765, 6805)	7504
(300, 5768)	7505
(119, 3860)	7506
(5307, 680)	7507
(323, 2678)	7508
(7508, 1672)	7509
(350, 528)	7510
(294, 807)	7511
(262, 286)	7512
(2747, 333)	7513
(484, 268)	7514
(285, 432)	7515
(264, 400)	7516
(1240, 97)	7517
(466, 2152)	7518
(1016, 267)	7519
(332, 2380)	7520
(1066, 1599)	7521
(361, 2876)	7522
(3570, 116)	7523
(7523, 3882)	7524
(3173, 5014)	7525
(449, 3195)	7526
(324, 1089)	7527
(319, 97)	7528
(6827, 4068)	7529
(307, 6828)	7530
(272, 3318)	7531
(281, 2361)	7532
(924, 4027)	7533
(711, 437)	7534
(277, 537)	7535
(815, 6842)	7536
(314, 116)	7537
(4076, 645)	7538
(45, 82)	7539
(102, 97)	7540
(362, 266)	7541
(2485, 6851)	7542
(7542, 262)	7543
(285, 428)	7544
(348, 317)	7545
(4077, 267)	7546
(836, 1810)	7547
(39, 65)	7548
(556, 1269)	7549
(323, 969)	7550
(3846, 5761)	7551
(4281, 109)	7552
(285, 294)	7553
(2425, 291)	7554
(109, 809)	7555
(270, 5368)	7556
(1147, 291)	7557
(356, 458)	7558
(309, 275)	7559
(54, 57)	7560
(355, 731)	7561
(1172, 1326)	7562
(1807, 865)	7563
(4286, 708)	7564
(978, 118)	7565
(32, 59)	7566
(1172, 100)	7567
(2323, 111)	7568
(2830, 167)	7569
(7569, 4763)	7570
(2987, 399)	7571
(309, 6317)	7572
(897, 798)	7573
(4765, 1828)	7574
(1924, 456)	7575
(356, 264)	7576
(336, 97)	7577
(69, 4212)	7578
(1240, 121)	7579
(348, 283)	7580
(643, 1813)	7581
(637, 2260)	7582
(103, 874)	7583
(941, 803)	7584
(1545, 1902)	7585
(300, 358)	7586
(7586, 417)	7587
(195, 137)	7588
(4533, 105)	7589
(270, 617)	7590
(484, 286)	7591
(1919, 269)	7592
(1110, 1186)	7593
(307, 280)	7594
(3862, 1667)	7595
(450, 111)	7596
(7596, 2222)	7597
(1797, 291)	7598
(450, 1823)	7599
(1295, 734)	7600
(4708, 294)	7601
(322, 269)	7602
(371, 291)	7603
(285, 264)	7604
(5842, 1395)	7605
(2496, 399)	7606
(2655, 3852)	7607
(4778, 2445)	7608
(116, 394)	7609
(299, 5846)	7610
(4765, 6359)	7611
(1254, 996)	7612
(66, 401)	7613
(277, 1693)	7614
(3231, 115)	7615
(1522, 645)	7616
(1806, 104)	7617
(1621, 115)	7618
(3930, 115)	7619
(3094, 279)	7620
(32, 688)	7621
(262, 304)	7622
(523, 2063)	7623
(2159, 442)	7624
(107, 291)	7625
(277, 273)	7626
(1026, 97)	7627
(4539, 534)	7628
(295, 433)	7629
(1795, 5858)	7630
(1448, 499)	7631
(393, 109)	7632
(98, 502)	7633
(83, 723)	7634
(266, 1898)	7635
(52, 57)	7636
(3387, 693)	7637
(445, 115)	7638
(6375, 1004)	7639
(923, 752)	7640
(360, 650)	7641
(105, 105)	7642
(1935, 259)	7643
(1764, 373)	7644
(732, 1058)	7645
(4796, 6938)	7646
(1251, 1301)	7647
(556, 833)	7648
(366, 267)	7649
(439, 5003)	7650
(328, 4547)	7651
(7651, 325)	7652
(83, 99)	7653
(1896, 2011)	7654
(272, 4317)	7655
(3682, 399)	7656
(105, 833)	7657
(298, 1968)	7658
(2481, 737)	7659
(4750, 1025)	7660
(5433, 339)	7661
(566, 398)	7662
(625, 562)	7663
(1803, 2977)	7664
(7664, 73)	7665
(1060, 3471)	7666
(365, 909)	7667
(2942, 115)	7668
(404, 273)	7669
(493, 260)	7670
(97, 1907)	7671
(299, 117)	7672
(370, 112)	7673
(488, 294)	7674
(383, 266)	7675
(107, 259)	7676
(4813, 115)	7677
(831, 2811)	7678
(726, 354)	7679
(2126, 1266)	7680
(503, 1108)	7681
(5893, 346)	7682
(117, 1098)	7683
(256, 1283)	7684
(480, 97)	7685
(437, 115)	7686
(355, 1212)	7687
(2308, 670)	7688
(362, 971)	7689
(323, 3044)	7690
(298, 314)	7691
(272, 464)	7692
(489, 6987)	7693
(1254, 728)	7694
(7694, 807)	7695
(1250, 411)	7696
(7696, 402)	7697
(307, 334)	7698
(83, 327)	7699
(362, 466)	7700
(77, 423)	7701
(109, 686)	7702
(663, 389)	7703
(7703, 330)	7704
(4776, 1353)	7705
(4094, 2399)	7706
(3245, 530)	7707
(290, 4317)	7708
(290, 7004)	7709
(929, 351)	7710
(258, 102)	7711
(424, 156)	7712
(356, 2050)	7713
(335, 313)	7714
(289, 263)	7715
(4828, 291)	7716
(2059, 667)	7717
(112, 976)	7718
(298, 659)	7719
(434, 5781)	7720
(421, 266)	7721
(300, 6438)	7722
(303, 121)	7723
(404, 5921)	7724
(2436, 267)	7725
(67, 121)	7726
(469, 346)	7727
(39, 46)	7728
(323, 121)	7729
(309, 1033)	7730
(812, 366)	7731
(4558, 7013)	7732
(897, 1521)	7733
(3108, 116)	7734
(595, 498)	7735
(356, 1883)	7736
(2645, 115)	7737
(1002, 4343)	7738
(547, 994)	7739
(4134, 1945)	7740
(3170, 115)	7741
(342, 1950)	7742
(107, 121)	7743
(356, 437)	7744
(420, 338)	7745
(45, 374)	7746
(261, 263)	7747
(3485, 713)	7748
(67, 680)	7749
(7021, 423)	7750
(875, 291)	7751
(5122, 477)	7752
(356, 3486)	7753
(5126, 121)	7754
(2426, 336)	7755
(2411, 1177)	7756
(87, 68)	7757
(350, 437)	7758
(260, 414)	7759
(5937, 339)	7760
(272, 2066)	7761
(2939, 267)	7762
(434, 464)	7763
(87, 568)	7764
(552, 5340)	7765
(4816, 268)	7766
(258, 2891)	7767
(298, 1504)	7768
(885, 4109)	7769
(278, 558)	7770
(2064, 7047)	7771
(7048, 488)	7772
(7772, 954)	7773
(2099, 67)	7774
(2321, 373)	7775
(521, 121)	7776
(535, 122)	7777
(272, 851)	7778
(384, 458)	7779
(5483, 562)	7780
(294, 967)	7781
(422, 3680)	7782
(906, 5945)	7783
(1013, 5946)	7784
(690, 1217)	7785
(7056, 101)	7786
(284, 306)	7787
(2107, 5107)	7788
(6461, 267)	7789
(2655, 100)	7790
(300, 1681)	7791
(2709, 115)	7792
(114, 715)	7793
(331, 2165)	7794
(370, 447)	7795
(262, 317)	7796
(103, 291)	7797
(361, 3342)	7798
(512, 925)	7799
(5955, 736)	7800
(543, 687)	7801
(3493, 400)	7802
(3769, 5500)	7803
(711, 443)	7804
(99, 273)	7805
(112, 273)	7806
(941, 269)	7807
(409, 2447)	7808
(3897, 823)	7809
(362, 1950)	7810
(2691, 469)	7811
(2270, 2302)	7812
(300, 1191)	7813
(1040, 286)	7814
(717, 2056)	7815
(356, 4603)	7816
(4983, 7087)	7817
(3763, 1359)	7818
(273, 968)	7819
(7819, 2591)	7820
(6485, 467)	7821
(7821, 1120)	7822
(72, 317)	7823
(362, 7097)	7824
(111, 2538)	7825
(7825, 5516)	7826
(2147, 615)	7827
(384, 1473)	7828
(705, 1689)	7829
(3906, 557)	7830
(668, 273)	7831
(7831, 1492)	7832
(361, 481)	7833
(962, 3386)	7834
(2162, 1325)	7835
(360, 2895)	7836
(404, 3076)	7837
(925, 260)	7838
(4424, 2035)	7839
(7110, 291)	7840
(5976, 363)	7841
(3325, 4277)	7842
(448, 1658)	7843
(7843, 969)	7844
(1571, 4868)	7845
(554, 109)	7846
(306, 1479)	7847
(1924, 7114)	7848
(1465, 449)	7849
(7849, 627)	7850
(295, 1088)	7851
(307, 650)	7852
(591, 101)	7853
(676, 292)	7854
(2338, 304)	7855
(803, 2701)	7856
(32, 47)	7857
(44, 194)	7858
(7858, 177)	7859
(2611, 5064)	7860
(103, 1068)	7861
(361, 3807)	7862
(109, 462)	7863
(407, 943)	7864
(2606, 294)	7865
(284, 1113)	7866
(350, 466)	7867
(4619, 3497)	7868
(434, 111)	7869
(5531, 2957)	7870
(452, 1266)	7871
(303, 438)	7872
(114, 1744)	7873
(527, 262)	7874
(5514, 341)	7875
(105, 273)	7876
(4879, 1025)	7877
(278, 110)	7878
(671, 264)	7879
(925, 731)	7880
(300, 264)	7881
(7881, 1143)	7882
(2436, 115)	7883
(3073, 3480)	7884
(2387, 4374)	7885
(911, 1182)	7886
(7144, 267)	7887
(4294, 5754)	7888
(373, 645)	7889
(6529, 497)	7890
(1356, 109)	7891
(7891, 3029)	7892
(3690, 259)	7893
(289, 433)	7894
(305, 994)	7895
(1226, 4864)	7896
(1251, 98)	7897
(323, 638)	7898
(7898, 294)	7899
(77, 97)	7900
(262, 399)	7901
(818, 346)	7902
(3625, 2823)	7903
(7158, 417)	7904
(290, 121)	7905
(2512, 4978)	7906
(356, 1575)	7907
(321, 2913)	7908
(1437, 325)	7909
(290, 330)	7910
(1428, 5545)	7911
(289, 286)	7912
(7912, 7165)	7913
(4879, 784)	7914
(7166, 692)	7915
(4125, 373)	7916
(6017, 2117)	7917
(108, 4380)	7918
(434, 273)	7919
(360, 2304)	7920
(291, 117)	7921
(4346, 354)	7922
(955, 443)	7923
(3274, 115)	7924
(482, 294)	7925
(2922, 263)	7926
(295, 260)	7927
(2854, 1982)	7928
(328, 4243)	7929
(1077, 455)	7930
(394, 280)	7931
(3241, 521)	7932
(7932, 294)	7933
(225, 142)	7934
(208, 181)	7935
(813, 55)	7936
(285, 3150)	7937
(396, 260)	7938
(384, 5556)	7939
(1239, 2542)	7940
(83, 351)	7941
(278, 2920)	7942
(1649, 1019)	7943
(84, 310)	7944
(370, 728)	7945
(5756, 656)	7946
(362, 527)	7947
(2317, 3830)	7948
(657, 497)	7949
(46, 1745)	7950
(355, 1334)	7951
(571, 1471)	7952
(1620, 268)	7953
(353, 1335)	7954
(84, 111)	7955
(1430, 6334)	7956
(441, 400)	7957
(324, 6568)	7958
(1886, 291)	7959
(493, 304)	7960
(72, 268)	7961
(99, 682)	7962
(404, 1592)	7963
(1795, 703)	7964
(6573, 645)	7965
(272, 1128)	7966
(455, 102)	7967
(331, 316)	7968
(6051, 373)	7969
(1626, 109)	7970
(364, 3276)	7971
(197, 161)	7972
(4173, 383)	7973
(7973, 2859)	7974
(3428, 105)	7975
(7975, 470)	7976
(3148, 2257)	7977
(459, 371)	7978
(1002, 1902)	7979
(383, 477)	7980
(7210, 2701)	7981
(835, 649)	7982
(76, 83)	7983
(407, 263)	7984
(3090, 608)	7985
(357, 316)	7986
(1446, 602)	7987
(309, 6583)	7988
(67, 2651)	7989
(290, 3230)	7990
(324, 4902)	7991
(78, 2516)	7992
(407, 100)	7993
(82, 262)	7994
(110, 397)	7995
(6311, 6055)	7996
(3690, 763)	7997
(1253, 4107)	7998
(105, 4258)	7999
(1438, 400)	8000
(320, 782)	8001
(4399, 603)	8002
(6571, 97)	8003
(1364, 7225)	8004
(575, 286)	8005
(4375, 2371)	8006
(2413, 909)	8007
(309, 1170)	8008
(357, 1262)	8009
(8009, 2402)	8010
(114, 498)	8011
(434, 365)	8012
(2752, 1205)	8013
(2573, 291)	8014
(323, 1488)	8015
(8015, 4795)	8016
(6596, 390)	8017
(105, 196)	8018
(8018, 135)	8019
(256, 435)	8020
(3325, 3979)	8021
(350, 749)	8022
(313, 588)	8023
(489, 259)	8024
(5143, 452)	8025
(5597, 108)	8026
(1030, 371)	8027
(348, 365)	8028
(8028, 3163)	8029
(300, 1907)	8030
(2029, 1395)	8031
(4115, 107)	8032
(8032, 106)	8033
(8033, 7241)	8034
(1036, 1553)	8035
(106, 1376)	8036
(8036, 264)	8037
(1120, 97)	8038
(364, 4151)	8039
(1031, 4768)	8040
(2805, 3683)	8041
(2683, 7243)	8042
(6599, 6072)	8043
(309, 455)	8044
(5960, 112)	8045
(8045, 1292)	8046
(8046, 110)	8047
(591, 659)	8048
(5206, 110)	8049
(916, 121)	8050
(324, 1627)	8051
(1045, 101)	8052
(2504, 115)	8053
(434, 2066)	8054
(5605, 264)	8055
(1545, 112)	8056
(80, 80)	8057
(256, 317)	8058
(362, 5209)	8059
(78, 338)	8060
(918, 3995)	8061
(8061, 1310)	8062
(362, 787)	8063
(4550, 111)	8064
(939, 115)	8065
(265, 627)	8066
(3532, 115)	8067
(348, 983)	8068
(1456, 291)	8069
(988, 565)	8070
(117, 273)	8071
(315, 4576)	8072
(379, 5212)	8073
(356, 527)	8074
(1505, 3135)	8075
(897, 273)	8076
(541, 1059)	8077
(365, 2135)	8078
(2417, 2406)	8079
(393, 273)	8080
(835, 259)	8081
(122, 1313)	8082
(484, 2214)	8083
(104, 5178)	8084
(911, 4586)	8085
(284, 4902)	8086
(362, 396)	8087
(8087, 6396)	8088
(502, 825)	8089
(273, 105)	8090
(1045, 6622)	8091
(110, 854)	8092
(281, 7268)	8093
(3693, 628)	8094
(362, 358)	8095
(360, 412)	8096
(8096, 2055)	8097
(2962, 970)	8098
(1588, 5029)	8099
(1196, 542)	8100
(195, 177)	8101
(3355, 115)	8102
(5109, 1677)	8103
(1211, 2563)	8104
(57, 55)	8105
(5774, 263)	8106
(1347, 606)	8107
(671, 104)	8108
(2318, 150)	8109
(324, 510)	8110
(453, 379)	8111
(918, 1084)	8112
(295, 495)	8113
(67, 80)	8114
(37, 296)	8115
(2155, 115)	8116
(2949, 5174)	8117
(99, 417)	8118
(3646, 7279)	8119
(7283, 602)	8120
(84, 1131)	8121
(342, 803)	8122
(980, 115)	8123
(459, 5971)	8124
(8124, 101)	8125
(39, 77)	8126
(280, 788)	8127
(362, 336)	8128
(118, 266)	8129
(1410, 562)	8130
(8130, 7285)	8131
(955, 105)	8132
(3122, 120)	8133
(6649, 693)	8134
(311, 83)	8135
(355, 510)	8136
(459, 1033)	8137
(7193, 460)	8138
(4346, 764)	8139
(373, 267)	8140
(393, 1138)	8141
(543, 734)	8142
(1364, 5231)	8143
(323, 264)	8144
(300, 273)	8145
(336, 569)	8146
(48, 52)	8147
(108, 1943)	8148
(364, 7296)	8149
(2061, 2415)	8150
(1922, 2762)	8151
(1031, 1286)	8152
(4023, 627)	8153
(280, 366)	8154
(1724, 374)	8155
(409, 116)	8156
(455, 376)	8157
(3818, 2938)	8158
(68, 317)	8159
(305, 105)	8160
(926, 4157)	8161
(323, 396)	8162
(1112, 1190)	8163
(8163, 336)	8164
(8164, 262)	8165
(104, 105)	8166
(1097, 115)	8167
(332, 275)	8168
(1875, 2900)	8169
(1090, 628)	8170
(110, 263)	8171
(356, 2181)	8172
(8172, 121)	8173
(1410, 104)	8174
(225, 186)	8175
(295, 438)	8176
(434, 1231)	8177
(299, 326)	8178
(311, 98)	8179
(443, 262)	8180
(1748, 111)	8181
(2159, 319)	8182
(362, 2921)	8183
(6118, 1033)	8184
(78, 111)	8185
(1831, 6836)	8186
(83, 3438)	8187
(7170, 589)	8188
(8188, 2308)	8189
(1899, 271)	8190
(5336, 7319)	8191
(2122, 383)	8192
(8192, 570)	8193
(8193, 5538)	8194
(669, 280)	8195
(1313, 115)	8196
(2286, 6123)	8197
(3369, 586)	8198
(6671, 6670)	8199
(4388, 5887)	8200
(5187, 534)	8201
(122, 5237)	8202
(122, 570)	8203
(355, 5239)	8204
(117, 535)	8205
(5192, 2686)	8206
(71, 611)	8207
(3118, 558)	8208
(490, 1563)	8209
(2965, 1727)	8210
(4388, 1326)	8211
(5205, 3326)	8212
(7335, 1541)	8213
(2988, 7336)	8214
(359, 264)	8215
(6607, 909)	8216
(387, 120)	8217
(528, 121)	8218
(4412, 115)	8219
(2306, 115)	8220
(323, 7341)	8221
(4351, 372)	8222
(5519, 1540)	8223
(275, 416)	8224
(787, 354)	8225
(307, 279)	8226
(8226, 2307)	8227
(5246, 565)	8228
(2883, 97)	8229
(5843, 1911)	8230
(915, 441)	8231
(4749, 341)	8232
(3250, 4068)	8233
(3119, 345)	8234
(80, 82)	8235
(78, 783)	8236
(391, 6691)	8237
(1040, 383)	8238
(1651, 376)	8239
(67, 1486)	8240
(454, 105)	8241
(5499, 411)	8242
(5111, 280)	8243
(355, 262)	8244
(3156, 259)	8245
(4135, 495)	8246
(350, 1032)	8247
(3286, 115)	8248
(116, 638)	8249
(5949, 565)	8250
(341, 568)	8251
(2195, 271)	8252
(8252, 313)	8253
(503, 809)	8254
(5477, 98)	8255
(8255, 334)	8256
(8256, 5208)	8257
(89, 111)	8258
(299, 122)	8259
(361, 351)	8260
(8260, 379)	8261
(4232, 3328)	8262
(1119, 521)	8263
(320, 7355)	8264
(67, 3882)	8265
(8265, 267)	8266
(1814, 7358)	8267
(306, 338)	8268
(537, 1084)	8269
(659, 104)	8270
(8270, 1105)	8271
(352, 7212)	8272
(286, 1553)	8273
(359, 4194)	8274
(1584, 291)	8275
(926, 702)	8276
(988, 1508)	8277
(108, 496)	8278
(1651, 7192)	8279
(41, 3944)	8280
(2304, 1856)	8281
(678, 7369)	8282
(6215, 4628)	8283
(3324, 7370)	8284
(307, 457)	8285
(434, 457)	8286
(307, 267)	8287
(307, 7371)	8288
(4126, 410)	8289
(1107, 5184)	8290
(7303, 1618)	8291
(4836, 115)	8292
(7368, 402)	8293
(104, 976)	8294
(77, 4735)	8295
(8295, 5676)	8296
(290, 7374)	8297
(765, 5632)	8298
(224, 181)	8299
(32, 1450)	8300
(706, 121)	8301
(4649, 4320)	8302
(5382, 462)	8303
(7380, 692)	8304
(3369, 7346)	8305
(8305, 401)	8306
(326, 3934)	8307
(4555, 5678)	8308
(7382, 114)	8309
(8309, 6337)	8310
(8310, 2958)	8311
(8311, 568)	8312
(315, 1950)	8313
(3022, 4739)	8314
(5021, 6680)	8315
(6067, 5680)	8316
(3639, 602)	8317
(1707, 435)	8318
(323, 669)	8319
(278, 1384)	8320
(1013, 2228)	8321
(535, 269)	8322
(87, 67)	8323
(2283, 544)	8324
(8324, 788)	8325
(114, 904)	8326
(1413, 5276)	8327
(367, 1259)	8328
(99, 1553)	8329
(82, 334)	8330
(360, 6160)	8331
(355, 3270)	8332
(1941, 499)	8333
(2975, 909)	8334
(1111, 339)	8335
(6726, 6727)	8336
(1448, 374)	8337
(324, 371)	8338
(350, 280)	8339
(8339, 705)	8340
(298, 4953)	8341
(314, 1414)	8342
(4024, 291)	8343
(2146, 585)	8344
(284, 1661)	8345
(1772, 115)	8346
(352, 267)	8347
(1827, 667)	8348
(3169, 98)	8349
(116, 570)	8350
(79, 447)	8351
(362, 1828)	8352
(885, 1473)	8353
(5283, 2406)	8354
(3395, 1549)	8355
(323, 2798)	8356
(3670, 601)	8357
(453, 505)	8358
(256, 6185)	8359
(284, 453)	8360
(111, 680)	8361
(3673, 685)	8362
(1915, 565)	8363
(117, 121)	8364
(45, 107)	8365
(324, 441)	8366
(3170, 291)	8367
(285, 6745)	8368
(76, 798)	8369
(285, 421)	8370
(108, 971)	8371
(283, 495)	8372
(837, 346)	8373
(98, 269)	8374
(3846, 7433)	8375
(1066, 809)	8376
(8376, 802)	8377
(332, 414)	8378
(259, 759)	8379
(358, 116)	8380
(119, 268)	8381
(3175, 121)	8382
(532, 917)	8383
(924, 2152)	8384
(2048, 390)	8385
(298, 263)	8386
(2366, 4701)	8387
(3387, 291)	8388
(2540, 2367)	8389
(3405, 115)	8390
(6216, 4446)	8391
(3296, 280)	8392
(320, 271)	8393
(8393, 2361)	8394
(944, 260)	8395
(2203, 488)	8396
(289, 7447)	8397
(668, 642)	8398
(448, 4706)	8399
(112, 2046)	8400
(2369, 1102)	8401
(1948, 435)	8402
(2362, 2539)	8403
(2541, 2080)	8404
(8404, 3685)	8405
(2890, 6766)	8406
(289, 1163)	8407
(2156, 6768)	8408
(305, 592)	8409
(1300, 1854)	8410
(324, 97)	8411
(2007, 376)	8412
(589, 100)	8413
(329, 1238)	8414
(552, 7466)	8415
(589, 112)	8416
(1244, 763)	8417
(108, 727)	8418
(2897, 115)	8419
(1392, 98)	8420
(98, 2373)	8421
(67, 1952)	8422
(3690, 495)	8423
(300, 1518)	8424
(323, 1089)	8425
(5323, 423)	8426
(2898, 97)	8427
(67, 628)	8428
(3277, 280)	8429
(6767, 115)	8430
(1221, 688)	8431
(298, 326)	8432
(2308, 389)	8433
(307, 452)	8434
(4051, 1477)	8435
(278, 1471)	8436
(489, 1999)	8437
(5280, 1779)	8438
(6788, 3197)	8439
(115, 438)	8440
(5000, 564)	8441
(195, 180)	8442
(112, 1784)	8443
(323, 346)	8444
(307, 669)	8445
(457, 314)	8446
(543, 2077)	8447
(5766, 98)	8448
(6247, 400)	8449
(3703, 389)	8450
(327, 107)	8451
(1136, 7502)	8452
(290, 286)	8453
(554, 968)	8454
(669, 346)	8455
(516, 119)	8456
(8456, 5346)	8457
(348, 280)	8458
(300, 1139)	8459
(1657, 115)	8460
(4733, 996)	8461
(1518, 115)	8462
(5325, 1927)	8463
(284, 1041)	8464
(117, 1563)	8465
(3569, 407)	8466
(361, 2169)	8467
(315, 111)	8468
(473, 3881)	8469
(2748, 116)	8470
(393, 396)	8471
(119, 669)	8472
(277, 264)	8473
(5350, 6260)	8474
(3710, 573)	8475
(850, 269)	8476
(953, 513)	8477
(5780, 806)	8478
(6823, 6824)	8479
(323, 437)	8480
(334, 267)	8481
(3833, 98)	8482
(100, 397)	8483
(6277, 115)	8484
(3211, 564)	8485
(289, 358)	8486
(448, 416)	8487
(8487, 294)	8488
(278, 5357)	8489
(6837, 696)	8490
(8490, 383)	8491
(7534, 1749)	8492
(434, 351)	8493
(3892, 5788)	8494
(2379, 2055)	8495
(2619, 4684)	8496
(4994, 267)	8497
(3105, 339)	8498
(274, 1812)	8499
(347, 1523)	8500
(115, 115)	8501
(256, 6852)	8502
(628, 101)	8503
(1376, 441)	8504
(54, 49)	8505
(2433, 1038)	8506
(439, 97)	8507
(4749, 984)	8508
(281, 6856)	8509
(2607, 5796)	8510
(6262, 766)	8511
(430, 102)	8512
(3325, 117)	8513
(264, 98)	8514
(8514, 2920)	8515
(69, 77)	8516
(324, 104)	8517
(1623, 3696)	8518
(285, 336)	8519
(75, 291)	8520
(355, 6301)	8521
(6861, 693)	8522
(1140, 1956)	8523
(3725, 6303)	8524
(3897, 2661)	8525
(1441, 696)	8526
(1169, 291)	8527
(66, 317)	8528
(116, 267)	8529
(6866, 583)	8530
(258, 2319)	8531
(344, 345)	8532
(3196, 693)	8533
(272, 1578)	8534
(260, 417)	8535
(361, 1591)	8536
(398, 443)	8537
(281, 101)	8538
(45, 1140)	8539
(216, 175)	8540
(216, 177)	8541
(298, 2500)	8542
(1896, 269)	8543
(316, 267)	8544
(776, 48)	8545
(3906, 585)	8546
(118, 291)	8547
(1919, 6325)	8548
(256, 851)	8549
(8549, 336)	8550
(840, 2687)	8551
(309, 4522)	8552
(2535, 260)	8553
(3589, 1362)	8554
(8554, 345)	8555
(265, 3739)	8556
(1154, 1629)	8557
(8557, 2692)	8558
(6884, 2527)	8559
(302, 314)	8560
(282, 99)	8561
(560, 115)	8562
(2126, 325)	8563
(3416, 601)	8564
(4526, 6889)	8565
(272, 1805)	8566
(355, 5826)	8567
(1948, 417)	8568
(826, 6341)	8569
(109, 925)	8570
(78, 286)	8571
(1776, 6815)	8572
(303, 371)	8573
(7589, 1113)	8574
(264, 3221)	8575
(1922, 1266)	8576
(45, 75)	8577
(884, 2005)	8578
(259, 715)	8579
(47, 75)	8580
(1649, 7595)	8581
(1242, 269)	8582
(2737, 802)	8583
(1797, 101)	8584
(1892, 1985)	8585
(8585, 366)	8586
(351, 267)	8587
(6350, 286)	8588
(6905, 390)	8589
(341, 271)	8590
(5839, 294)	8591
(7600, 267)	8592
(2203, 269)	8593
(2890, 615)	8594
(7604, 317)	8595
(271, 376)	8596
(2660, 269)	8597
(6361, 305)	8598
(7613, 793)	8599
(503, 2930)	8600
(2838, 291)	8601
(1032, 1378)	8602
(503, 263)	8603
(719, 2839)	8604
(51, 56)	8605
(775, 5408)	8606
(77, 101)	8607
(1013, 6363)	8608
(118, 402)	8609
(6209, 645)	8610
(2481, 512)	8611
(3754, 637)	8612
(348, 271)	8613
(6923, 351)	8614
(8614, 481)	8615
(350, 2933)	8616
(4052, 3296)	8617
(4786, 3601)	8618
(197, 132)	8619
(1242, 7627)	8620
(517, 305)	8621
(3552, 291)	8622
(362, 275)	8623
(517, 7453)	8624
(350, 787)	8625
(3829, 414)	8626
(925, 121)	8627
(727, 115)	8628
(409, 5417)	8629
(8629, 996)	8630
(309, 1193)	8631
(102, 1148)	8632
(6373, 105)	8633
(285, 121)	8634
(6374, 1681)	8635
(278, 803)	8636
(521, 268)	8637
(348, 392)	8638
(69, 79)	8639
(311, 119)	8640
(7470, 537)	8641
(1119, 565)	8642
(196, 129)	8643
(324, 628)	8644
(3393, 115)	8645
(953, 668)	8646
(298, 1784)	8647
(6941, 692)	8648
(532, 1597)	8649
(8649, 1084)	8650
(1735, 294)	8651
(384, 467)	8652
(104, 421)	8653
(277, 5777)	8654
(290, 1411)	8655
(1364, 5080)	8656
(74, 497)	8657
(115, 1929)	8658
(4549, 2153)	8659
(1242, 474)	8660
(6389, 534)	8661
(1545, 3606)	8662
(976, 1776)	8663
(384, 286)	8664
(8664, 1486)	8665
(2448, 402)	8666
(868, 54)	8667
(813, 48)	8668
(2223, 1589)	8669
(256, 2585)	8670
(529, 841)	8671
(524, 104)	8672
(8672, 291)	8673
(2880, 1335)	8674
(5881, 3467)	8675
(5084, 4282)	8676
(2912, 471)	8677
(543, 477)	8678
(338, 1898)	8679
(298, 983)	8680
(265, 408)	8681
(2823, 564)	8682
(350, 286)	8683
(6944, 267)	8684
(384, 325)	8685
(1816, 260)	8686
(1773, 432)	8687
(294, 318)	8688
(490, 108)	8689
(307, 445)	8690
(1807, 291)	8691
(450, 4254)	8692
(523, 644)	8693
(387, 112)	8694
(521, 104)	8695
(984, 109)	8696
(8696, 1012)	8697
(1815, 3565)	8698
(678, 105)	8699
(66, 515)	8700
(384, 4566)	8701
(289, 723)	8702
(326, 402)	8703
(513, 280)	8704
(2256, 2237)	8705
(277, 6412)	8706
(8706, 2427)	8707
(108, 346)	8708
(988, 1266)	8709
(299, 7685)	8710
(727, 397)	8711
(356, 1800)	8712
(8712, 65)	8713
(5043, 1101)	8714
(350, 319)	8715
(1707, 642)	8716
(112, 291)	8717
(2310, 267)	8718
(3238, 267)	8719
(1418, 291)	8720
(939, 379)	8721
(8721, 111)	8722
(2872, 825)	8723
(678, 499)	8724
(6417, 271)	8725
(8725, 2040)	8726
(350, 496)	8727
(80, 689)	8728
(4329, 6419)	8729
(482, 595)	8730
(347, 782)	8731
(941, 447)	8732
(2266, 4334)	8733
(1036, 623)	8734
(3140, 932)	8735
(3385, 6421)	8736
(3385, 111)	8737
(586, 334)	8738
(2038, 2394)	8739
(317, 407)	8740
(34, 34)	8741
(2676, 1549)	8742
(32, 468)	8743
(357, 2056)	8744
(1805, 1108)	8745
(1391, 4824)	8746
(4338, 313)	8747
(3953, 706)	8748
(100, 111)	8749
(418, 754)	8750
(2448, 4582)	8751
(298, 1139)	8752
(109, 680)	8753
(4281, 366)	8754
(5106, 389)	8755
(924, 4829)	8756
(2889, 100)	8757
(2544, 5107)	8758
(350, 1157)	8759
(5380, 286)	8760
(8760, 546)	8761
(4777, 766)	8762
(2193, 471)	8763
(285, 7011)	8764
(323, 71)	8765
(472, 112)	8766
(5110, 4114)	8767
(2576, 336)	8768
(8768, 474)	8769
(7726, 5464)	8770
(554, 807)	8771
(7731, 3091)	8772
(8772, 478)	8773
(381, 269)	8774
(301, 112)	8775
(353, 2098)	8776
(1888, 101)	8777
(411, 283)	8778
(562, 2921)	8779
(355, 264)	8780
(663, 98)	8781
(700, 1399)	8782
(281, 2639)	8783
(2381, 871)	8784
(6441, 259)	8785
(66, 73)	8786
(105, 275)	8787
(1270, 286)	8788
(289, 669)	8789
(1170, 121)	8790
(4444, 1752)	8791
(2253, 708)	8792
(1112, 2102)	8793
(8793, 3337)	8794
(7023, 304)	8795
(2838, 115)	8796
(449, 101)	8797
(102, 317)	8798
(313, 1048)	8799
(272, 1981)	8800
(364, 6447)	8801
(4131, 291)	8802
(362, 333)	8803
(5126, 708)	8804
(332, 874)	8805
(5886, 411)	8806
(5934, 6450)	8807
(3863, 115)	8808
(7038, 280)	8809
(543, 116)	8810
(944, 97)	8811
(5870, 268)	8812
(2179, 1777)	8813
(362, 4589)	8814
(309, 432)	8815
(7043, 115)	8816
(1352, 2444)	8817
(7045, 3135)	8818
(8818, 2135)	8819
(7768, 6205)	8820
(4703, 6985)	8821
(885, 734)	8822
(1061, 558)	8823
(605, 99)	8824
(8824, 4086)	8825
(110, 496)	8826
(1570, 464)	8827
(309, 7050)	8828
(1132, 286)	8829
(3710, 455)	8830
(8830, 481)	8831
(356, 3141)	8832
(1119, 7777)	8833
(8833, 428)	8834
(7778, 2117)	8835
(79, 462)	8836
(263, 734)	8837
(4140, 477)	8838
(8838, 120)	8839
(298, 833)	8840
(3407, 291)	8841
(2914, 115)	8842
(5487, 676)	8843
(332, 304)	8844
(303, 305)	8845
(7785, 5691)	8846
(263, 4586)	8847
(297, 558)	8848
(2118, 4502)	8849
(1415, 1565)	8850
(690, 109)	8851
(283, 751)	8852
(7059, 325)	8853
(4351, 493)	8854
(37, 44)	8855
(4990, 115)	8856
(46, 101)	8857
(4352, 752)	8858
(4352, 1205)	8859
(32, 1710)	8860
(8860, 111)	8861
(978, 318)	8862
(448, 5496)	8863
(5038, 381)	8864
(8864, 7794)	8865
(7795, 376)	8866
(3866, 279)	8867
(121, 3734)	8868
(393, 287)	8869
(1298, 1499)	8870
(72, 271)	8871
(2271, 319)	8872
(1013, 7800)	8873
(1172, 558)	8874
(8874, 495)	8875
(3798, 103)	8876
(8876, 478)	8877
(953, 512)	8878
(77, 267)	8879
(535, 260)	8880
(83, 262)	8881
(362, 1599)	8882
(2680, 346)	8883
(414, 330)	8884
(355, 105)	8885
(658, 260)	8886
(2922, 483)	8887
(952, 263)	8888
(306, 97)	8889
(285, 627)	8890
(309, 114)	8891
(299, 1497)	8892
(1052, 5147)	8893
(581, 260)	8894
(2645, 291)	8895
(272, 433)	8896
(8896, 3329)	8897
(1556, 306)	8898
(284, 2380)	8899
(343, 510)	8900
(521, 264)	8901
(290, 1981)	8902
(1500, 110)	8903
(1528, 115)	8904
(5915, 7815)	8905
(7084, 483)	8906
(1848, 292)	8907
(70, 1124)	8908
(1288, 676)	8909
(78, 101)	8910
(72, 408)	8911
(1053, 4569)	8912
(290, 1283)	8913
(8913, 7820)	8914
(1833, 111)	8915
(74, 379)	8916
(350, 782)	8917
(350, 326)	8918
(4860, 471)	8919
(110, 346)	8920
(290, 546)	8921
(416, 306)	8922
(307, 394)	8923
(6394, 291)	8924
(371, 7829)	8925
(104, 898)	8926
(506, 115)	8927
(2589, 346)	8928
(591, 486)	8929
(8929, 5157)	8930
(711, 5520)	8931
(7109, 291)	8932
(313, 334)	8933
(7839, 1835)	8934
(277, 799)	8935
(285, 6497)	8936
(4496, 3537)	8937
(897, 4536)	8938
(1570, 3537)	8939
(7055, 7847)	8940
(3365, 1568)	8941
(5979, 325)	8942
(355, 280)	8943
(412, 707)	8944
(5980, 280)	8945
(2676, 3482)	8946
(4521, 2557)	8947
(1735, 7119)	8948
(1239, 376)	8949
(364, 5526)	8950
(289, 3623)	8951
(74, 7122)	8952
(5528, 7780)	8953
(83, 363)	8954
(2772, 7123)	8955
(356, 343)	8956
(289, 7854)	8957
(483, 267)	8958
(384, 507)	8959
(102, 736)	8960
(32, 327)	8961
(694, 49)	8962
(431, 1833)	8963
(3084, 318)	8964
(3961, 3042)	8965
(3806, 1355)	8966
(332, 271)	8967
(4618, 842)	8968
(393, 280)	8969
(6198, 121)	8970
(309, 80)	8971
(776, 50)	8972
(1093, 715)	8973
(5051, 176)	8974
(259, 122)	8975
(197, 141)	8976
(299, 563)	8977
(8977, 121)	8978
(8978, 111)	8979
(4759, 594)	8980
(77, 76)	8981
(360, 399)	8982
(73, 114)	8983
(5993, 260)	8984
(1448, 7129)	8985
(303, 6514)	8986
(560, 292)	8987
(320, 7674)	8988
(269, 122)	8989
(8989, 544)	8990
(3040, 115)	8991
(4202, 115)	8992
(281, 1927)	8993
(4946, 478)	8994
(3544, 930)	8995
(3775, 505)	8996
(324, 6000)	8997
(4135, 2319)	8998
(71, 4623)	8999
(74, 1828)	9000
(324, 280)	9001
(348, 1407)	9002
(500, 3737)	9003
(2825, 99)	9004
(6003, 7143)	9005
(5356, 428)	9006
(105, 304)	9007
(1419, 279)	9008
(74, 1310)	9009
(2923, 397)	9010
(1241, 569)	9011
(2224, 105)	9012
(75, 110)	9013
(884, 111)	9014
(3763, 2482)	9015
(3435, 313)	9016
(7899, 1075)	9017
(273, 2453)	9018
(3501, 313)	9019
(558, 6011)	9020
(110, 455)	9021
(39, 296)	9022
(1013, 115)	9023
(7160, 319)	9024
(1501, 121)	9025
(1695, 117)	9026
(7164, 97)	9027
(4015, 263)	9028
(98, 1006)	9029
(1031, 98)	9030
(352, 6014)	9031
(4727, 314)	9032
(121, 269)	9033
(5546, 1878)	9034
(370, 273)	9035
(364, 4815)	9036
(272, 5087)	9037
(3194, 99)	9038
(9038, 5178)	9039
(70, 513)	9040
(295, 6544)	9041
(4378, 263)	9042
(271, 111)	9043
(317, 498)	9044
(400, 112)	9045
(765, 5550)	9046
(349, 428)	9047
(347, 3727)	9048
(71, 2304)	9049
(595, 116)	9050
(409, 99)	9051
(307, 1888)	9052
(355, 1604)	9053
(4335, 2222)	9054
(3121, 573)	9055
(309, 4625)	9056
(9056, 111)	9057
(356, 452)	9058
(4955, 4627)	9059
(5727, 1626)	9060
(3456, 713)	9061
(1093, 414)	9062
(65, 104)	9063
(315, 5463)	9064
(917, 121)	9065
(313, 366)	9066
(66, 84)	9067
(379, 715)	9068
(542, 97)	9069
(2339, 2055)	9070
(7180, 3210)	9071
(225, 143)	9072
(284, 1032)	9073
(323, 339)	9074
(813, 54)	9075
(3868, 317)	9076
(605, 7157)	9077
(577, 3390)	9078
(6890, 573)	9079
(3037, 291)	9080
(109, 723)	9081
(297, 110)	9082
(259, 373)	9083
(2491, 2858)	9084
(350, 4301)	9085
(98, 498)	9086
(1079, 57)	9087
(1221, 106)	9088
(2091, 119)	9089
(1955, 693)	9090
(273, 2713)	9091
(9091, 286)	9092
(1786, 271)	9093
(1544, 471)	9094
(7817, 266)	9095
(1601, 339)	9096
(2984, 99)	9097
(9097, 956)	9098
(5187, 1412)	9099
(67, 2933)	9100
(4172, 115)	9101
(4638, 317)	9102
(480, 573)	9103
(348, 358)	9104
(450, 432)	9105
(6264, 273)	9106
(104, 737)	9107
(1227, 283)	9108
(9108, 112)	9109
(9109, 5482)	9110
(1967, 286)	9111
(799, 262)	9112
(2254, 259)	9113
(281, 592)	9114
(295, 104)	9115
(348, 2791)	9116
(80, 4297)	9117
(2683, 262)	9118
(195, 129)	9119
(4247, 399)	9120
(5703, 1043)	9121
(629, 103)	9122
(348, 513)	9123
(323, 2683)	9124
(9124, 565)	9125
(7974, 7957)	9126
(448, 1143)	9127
(3725, 2972)	9128
(324, 3259)	9129
(490, 1190)	9130
(9130, 5575)	9131
(7211, 286)	9132
(639, 569)	9133
(884, 452)	9134
(83, 1824)	9135
(4154, 557)	9136
(361, 453)	9137
(3301, 111)	9138
(9138, 86)	9139
(7989, 269)	9140
(6821, 642)	9141
(432, 269)	9142
(350, 3270)	9143
(384, 7996)	9144
(394, 121)	9145
(46, 77)	9146
(300, 1334)	9147
(1496, 1287)	9148
(56, 1080)	9149
(319, 471)	9150
(2671, 7999)	9151
(310, 111)	9152
(323, 316)	9153
(955, 97)	9154
(678, 122)	9155
(9155, 7214)	9156
(9156, 260)	9157
(631, 693)	9158
(2269, 578)	9159
(80, 1669)	9160
(99, 527)	9161
(325, 111)	9162
(420, 3244)	9163
(256, 330)	9164
(6248, 1217)	9165
(532, 737)	9166
(9166, 374)	9167
(311, 118)	9168
(290, 67)	9169
(7233, 428)	9170
(1756, 390)	9171
(3469, 266)	9172
(9172, 1929)	9173
(1012, 114)	9174
(98, 338)	9175
(2004, 407)	9176
(1152, 867)	9177
(32, 197)	9178
(324, 262)	9179
(256, 397)	9180
(122, 121)	9181
(303, 3063)	9182
(8022, 807)	9183
(85, 69)	9184
(1095, 8023)	9185
(4581, 2639)	9186
(6841, 968)	9187
(9187, 108)	9188
(9188, 573)	9189
(76, 669)	9190
(323, 667)	9191
(4516, 266)	9192
(4760, 291)	9193
(4269, 346)	9194
(1314, 7895)	9195
(100, 8031)	9196
(9196, 327)	9197
(2952, 330)	9198
(3986, 5102)	9199
(4912, 718)	9200
(7006, 2004)	9201
(9201, 344)	9202
(9202, 4277)	9203
(2150, 259)	9204
(907, 107)	9205
(369, 98)	9206
(6556, 693)	9207
(2486, 3810)	9208
(69, 4381)	9209
(4906, 452)	9210
(366, 1802)	9211
(8049, 286)	9212
(671, 316)	9213
(103, 397)	9214
(82, 267)	9215
(58, 47)	9216
(9216, 47)	9217
(217, 136)	9218
(1442, 5208)	9219
(365, 325)	9220
(434, 374)	9221
(5416, 442)	9222
(9222, 2841)	9223
(80, 314)	9224
(1528, 97)	9225
(1456, 2165)	9226
(372, 788)	9227
(77, 304)	9228
(9228, 685)	9229
(2159, 829)	9230
(4731, 264)	9231
(533, 442)	9232
(364, 257)	9233
(1179, 2755)	9234
(45, 2813)	9235
(300, 2095)	9236
(6576, 2048)	9237
(4185, 304)	9238
(6047, 8073)	9239
(80, 443)	9240
(2417, 864)	9241
(1392, 8078)	9242
(1381, 5951)	9243
(285, 1128)	9244
(83, 80)	9245
(514, 305)	9246
(99, 481)	9247
(362, 469)	9248
(1114, 109)	9249
(880, 4551)	9250
(2988, 268)	9251
(294, 122)	9252
(332, 334)	9253
(1415, 351)	9254
(9254, 325)	9255
(7963, 8084)	9256
(452, 588)	9257
(264, 6171)	9258
(6616, 6617)	9259
(7265, 75)	9260
(668, 449)	9261
(350, 1950)	9262
(9262, 109)	9263
(9263, 6018)	9264
(307, 2214)	9265
(603, 331)	9266
(9266, 305)	9267
(4796, 313)	9268
(300, 1449)	9269
(459, 105)	9270
(83, 483)	9271
(9271, 354)	9272
(9272, 70)	9273
(9273, 267)	9274
(355, 333)	9275
(1226, 476)	9276
(1410, 275)	9277
(360, 4921)	9278
(9278, 266)	9279
(8095, 363)	9280
(364, 464)	9281
(452, 97)	9282
(4641, 2026)	9283
(89, 105)	9284
(357, 4057)	9285
(9285, 105)	9286
(265, 766)	9287
(2603, 339)	9288
(762, 1161)	9289
(290, 4481)	9290
(7273, 400)	9291
(2016, 115)	9292
(283, 859)	9293
(348, 3230)	9294
(9294, 67)	9295
(283, 122)	9296
(3650, 103)	9297
(1620, 103)	9298
(9298, 2214)	9299
(9299, 117)	9300
(6012, 642)	9301
(844, 345)	9302
(7868, 267)	9303
(350, 851)	9304
(323, 739)	9305
(299, 267)	9306
(37, 41)	9307
(3143, 832)	9308
(439, 478)	9309
(348, 1161)	9310
(9310, 784)	9311
(289, 414)	9312
(4520, 2359)	9313
(6102, 268)	9314
(1013, 5496)	9315
(7774, 432)	9316
(83, 78)	9317
(294, 2924)	9318
(311, 1138)	9319
(342, 1497)	9320
(9320, 495)	9321
(45, 6501)	9322
(7284, 78)	9323
(434, 275)	9324
(7088, 2123)	9325
(5959, 354)	9326
(272, 4253)	9327
(3130, 115)	9328
(262, 339)	9329
(348, 642)	9330
(9330, 3151)	9331
(552, 101)	9332
(336, 267)	9333
(377, 294)	9334
(1136, 4979)	9335
(7532, 100)	9336
(1398, 970)	9337
(4269, 260)	9338
(6778, 1561)	9339
(1290, 273)	9340
(335, 6984)	9341
(2731, 476)	9342
(3911, 1187)	9343
(498, 111)	9344
(3172, 2528)	9345
(4912, 1715)	9346
(4562, 483)	9347
(352, 1381)	9348
(9348, 121)	9349
(6651, 5329)	9350
(453, 4001)	9351
(307, 528)	9352
(7290, 268)	9353
(1008, 833)	9354
(105, 372)	9355
(1140, 1055)	9356
(1585, 291)	9357
(290, 306)	9358
(3039, 449)	9359
(9359, 628)	9360
(60, 47)	9361
(360, 1366)	9362
(521, 111)	9363
(409, 279)	9364
(5127, 2202)	9365
(1279, 1287)	9366
(506, 101)	9367
(387, 5360)	9368
(350, 396)	9369
(307, 592)	9370
(8152, 478)	9371
(83, 313)	9372
(52, 1433)	9373
(1077, 294)	9374
(360, 97)	9375
(112, 1429)	9376
(285, 408)	9377
(5963, 589)	9378
(3272, 400)	9379
(7426, 115)	9380
(6357, 115)	9381
(1699, 2048)	9382
(1596, 3808)	9383
(9383, 291)	9384
(6662, 499)	9385
(3250, 8157)	9386
(988, 1033)	9387
(1465, 6059)	9388
(298, 483)	9389
(606, 107)	9390
(829, 1001)	9391
(4778, 354)	9392
(1272, 65)	9393
(3110, 601)	9394
(1236, 720)	9395
(45, 1658)	9396
(116, 317)	9397
(303, 449)	9398
(311, 6666)	9399
(1265, 464)	9400
(9400, 478)	9401
(1112, 1019)	9402
(195, 181)	9403
(5051, 144)	9404
(484, 105)	9405
(299, 264)	9406
(484, 111)	9407
(8176, 5950)	9408
(76, 5209)	9409
(4354, 1911)	9410
(8178, 266)	9411
(6117, 4239)	9412
(5390, 1316)	9413
(1922, 304)	9414
(1532, 262)	9415
(1140, 1361)	9416
(894, 260)	9417
(290, 4659)	9418
(259, 291)	9419
(711, 539)	9420
(332, 305)	9421
(284, 279)	9422
(298, 467)	9423
(307, 752)	9424
(68, 301)	9425
(9425, 4179)	9426
(295, 372)	9427
(351, 994)	9428
(3765, 1550)	9429
(6368, 4144)	9430
(3431, 2360)	9431
(335, 327)	9432
(299, 8194)	9433
(347, 8195)	9434
(100, 280)	9435
(1045, 3555)	9436
(3241, 105)	9437
(9437, 8196)	9438
(316, 383)	9439
(109, 317)	9440
(41, 520)	9441
(110, 400)	9442
(49, 776)	9443
(6442, 602)	9444
(2249, 1569)	9445
(104, 408)	9446
(115, 675)	9447
(9447, 291)	9448
(5542, 693)	9449
(77, 263)	9450
(2028, 267)	9451
(7326, 8202)	9452
(7189, 292)	9453
(1831, 5575)	9454
(505, 101)	9455
(4532, 80)	9456
(284, 294)	9457
(724, 4793)	9458
(84, 67)	9459
(3097, 4664)	9460
(363, 116)	9461
(3092, 750)	9462
(570, 115)	9463
(411, 294)	9464
(1528, 741)	9465
(3595, 1457)	9466
(686, 6095)	9467
(83, 107)	9468
(9468, 414)	9469
(4611, 8218)	9470
(5805, 291)	9471
(5204, 279)	9472
(9472, 314)	9473
(615, 325)	9474
(9474, 121)	9475
(4303, 6395)	9476
(5314, 3351)	9477
(9477, 304)	9478
(9478, 1578)	9479
(2260, 105)	9480
(309, 1708)	9481
(394, 2190)	9482
(5246, 1667)	9483
(8231, 1084)	9484
(309, 6690)	9485
(3874, 381)	9486
(9486, 260)	9487
(1914, 1543)	9488
(115, 680)	9489
(1018, 909)	9490
(9490, 421)	9491
(9491, 996)	9492
(2029, 114)	9493
(3742, 291)	9494
(4154, 7890)	9495
(1996, 259)	9496
(9496, 1972)	9497
(1492, 419)	9498
(289, 4812)	9499
(404, 271)	9500
(379, 269)	9501
(1407, 121)	9502
(484, 304)	9503
(944, 262)	9504
(8108, 5249)	9505
(4178, 72)	9506
(9506, 483)	9507
(6998, 264)	9508
(1517, 3138)	9509
(408, 5652)	9510
(4616, 109)	9511
(2368, 1941)	9512
(357, 371)	9513
(1391, 873)	9514
(373, 97)	9515
(293, 121)	9516
(521, 1307)	9517
(48, 55)	9518
(73, 1361)	9519
(2732, 376)	9520
(1915, 588)	9521
(8251, 603)	9522
(360, 396)	9523
(209, 130)	9524
(434, 829)	9525
(289, 5659)	9526
(324, 908)	9527
(266, 1749)	9528
(687, 365)	9529
(83, 264)	9530
(112, 985)	9531
(732, 306)	9532
(570, 103)	9533
(65, 965)	9534
(9534, 97)	9535
(9535, 3118)	9536
(9536, 670)	9537
(2076, 1177)	9538
(6078, 1340)	9539
(391, 344)	9540
(82, 7356)	9541
(2087, 1569)	9542
(2417, 2367)	9543
(9543, 121)	9544
(488, 259)	9545
(1103, 4927)	9546
(6115, 275)	9547
(72, 6141)	9548
(299, 376)	9549
(1413, 269)	9550
(8076, 8272)	9551
(6960, 97)	9552
(290, 659)	9553
(9553, 334)	9554
(1620, 428)	9555
(583, 2338)	9556
(384, 537)	9557
(6700, 7287)	9558
(6980, 291)	9559
(758, 6143)	9560
(99, 680)	9561
(45, 366)	9562
(303, 8089)	9563
(86, 264)	9564
(1814, 8281)	9565
(290, 83)	9566
(686, 6119)	9567
(9567, 116)	9568
(1788, 306)	9569
(1681, 121)	9570
(364, 8283)	9571
(2331, 467)	9572
(290, 68)	9573
(450, 983)	9574
(6638, 6024)	9575
(7552, 371)	9576
(3550, 383)	9577
(387, 103)	9578
(449, 116)	9579
(8162, 2859)	9580
(68, 5239)	9581
(324, 102)	9582
(110, 269)	9583
(4622, 2222)	9584
(309, 7983)	9585
(8300, 763)	9586
(429, 317)	9587
(9587, 112)	9588
(7147, 122)	9589
(9589, 4667)	9590
(3535, 640)	9591
(67, 788)	9592
(352, 1313)	9593
(5992, 557)	9594
(434, 7248)	9595
(87, 1770)	9596
(77, 2439)	9597
(1136, 1856)	9598
(8298, 7323)	9599
(1042, 497)	9600
(9600, 1452)	9601
(5227, 2402)	9602
(4766, 8307)	9603
(105, 352)	9604
(292, 100)	9605
(9605, 105)	9606
(348, 6006)	9607
(38, 66)	9608
(643, 273)	9609
(9609, 7387)	9610
(102, 339)	9611
(6077, 1492)	9612
(74, 7393)	9613
(7605, 573)	9614
(8207, 263)	9615
(1892, 99)	9616
(9616, 1870)	9617
(2223, 363)	9618
(9618, 412)	9619
(369, 7396)	9620
(8319, 313)	9621
(2061, 7325)	9622
(2143, 287)	9623
(1455, 4012)	9624
(278, 3380)	9625
(66, 77)	9626
(7401, 3660)	9627
(281, 1681)	9628
(2144, 291)	9629
(370, 98)	9630
(5688, 291)	9631
(2107, 271)	9632
(4947, 115)	9633
(860, 269)	9634
(8330, 3830)	9635
(286, 373)	9636
(2973, 7403)	9637
(3271, 3832)	9638
(953, 1110)	9639
(563, 269)	9640
(4203, 825)	9641
(6724, 331)	9642
(350, 383)	9643
(3385, 2868)	9644
(338, 111)	9645
(53, 49)	9646
(4203, 105)	9647
(9647, 1531)	9648
(2869, 346)	9649
(275, 3386)	9650
(2586, 2871)	9651
(1965, 260)	9652
(2586, 1531)	9653
(1061, 116)	9654
(3069, 376)	9655
(80, 572)	9656
(3274, 291)	9657
(356, 647)	9658
(1035, 1389)	9659
(4024, 346)	9660
(1113, 267)	9661
(272, 316)	9662
(7411, 407)	9663
(5695, 291)	9664
(356, 615)	9665
(732, 2591)	9666
(342, 530)	9667
(4026, 6176)	9668
(4961, 267)	9669
(361, 603)	9670
(9670, 103)	9671
(3666, 7416)	9672
(529, 4689)	9673
(6731, 3280)	9674
(104, 428)	9675
(925, 105)	9676
(885, 2593)	9677
(659, 260)	9678
(342, 1213)	9679
(2290, 267)	9680
(1732, 2661)	9681
(5289, 483)	9682
(9682, 752)	9683
(3534, 263)	9684
(9684, 8355)	9685
(309, 358)	9686
(2984, 279)	9687
(6189, 1316)	9688
(45, 2803)	9689
(5291, 267)	9690
(503, 4446)	9691
(4032, 505)	9692
(490, 313)	9693
(9693, 1269)	9694
(5713, 456)	9695
(9695, 2881)	9696
(8370, 1335)	9697
(547, 6747)	9698
(105, 338)	9699
(3073, 1777)	9700
(4450, 766)	9701
(2884, 1942)	9702
(51, 1312)	9703
(2293, 392)	9704
(1350, 346)	9705
(6752, 304)	9706
(5725, 291)	9707
(303, 273)	9708
(1664, 148)	9709
(5727, 262)	9710
(8386, 535)	9711
(3673, 497)	9712
(554, 1853)	9713
(964, 48)	9714
(6211, 2528)	9715
(370, 116)	9716
(114, 313)	9717
(82, 1150)	9718
(115, 768)	9719
(327, 115)	9720
(1210, 8392)	9721
(1361, 101)	9722
(982, 280)	9723
(3544, 3297)	9724
(711, 373)	9725
(5735, 339)	9726
(284, 481)	9727
(384, 438)	9728
(283, 558)	9729
(342, 259)	9730
(298, 8403)	9731
(4710, 267)	9732
(311, 85)	9733
(1584, 2116)	9734
(572, 115)	9735
(2809, 259)	9736
(279, 257)	9737
(517, 366)	9738
(2895, 564)	9739
(356, 455)	9740
(3186, 358)	9741
(67, 114)	9742
(8416, 121)	9743
(45, 268)	9744
(428, 121)	9745
(5318, 2011)	9746
(4252, 558)	9747
(3542, 5319)	9748
(49, 599)	9749
(259, 471)	9750
(4988, 115)	9751
(306, 279)	9752
(3693, 1452)	9753
(8429, 399)	9754
(5738, 3867)	9755
(8431, 115)	9756
(655, 4475)	9757
(299, 268)	9758
(7475, 994)	9759
(324, 1033)	9760
(837, 3096)	9761
(448, 493)	9762
(1364, 331)	9763
(2814, 310)	9764
(9764, 676)	9765
(4996, 1804)	9766
(290, 3663)	9767
(9767, 400)	9768
(8435, 115)	9769
(291, 339)	9770
(298, 2084)	9771
(724, 260)	9772
(324, 269)	9773
(102, 98)	9774
(57, 56)	9775
(625, 273)	9776
(4726, 8443)	9777
(663, 2427)	9778
(361, 976)	9779
(8445, 117)	9780
(360, 7485)	9781
(710, 4480)	9782
(98, 336)	9783
(2908, 1083)	9784
(2665, 2042)	9785
(335, 851)	9786
(6744, 115)	9787
(5769, 1835)	9788
(324, 336)	9789
(68, 336)	9790
(277, 7500)	9791
(926, 8455)	9792
(547, 606)	9793
(6809, 105)	9794
(490, 2011)	9795
(290, 428)	9796
(9796, 1867)	9797
(1002, 1110)	9798
(7514, 499)	9799
(8458, 1393)	9800
(1415, 304)	9801
(459, 480)	9802
(306, 115)	9803
(4991, 291)	9804
(1813, 269)	9805
(467, 267)	9806
(5348, 291)	9807
(450, 2087)	9808
(4269, 1337)	9809
(3206, 1985)	9810
(2361, 291)	9811
(285, 713)	9812
(4271, 118)	9813
(290, 445)	9814
(277, 7526)	9815
(370, 2556)	9816
(112, 615)	9817
(1374, 291)	9818
(102, 5783)	9819
(105, 3208)	9820
(68, 3270)	9821
(448, 447)	9822
(6269, 5353)	9823
(1616, 417)	9824
(65, 102)	9825
(323, 111)	9826
(468, 292)	9827
(337, 646)	9828
(99, 263)	9829
(2595, 266)	9830
(1973, 115)	9831
(1836, 291)	9832
(2381, 2823)	9833
(489, 327)	9834
(362, 3660)	9835
(1261, 266)	9836
(837, 351)	9837
(946, 2871)	9838
(776, 53)	9839
(2119, 286)	9840
(868, 48)	9841
(361, 263)	9842
(9842, 627)	9843
(664, 1301)	9844
(84, 260)	9845
(810, 2216)	9846
(7541, 1841)	9847
(1588, 6791)	9848
(1111, 291)	9849
(73, 354)	9850
(6293, 546)	9851
(434, 8504)	9852
(281, 408)	9853
(9853, 260)	9854
(1038, 269)	9855
(4280, 267)	9856
(6854, 118)	9857
(324, 2905)	9858
(9858, 6855)	9859
(7550, 534)	9860
(8513, 715)	9861
(320, 6299)	9862
(5798, 400)	9863
(885, 1118)	9864
(361, 504)	9865
(309, 2215)	9866
(9866, 1105)	9867
(1580, 97)	9868
(1625, 7555)	9869
(7556, 292)	9870
(45, 389)	9871
(978, 600)	9872
(9872, 851)	9873
(362, 1941)	9874
(360, 306)	9875
(320, 515)	9876
(700, 336)	9877
(1164, 1812)	9878
(3716, 397)	9879
(104, 371)	9880
(353, 99)	9881
(2321, 1151)	9882
(265, 336)	9883
(5769, 1262)	9884
(2016, 294)	9885
(6862, 1075)	9886
(362, 268)	9887
(80, 590)	9888
(2155, 291)	9889
(361, 1592)	9890
(1635, 260)	9891
(272, 2565)	9892
(2162, 318)	9893
(8530, 262)	9894
(284, 3731)	9895
(5811, 1461)	9896
(2793, 5037)	9897
(9897, 263)	9898
(3733, 115)	9899
(1052, 737)	9900
(955, 6872)	9901
(9901, 8537)	9902
(8538, 683)	9903
(1142, 585)	9904
(361, 480)	9905
(2602, 2923)	9906
(311, 122)	9907
(1157, 105)	9908
(32, 5383)	9909
(2830, 185)	9910
(4289, 692)	9911
(1386, 402)	9912
(350, 467)	9913
(656, 268)	9914
(397, 354)	9915
(295, 1075)	9916
(515, 397)	9917
(2501, 565)	9918
(362, 456)	9919
(1140, 784)	9920
(4766, 5818)	9921
(1148, 498)	9922
(692, 268)	9923
(324, 7579)	9924
(3740, 397)	9925
(303, 925)	9926
(9926, 269)	9927
(502, 8559)	9928
(1737, 4091)	9929
(8560, 471)	9930
(6269, 318)	9931
(8561, 376)	9932
(5822, 267)	9933
(1061, 286)	9934
(3427, 4679)	9935
(381, 352)	9936
(294, 696)	9937
(5392, 399)	9938
(7582, 267)	9939
(676, 107)	9940
(3911, 5829)	9941
(5830, 6895)	9942
(438, 2503)	9943
(268, 111)	9944
(307, 1793)	9945
(348, 1026)	9946
(323, 4297)	9947
(1350, 761)	9948
(1922, 565)	9949
(52, 868)	9950
(72, 431)	9951
(9951, 750)	9952
(342, 6345)	9953
(307, 469)	9954
(9954, 766)	9955
(76, 77)	9956
(46, 378)	9957
(8582, 530)	9958
(441, 115)	9959
(3121, 115)	9960
(303, 74)	9961
(1648, 4042)	9962
(542, 623)	9963
(2369, 2495)	9964
(554, 1727)	9965
(500, 1411)	9966
(2537, 428)	9967
(8593, 1423)	9968
(2269, 754)	9969
(404, 7603)	9970
(1248, 49)	9971
(3432, 728)	9972
(277, 2216)	9973
(411, 588)	9974
(256, 263)	9975
(2007, 6907)	9976
(284, 273)	9977
(366, 121)	9978
(305, 301)	9979
(907, 1381)	9980
(6911, 8596)	9981
(1062, 98)	9982
(9982, 313)	9983
(6360, 8598)	9984
(407, 7472)	9985
(4097, 260)	9986
(1827, 8602)	9987
(430, 618)	9988
(9988, 292)	9989
(710, 114)	9990
(1104, 417)	9991
(295, 733)	9992
(342, 734)	9993
(107, 104)	9994
(1285, 317)	9995
(6362, 2237)	9996
(2242, 291)	9997
(6918, 1777)	9998
(7621, 5851)	9999
(8611, 2815)	10000
(6367, 1802)	10001
(295, 603)	10002
(10002, 97)	10003
(2333, 6733)	10004
(290, 932)	10005
(102, 392)	10006
(323, 267)	10007
(350, 1621)	10008
(279, 968)	10009
(3398, 6226)	10010
(303, 656)	10011
(484, 1120)	10012
(10012, 275)	10013
(687, 116)	10014
(3107, 5855)	10015
(6369, 1672)	10016
(8625, 1128)	10017
(1924, 310)	10018
(69, 6371)	10019
(53, 57)	10020
(1362, 2560)	10021
(591, 483)	10022
(1460, 410)	10023
(281, 2148)	10024
(509, 274)	10025
(8635, 1750)	10026
(6934, 339)	10027
(303, 8639)	10028
(8641, 111)	10029
(514, 1376)	10030
(7643, 3934)	10031
(45, 81)	10032
(3935, 305)	10033
(591, 731)	10034
(1900, 383)	10035
(65, 122)	10036
(314, 122)	10037
(102, 496)	10038
(114, 423)	10039
(1336, 6942)	10040
(523, 374)	10041
(10041, 262)	10042
(4444, 1473)	10043
(355, 6945)	10044
(941, 4107)	10045
(7652, 6383)	10046
(6384, 567)	10047
(344, 103)	10048
(545, 981)	10049
(350, 333)	10050
(2382, 1414)	10051
(6947, 2063)	10052
(747, 283)	10053
(10053, 507)	10054
(3122, 4315)	10055
(1413, 8663)	10056
(265, 763)	10057
(87, 392)	10058
(6392, 627)	10059
(3344, 115)	10060
(3321, 1669)	10061
(1112, 6751)	10062
(307, 264)	10063
(868, 57)	10064
(289, 304)	10065
(500, 4111)	10066
(833, 830)	10067
(4558, 5429)	10068
(381, 689)	10069
(710, 736)	10070
(68, 5826)	10071
(277, 6398)	10072
(1035, 273)	10073
(10073, 3174)	10074
(3876, 2077)	10075
(3236, 693)	10076
(2638, 2319)	10077
(2936, 291)	10078
(741, 271)	10079
(787, 101)	10080
(868, 51)	10081
(320, 567)	10082
(1500, 1193)	10083
(324, 1521)	10084
(336, 101)	10085
(625, 121)	10086
(6297, 280)	10087
(2270, 983)	10088
(792, 441)	10089
(110, 1972)	10090
(86, 286)	10091
(304, 101)	10092
(349, 7671)	10093
(710, 376)	10094
(268, 468)	10095
(355, 326)	10096
(114, 379)	10097
(196, 159)	10098
(4779, 260)	10099
(688, 1804)	10100
(5439, 3135)	10101
(884, 474)	10102
(69, 112)	10103
(1016, 447)	10104
(307, 407)	10105
(315, 2122)	10106
(10106, 705)	10107
(332, 432)	10108
(4549, 460)	10109
(736, 442)	10110
(80, 394)	10111
(320, 4568)	10112
(289, 498)	10113
(1465, 2165)	10114
(496, 291)	10115
(5896, 266)	10116
(272, 908)	10117
(6975, 269)	10118
(4697, 442)	10119
(78, 3774)	10120
(4573, 1099)	10121
(503, 358)	10122
(999, 7688)	10123
(387, 306)	10124
(45, 1088)	10125
(324, 5435)	10126
(6414, 344)	10127
(277, 3033)	10128
(10128, 1473)	10129
(473, 7617)	10130
(299, 287)	10131
(516, 1793)	10132
(844, 2701)	10133
(272, 2941)	10134
(370, 909)	10135
(4971, 1026)	10136
(1230, 343)	10137
(4121, 466)	10138
(3886, 1161)	10139
(290, 4266)	10140
(10140, 1297)	10141
(280, 262)	10142
(49, 868)	10143
(1251, 264)	10144
(5779, 2359)	10145
(4533, 268)	10146
(1369, 5101)	10147
(4051, 100)	10148
(359, 101)	10149
(2926, 6422)	10150
(3673, 3210)	10151
(371, 121)	10152
(2065, 267)	10153
(290, 333)	10154
(6999, 121)	10155
(299, 379)	10156
(290, 658)	10157
(4790, 110)	10158
(2678, 263)	10159
(351, 280)	10160
(358, 115)	10161
(679, 1751)	10162
(657, 351)	10163
(692, 266)	10164
(307, 316)	10165
(615, 397)	10166
(300, 471)	10167
(7715, 705)	10168
(10168, 1531)	10169
(409, 103)	10170
(355, 851)	10171
(2232, 8753)	10172
(8755, 1252)	10173
(364, 259)	10174
(387, 2333)	10175
(10175, 271)	10176
(532, 4709)	10177
(370, 413)	10178
(344, 346)	10179
(8757, 573)	10180
(10180, 98)	10181
(10181, 886)	10182
(7718, 105)	10183
(281, 475)	10184
(384, 462)	10185
(3320, 339)	10186
(265, 783)	10187
(3724, 115)	10188
(560, 779)	10189
(3716, 1084)	10190
(327, 462)	10191
(5328, 909)	10192
(83, 8779)	10193
(2099, 4580)	10194
(110, 510)	10195
(290, 325)	10196
(2044, 970)	10197
(112, 327)	10198
(370, 406)	10199
(6440, 816)	10200
(5685, 2057)	10201
(1592, 267)	10202
(657, 851)	10203
(949, 269)	10204
(83, 108)	10205
(2911, 291)	10206
(300, 739)	10207
(675, 2593)	10208
(289, 310)	10209
(2986, 2483)	10210
(335, 259)	10211
(2368, 2169)	10212
(272, 443)	10213
(719, 339)	10214
(3220, 1205)	10215
(490, 109)	10216
(304, 291)	10217
(8349, 833)	10218
(1119, 1266)	10219
(4135, 1325)	10220
(277, 3447)	10221
(2926, 3960)	10222
(300, 2683)	10223
(434, 294)	10224
(102, 642)	10225
(281, 117)	10226
(2553, 685)	10227
(1045, 685)	10228
(7031, 345)	10229
(75, 414)	10230
(365, 3207)	10231
(66, 433)	10232
(10232, 1730)	10233
(384, 1854)	10234
(272, 7035)	10235
(3487, 645)	10236
(77, 273)	10237
(396, 263)	10238
(4839, 1706)	10239
(391, 873)	10240
(6452, 116)	10241
(978, 495)	10242
(1322, 460)	10243
(117, 8811)	10244
(10244, 113)	10245
(10245, 5477)	10246
(116, 279)	10247
(4138, 513)	10248
(111, 6453)	10249
(84, 3462)	10250
(293, 3207)	10251
(1786, 809)	10252
(547, 2629)	10253
(885, 99)	10254
(307, 3278)	10255
(364, 601)	10256
(7773, 1167)	10257
(1831, 539)	10258
(109, 2957)	10259
(8829, 7051)	10260
(2261, 5481)	10261
(625, 1078)	10262
(7052, 331)	10263
(2159, 1854)	10264
(320, 3027)	10265
(67, 4842)	10266
(98, 279)	10267
(4121, 423)	10268
(284, 452)	10269
(332, 392)	10270
(8845, 6213)	10271
(563, 3027)	10272
(10272, 825)	10273
(300, 782)	10274
(1533, 292)	10275
(65, 1783)	10276
(7787, 334)	10277
(10277, 260)	10278
(643, 658)	10279
(543, 2543)	10280
(333, 97)	10281
(2486, 2401)	10282
(719, 271)	10283
(3209, 7058)	10284
(1052, 1894)	10285
(3344, 833)	10286
(906, 1590)	10287
(5492, 267)	10288
(1698, 105)	10289
(717, 273)	10290
(272, 1810)	10291
(3253, 7793)	10292
(426, 585)	10293
(311, 86)	10294
(351, 97)	10295
(299, 4144)	10296
(986, 7796)	10297
(270, 120)	10298
(10298, 8868)	10299
(2096, 267)	10300
(82, 829)	10301
(671, 118)	10302
(324, 1012)	10303
(256, 5497)	10304
(1030, 809)	10305
(348, 1943)	10306
(10306, 97)	10307
(294, 8880)	10308
(362, 271)	10309
(109, 105)	10310
(324, 1407)	10311
(300, 460)	10312
(303, 2161)	10313
(316, 399)	10314
(2083, 8886)	10315
(6472, 3360)	10316
(2753, 970)	10317
(289, 499)	10318
(1372, 1540)	10319
(272, 534)	10320
(5961, 110)	10321
(506, 260)	10322
(5962, 423)	10323
(8891, 115)	10324
(706, 264)	10325
(34, 378)	10326
(355, 4973)	10327
(103, 1618)	10328
(920, 525)	10329
(72, 371)	10330
(1922, 117)	10331
(4600, 4853)	10332
(304, 260)	10333
(5963, 2560)	10334
(259, 2388)	10335
(586, 1108)	10336
(307, 4953)	10337
(8453, 899)	10338
(39, 4046)	10339
(10339, 3565)	10340
(10340, 1677)	10341
(303, 485)	10342
(7813, 7814)	10343
(362, 2166)	10344
(307, 408)	10345
(324, 829)	10346
(7090, 325)	10347
(5149, 557)	10348
(2433, 268)	10349
(80, 283)	10350
(510, 271)	10351
(295, 2079)	10352
(310, 645)	10353
(348, 5783)	10354
(515, 266)	10355
(84, 1626)	10356
(3132, 4752)	10357
(988, 7826)	10358
(703, 104)	10359
(295, 7100)	10360
(4032, 346)	10361
(4032, 260)	10362
(391, 423)	10363
(566, 108)	10364
(331, 374)	10365
(3432, 1001)	10366
(281, 2850)	10367
(284, 3881)	10368
(8380, 294)	10369
(83, 7832)	10370
(324, 787)	10371
(1778, 5408)	10372
(45, 1477)	10373
(710, 304)	10374
(315, 1631)	10375
(7834, 345)	10376
(6496, 414)	10377
(3534, 8933)	10378
(10378, 4866)	10379
(2363, 1412)	10380
(854, 267)	10381
(6499, 346)	10382
(729, 3553)	10383
(1294, 731)	10384
(307, 275)	10385
(360, 4863)	10386
(897, 5981)	10387
(298, 4066)	10388
(654, 692)	10389
(10389, 866)	10390
(1465, 996)	10391
(1152, 266)	10392
(10392, 266)	10393
(298, 3269)	10394
(6210, 346)	10395
(347, 326)	10396
(289, 374)	10397
(432, 264)	10398
(75, 327)	10399
(8954, 4872)	10400
(776, 51)	10401
(452, 259)	10402
(299, 537)	10403
(10403, 336)	10404
(323, 338)	10405
(112, 314)	10406
(10406, 345)	10407
(66, 2148)	10408
(10408, 2359)	10409
(4617, 1704)	10410
(332, 316)	10411
(10411, 7861)	10412
(837, 823)	10413
(1210, 1541)	10414
(1028, 339)	10415
(324, 7864)	10416
(1080, 48)	10417
(5991, 115)	10418
(433, 97)	10419
(114, 421)	10420
(370, 452)	10421
(917, 263)	10422
(5149, 115)	10423
(7136, 373)	10424
(532, 886)	10425
(5995, 428)	10426
(4584, 4487)	10427
(360, 7874)	10428
(8988, 271)	10429
(5320, 98)	10430
(285, 7875)	10431
(663, 1698)	10432
(1015, 759)	10433
(411, 117)	10434
(394, 399)	10435
(3102, 1048)	10436
(3598, 3247)	10437
(32, 2584)	10438
(1153, 101)	10439
(257, 97)	10440
(4036, 291)	10441
(4622, 499)	10442
(313, 291)	10443
(6426, 374)	10444
(3169, 5483)	10445
(10445, 2811)	10446
(39, 8910)	10447
(10447, 421)	10448
(863, 2444)	10449
(2437, 2247)	10450
(324, 1294)	10451
(1140, 455)	10452
(4733, 1061)	10453
(362, 2915)	10454
(9005, 345)	10455
(78, 458)	10456
(6004, 419)	10457
(324, 9006)	10458
(1651, 589)	10459
(67, 834)	10460
(4624, 336)	10461
(1680, 5804)	10462
(46, 75)	10463
(350, 9010)	10464
(8983, 4133)	10465
(271, 262)	10466
(1045, 317)	10467
(272, 9011)	10468
(2790, 262)	10469
(6472, 264)	10470
(342, 3615)	10471
(7149, 677)	10472
(2081, 693)	10473
(6533, 432)	10474
(10474, 331)	10475
(263, 477)	10476
(1290, 407)	10477
(10477, 338)	10478
(10478, 313)	10479
(625, 1776)	10480
(4375, 3386)	10481
(1717, 267)	10482
(611, 5733)	10483
(1035, 7156)	10484
(521, 97)	10485
(269, 266)	10486
(79, 413)	10487
(962, 8400)	10488
(304, 105)	10489
(10489, 932)	10490
(434, 117)	10491
(3635, 4625)	10492
(7906, 115)	10493
(300, 996)	10494
(705, 280)	10495
(9024, 400)	10496
(3237, 2902)	10497
(1847, 2941)	10498
(1786, 1824)	10499
(259, 260)	10500
(356, 333)	10501
(10501, 111)	10502
(3502, 2845)	10503
(9040, 6016)	10504
(411, 105)	10505
(7917, 267)	10506
(295, 493)	10507
(53, 50)	10508
(259, 402)	10509
(53, 51)	10510
(82, 286)	10511
(1395, 291)	10512
(459, 5764)	10513
(6286, 1626)	10514
(115, 271)	10515
(66, 506)	10516
(7923, 268)	10517
(678, 1731)	10518
(490, 5855)	10519
(377, 613)	10520
(8640, 273)	10521
(10521, 5552)	10522
(664, 478)	10523
(117, 1849)	10524
(2480, 291)	10525
(1285, 310)	10526
(10526, 668)	10527
(2229, 286)	10528
(404, 7174)	10529
(6547, 9062)	10530
(342, 4107)	10531
(278, 4706)	10532
(3022, 766)	10533
(663, 5361)	10534
(2541, 343)	10535
(4630, 373)	10536
(295, 9067)	10537
(1896, 645)	10538
(488, 260)	10539
(323, 874)	10540
(323, 326)	10541
(840, 291)	10542
(8480, 108)	10543
(684, 269)	10544
(2095, 951)	10545
(10545, 286)	10546
(1399, 260)	10547
(7183, 325)	10548
(1351, 341)	10549
(208, 178)	10550
(98, 306)	10551
(7186, 1340)	10552
(3868, 460)	10553
(77, 2384)	10554
(2965, 291)	10555
(323, 4875)	10556
(560, 696)	10557
(6376, 116)	10558
(4891, 499)	10559
(2182, 1220)	10560
(300, 667)	10561
(7940, 967)	10562
(353, 1376)	10563
(307, 586)	10564
(490, 6816)	10565
(4015, 267)	10566
(320, 7191)	10567
(116, 1894)	10568
(1949, 103)	10569
(10569, 310)	10570
(10570, 806)	10571
(7925, 6561)	10572
(7942, 330)	10573
(10573, 471)	10574
(678, 264)	10575
(6428, 266)	10576
(396, 806)	10577
(821, 371)	10578
(2599, 115)	10579
(4026, 269)	10580
(1415, 6564)	10581
(102, 533)	10582
(1496, 410)	10583
(2095, 510)	10584
(10584, 263)	10585
(421, 467)	10586
(6846, 1240)	10587
(779, 887)	10588
(104, 330)	10589
(347, 2087)	10590
(10590, 2392)	10591
(74, 4278)	10592
(7195, 1340)	10593
(323, 263)	10594
(45, 8433)	10595
(1508, 119)	10596
(10596, 3739)	10597
(389, 273)	10598
(7490, 476)	10599
(73, 76)	10600
(76, 65)	10601
(54, 582)	10602
(377, 685)	10603
(1544, 414)	10604
(6047, 9107)	10605
(6379, 260)	10606
(2904, 379)	10607
(2083, 339)	10608
(10608, 260)	10609
(324, 2120)	10610
(7961, 628)	10611
(1617, 667)	10612
(377, 7962)	10613
(500, 2120)	10614
(10614, 333)	10615
(10615, 400)	10616
(6570, 3247)	10617
(484, 2218)	10618
(6780, 4597)	10619
(360, 338)	10620
(5190, 1783)	10621
(65, 562)	10622
(10622, 269)	10623
(10623, 97)	10624
(217, 134)	10625
(216, 173)	10626
(5383, 175)	10627
(309, 1087)	10628
(7198, 79)	10629
(306, 345)	10630
(2060, 262)	10631
(107, 317)	10632
(72, 7799)	10633
(1045, 7967)	10634
(7968, 116)	10635
(1295, 1220)	10636
(6574, 373)	10637
(7002, 3118)	10638
(484, 1190)	10639
(411, 379)	10640
(4219, 291)	10641
(97, 3369)	10642
(1397, 269)	10643
(9127, 116)	10644
(384, 381)	10645
(84, 569)	10646
(87, 1877)	10647
(480, 670)	10648
(5574, 2707)	10649
(5100, 111)	10650
(897, 854)	10651
(330, 275)	10652
(108, 546)	10653
(433, 269)	10654
(2456, 267)	10655
(83, 1310)	10656
(1111, 833)	10657
(7927, 5194)	10658
(10658, 825)	10659
(378, 111)	10660
(2720, 373)	10661
(72, 676)	10662
(6189, 471)	10663
(83, 401)	10664
(5725, 263)	10665
(6906, 100)	10666
(2724, 115)	10667
(7990, 83)	10668
(355, 97)	10669
(271, 899)	10670
(5790, 2319)	10671
(282, 341)	10672
(9147, 1641)	10673
(4141, 486)	10674
(391, 2396)	10675
(71, 1629)	10676
(71, 1759)	10677
(10677, 9152)	10678
(6551, 5836)	10679
(976, 116)	10680
(448, 1301)	10681
(2416, 115)	10682
(69, 1883)	10683
(7227, 400)	10684
(9159, 280)	10685
(280, 259)	10686
(434, 114)	10687
(1988, 291)	10688
(459, 6062)	10689
(2209, 1871)	10690
(272, 497)	10691
(1570, 3581)	10692
(484, 2095)	10693
(10693, 301)	10694
(10694, 447)	10695
(2214, 7633)	10696
(10696, 122)	10697
(34, 2171)	10698
(108, 111)	10699
(7234, 9174)	10700
(118, 111)	10701
(277, 1932)	10702
(90, 104)	10703
(303, 9176)	10704
(1955, 1969)	10705
(453, 105)	10706
(4905, 399)	10707
(2232, 262)	10708
(350, 6029)	10709
(884, 417)	10710
(9190, 97)	10711
(1570, 3476)	10712
(355, 70)	10713
(2564, 260)	10714
(103, 326)	10715
(1709, 443)	10716
(387, 6453)	10717
(66, 731)	10718
(5600, 5599)	10719
(54, 54)	10720
(4911, 176)	10721
(4175, 115)	10722
(10722, 9197)	10723
(1250, 115)	10724
(311, 75)	10725
(5600, 2380)	10726
(512, 3389)	10727
(3209, 4627)	10728
(1988, 267)	10729
(3754, 1861)	10730
(281, 407)	10731
(1570, 3696)	10732
(9206, 1508)	10733
(10733, 117)	10734
(654, 346)	10735
(45, 1575)	10736
(303, 5411)	10737
(4308, 97)	10738
(10738, 493)	10739
(8047, 3343)	10740
(10740, 9210)	10741
(90, 259)	10742
(295, 1329)	10743
(365, 1353)	10744
(82, 1157)	10745
(2379, 1730)	10746
(918, 562)	10747
(10747, 9214)	10748
(1959, 498)	10749
(2523, 2584)	10750
(324, 313)	10751
(355, 401)	10752
(104, 1395)	10753
(83, 4589)	10754
(1692, 345)	10755
(350, 1804)	10756
(1036, 5319)	10757
(315, 286)	10758
(82, 68)	10759
(5524, 379)	10760
(2827, 316)	10761
(7711, 9220)	10762
(5362, 2435)	10763
(5153, 414)	10764
(1934, 305)	10765
(9221, 731)	10766
(10766, 271)	10767
(5606, 602)	10768
(268, 352)	10769
(6078, 1411)	10770
(10770, 105)	10771
(6079, 7246)	10772
(348, 101)	10773
(355, 74)	10774
(362, 352)	10775
(350, 682)	10776
(10776, 406)	10777
(4710, 115)	10778
(265, 475)	10779
(315, 412)	10780
(2412, 2015)	10781
(6289, 101)	10782
(286, 414)	10783
(1239, 271)	10784
(45, 1962)	10785
(362, 1240)	10786
(10786, 346)	10787
(1555, 573)	10788
(4077, 345)	10789
(347, 399)	10790
(362, 6063)	10791
(5823, 4856)	10792
(8074, 286)	10793
(78, 84)	10794
(926, 863)	10795
(77, 327)	10796
(9241, 286)	10797
(924, 1128)	10798
(1464, 292)	10799
(2417, 3669)	10800
(7256, 423)	10801
(409, 118)	10802
(10802, 376)	10803
(821, 383)	10804
(710, 1894)	10805
(259, 495)	10806
(9244, 689)	10807
(89, 305)	10808
(426, 1363)	10809
(99, 1672)	10810
(484, 376)	10811
(341, 544)	10812
(5613, 373)	10813
(918, 411)	10814
(434, 108)	10815
(9255, 414)	10816
(290, 2077)	10817
(10817, 400)	10818
(4827, 9258)	10819
(433, 121)	10820
(63, 34)	10821
(259, 399)	10822
(66, 1001)	10823
(331, 3831)	10824
(6574, 115)	10825
(1724, 496)	10826
(303, 1190)	10827
(10827, 944)	10828
(10828, 8090)	10829
(118, 319)	10830
(360, 119)	10831
(1221, 305)	10832
(2214, 859)	10833
(72, 2214)	10834
(2061, 5552)	10835
(324, 264)	10836
(2085, 7230)	10837
(2000, 932)	10838
(8093, 291)	10839
(83, 1078)	10840
(604, 339)	10841
(1448, 449)	10842
(2155, 267)	10843
(4379, 498)	10844
(2890, 3632)	10845
(6627, 115)	10846
(7710, 268)	10847
(284, 685)	10848
(303, 3021)	10849
(5618, 851)	10850
(106, 787)	10851
(1265, 1995)	10852
(10852, 4795)	10853
(109, 313)	10854
(2057, 111)	10855
(3763, 2216)	10856
(6779, 458)	10857
(10857, 1329)	10858
(2936, 389)	10859
(489, 4086)	10860
(293, 1927)	10861
(324, 6630)	10862
(1413, 121)	10863
(355, 466)	10864
(316, 1421)	10865
(5302, 372)	10866
(469, 283)	10867
(3365, 453)	10868
(2859, 3969)	10869
(323, 6096)	10870
(80, 6096)	10871
(6083, 825)	10872
(2843, 339)	10873
(74, 4923)	10874
(281, 4177)	10875
(7970, 592)	10876
(3977, 260)	10877
(880, 354)	10878
(72, 2929)	10879
(6603, 305)	10880
(2907, 5765)	10881
(258, 5274)	10882
(2763, 1549)	10883
(119, 1150)	10884
(384, 392)	10885
(10885, 417)	10886
(324, 343)	10887
(1233, 488)	10888
(10888, 2532)	10889
(309, 1981)	10890
(10890, 97)	10891
(3782, 417)	10892
(309, 352)	10893
(10893, 588)	10894
(381, 617)	10895
(657, 1574)	10896
(344, 2672)	10897
(4584, 2015)	10898
(7179, 3480)	10899
(934, 115)	10900
(1384, 5829)	10901
(79, 82)	10902
(9324, 458)	10903
(935, 833)	10904
(54, 55)	10905
(1965, 737)	10906
(6641, 334)	10907
(3515, 623)	10908
(2980, 5361)	10909
(9332, 9333)	10910
(406, 974)	10911
(404, 3831)	10912
(72, 5369)	10913
(350, 343)	10914
(3110, 1638)	10915
(4076, 98)	10916
(10916, 1021)	10917
(1446, 400)	10918
(1445, 414)	10919
(434, 8111)	10920
(1524, 343)	10921
(309, 9344)	10922
(299, 72)	10923
(10923, 69)	10924
(33, 33)	10925
(5607, 99)	10926
(10926, 919)	10927
(6102, 7657)	10928
(117, 802)	10929
(2181, 407)	10930
(10930, 4369)	10931
(78, 2716)	10932
(348, 3042)	10933
(484, 271)	10934
(394, 316)	10935
(10935, 1677)	10936
(10936, 334)	10937
(324, 2036)	10938
(10938, 3902)	10939
(327, 645)	10940
(2471, 291)	10941
(457, 111)	10942
(1649, 7288)	10943
(10943, 4597)	10944
(1498, 3482)	10945
(2492, 1220)	10946
(364, 2585)	10947
(266, 280)	10948
(5349, 115)	10949
(290, 1492)	10950
(1591, 925)	10951
(70, 442)	10952
(5798, 291)	10953
(10953, 257)	10954
(362, 1006)	10955
(323, 97)	10956
(350, 7295)	10957
(821, 389)	10958
(5122, 331)	10959
(280, 1223)	10960
(323, 947)	10961
(7104, 115)	10962
(1362, 414)	10963
(1756, 410)	10964
(2825, 354)	10965
(87, 5220)	10966
(692, 1929)	10967
(922, 346)	10968
(1145, 4954)	10969
(119, 291)	10970
(78, 6084)	10971
(391, 304)	10972
(6645, 366)	10973
(812, 637)	10974
(10974, 475)	10975
(2099, 3729)	10976
(6112, 2216)	10977
(1833, 878)	10978
(97, 266)	10979
(918, 3464)	10980
(5478, 376)	10981
(1876, 2969)	10982
(1312, 57)	10983
(4100, 6853)	10984
(286, 275)	10985
(642, 2042)	10986
(1586, 330)	10987
(290, 262)	10988
(7252, 510)	10989
(355, 1608)	10990
(3106, 2359)	10991
(6877, 275)	10992
(10992, 1261)	10993
(521, 1262)	10994
(1975, 116)	10995
(65, 3154)	10996
(918, 5632)	10997
(5550, 339)	10998
(3955, 115)	10999
(792, 1742)	11000
(8366, 117)	11001
(100, 401)	11002
(5991, 267)	11003
(303, 4447)	11004
(5558, 111)	11005
(285, 9349)	11006
(1634, 283)	11007
(70, 108)	11008
(303, 4568)	11009
(7289, 534)	11010
(3710, 104)	11011
(1066, 4480)	11012
(7305, 280)	11013
(11013, 1549)	11014
(98, 275)	11015
(944, 468)	11016
(324, 445)	11017
(5127, 1102)	11018
(303, 326)	11019
(324, 77)	11020
(2137, 6115)	11021
(6753, 745)	11022
(314, 498)	11023
(676, 2320)	11024
(39, 1329)	11025
(2986, 111)	11026
(550, 628)	11027
(2066, 5799)	11028
(317, 400)	11029
(298, 408)	11030
(443, 292)	11031
(71, 436)	11032
(5384, 4133)	11033
(97, 1744)	11034
(2331, 601)	11035
(75, 111)	11036
(8173, 5228)	11037
(11037, 110)	11038
(5702, 4410)	11039
(307, 1245)	11040
(11040, 105)	11041
(104, 273)	11042
(75, 1231)	11043
(1236, 904)	11044
(11044, 267)	11045
(316, 286)	11046
(8951, 471)	11047
(9411, 400)	11048
(1226, 8544)	11049
(2093, 466)	11050
(113, 306)	11051
(323, 4837)	11052
(8471, 899)	11053
(78, 71)	11054
(285, 2198)	11055
(1103, 263)	11056
(66, 3462)	11057
(5079, 6119)	11058
(1808, 507)	11059
(355, 314)	11060
(11060, 354)	11061
(484, 2954)	11062
(362, 9417)	11063
(9405, 1038)	11064
(11064, 97)	11065
(347, 3222)	11066
(290, 114)	11067
(71, 283)	11068
(1746, 6272)	11069
(102, 606)	11070
(690, 394)	11071
(3816, 1151)	11072
(32, 105)	11073
(37, 597)	11074
(98, 627)	11075
(369, 109)	11076
(370, 114)	11077
(337, 632)	11078
(880, 1143)	11079
(348, 971)	11080
(45, 3416)	11081
(11081, 374)	11082
(3646, 115)	11083
(847, 346)	11084
(5206, 1531)	11085
(9427, 2958)	11086
(1265, 9227)	11087
(83, 72)	11088
(840, 115)	11089
(545, 1194)	11090
(324, 659)	11091
(11091, 263)	11092
(2945, 111)	11093
(201, 148)	11094
(434, 3296)	11095
(79, 8190)	11096
(2286, 6648)	11097
(355, 483)	11098
(316, 4911)	11099
(11099, 162)	11100
(11100, 9442)	11101
(8197, 589)	11102
(336, 2817)	11103
(2916, 589)	11104
(7561, 453)	11105
(4574, 115)	11106
(71, 2029)	11107
(11107, 365)	11108
(4100, 743)	11109
(9396, 1608)	11110
(558, 630)	11111
(7321, 1985)	11112
(1014, 5821)	11113
(7790, 365)	11114
(11114, 379)	11115
(11115, 286)	11116
(323, 6672)	11117
(1657, 1167)	11118
(275, 696)	11119
(458, 9446)	11120
(400, 5200)	11121
(11121, 105)	11122
(87, 8154)	11123
(8200, 2015)	11124
(75, 481)	11125
(11125, 264)	11126
(2586, 1967)	11127
(1709, 2101)	11128
(99, 1962)	11129
(1447, 4831)	11130
(2848, 1399)	11131
(5480, 286)	11132
(2093, 1578)	11133
(1221, 3832)	11134
(3594, 1105)	11135
(289, 5500)	11136
(8145, 453)	11137
(2485, 695)	11138
(3298, 2925)	11139
(1332, 115)	11140
(2789, 268)	11141
(284, 658)	11142
(323, 275)	11143
(776, 49)	11144
(390, 680)	11145
(9457, 267)	11146
(1095, 4793)	11147
(2456, 346)	11148
(4891, 7901)	11149
(489, 263)	11150
(11150, 8208)	11151
(80, 5545)	11152
(2829, 3174)	11153
(2203, 2202)	11154
(281, 9461)	11155
(2339, 3242)	11156
(671, 1411)	11157
(6814, 564)	11158
(1338, 2730)	11159
(283, 294)	11160
(11160, 683)	11161
(8214, 115)	11162
(11162, 3962)	11163
(355, 669)	11164
(11164, 271)	11165
(355, 9465)	11166
(1251, 118)	11167
(1792, 397)	11168
(97, 569)	11169
(79, 7339)	11170
(1311, 5161)	11171
(285, 2374)	11172
(2271, 9391)	11173
(2091, 2956)	11174
(6112, 2841)	11175
(5193, 117)	11176
(2935, 2841)	11177
(3717, 1412)	11178
(1511, 345)	11179
(77, 1108)	11180
(356, 7342)	11181
(109, 1108)	11182
(309, 1019)	11183
(11183, 314)	11184
(11184, 2503)	11185
(407, 97)	11186
(2724, 376)	11187
(484, 5311)	11188
(1789, 2563)	11189
(849, 115)	11190
(350, 737)	11191
(11191, 750)	11192
(8136, 7329)	11193
(5193, 89)	11194
(1766, 116)	11195
(2864, 3876)	11196
(3129, 121)	11197
(2722, 1810)	11198
(1666, 115)	11199
(1219, 9489)	11200
(3425, 269)	11201
(434, 8238)	11202
(2007, 5767)	11203
(11203, 373)	11204
(3901, 390)	11205
(110, 259)	11206
(434, 9493)	11207
(355, 9498)	11208
(272, 659)	11209
(5207, 98)	11210
(74, 411)	11211
(323, 262)	11212
(122, 269)	11213
(9356, 397)	11214
(256, 496)	11215
(729, 6909)	11216
(350, 65)	11217
(39, 44)	11218
(3312, 116)	11219
(11219, 417)	11220
(109, 689)	11221
(67, 363)	11222
(2162, 1461)	11223
(1399, 464)	11224
(347, 456)	11225
(278, 5231)	11226
(3264, 5890)	11227
(5112, 5194)	11228
(11228, 115)	11229
(348, 944)	11230
(11230, 486)	11231
(1045, 467)	11232
(1066, 6324)	11233
(2024, 331)	11234
(840, 4872)	11235
(299, 483)	11236
(1904, 1638)	11237
(1085, 3125)	11238
(265, 7095)	11239
(484, 9515)	11240
(2333, 1945)	11241
(3129, 788)	11242
(356, 1157)	11243
(11243, 537)	11244
(309, 117)	11245
(79, 8249)	11246
(277, 5778)	11247
(2173, 331)	11248
(8911, 651)	11249
(11249, 1677)	11250
(11250, 670)	11251
(6520, 269)	11252
(271, 696)	11253
(338, 267)	11254
(46, 73)	11255
(986, 294)	11256
(74, 260)	11257
(7869, 546)	11258
(331, 3342)	11259
(9110, 330)	11260
(77, 71)	11261
(324, 572)	11262
(5347, 685)	11263
(270, 376)	11264
(11264, 287)	11265
(11265, 3734)	11266
(5736, 366)	11267
(122, 116)	11268
(11268, 314)	11269
(11269, 4667)	11270
(11270, 2964)	11271
(387, 8257)	11272
(4164, 208)	11273
(6137, 5144)	11274
(279, 365)	11275
(11275, 306)	11276
(8156, 6564)	11277
(3959, 103)	11278
(2023, 2427)	11279
(108, 586)	11280
(289, 266)	11281
(348, 9528)	11282
(2630, 1163)	11283
(79, 6699)	11284
(394, 97)	11285
(272, 8775)	11286
(450, 5598)	11287
(290, 9529)	11288
(326, 268)	11289
(344, 708)	11290
(741, 104)	11291
(11291, 7294)	11292
(7958, 4056)	11293
(8217, 2055)	11294
(810, 9257)	11295
(3400, 881)	11296
(11296, 97)	11297
(101, 262)	11298
(80, 9539)	11299
(72, 121)	11300
(654, 9448)	11301
(494, 1269)	11302
(5234, 2117)	11303
(630, 267)	11304
(344, 268)	11305
(69, 1301)	11306
(4678, 115)	11307
(459, 9542)	11308
(7897, 469)	11309
(11309, 399)	11310
(285, 4037)	11311
(360, 8269)	11312
(434, 9545)	11313
(11313, 458)	11314
(2382, 909)	11315
(6703, 286)	11316
(265, 8745)	11317
(1158, 833)	11318
(1338, 3632)	11319
(323, 8268)	11320
(268, 1101)	11321
(270, 9547)	11322
(7204, 115)	11323
(4932, 263)	11324
(307, 6141)	11325
(1639, 7362)	11326
(84, 376)	11327
(955, 8271)	11328
(1488, 112)	11329
(515, 974)	11330
(323, 458)	11331
(915, 9351)	11332
(3503, 455)	11333
(11333, 4418)	11334
(4877, 101)	11335
(812, 6623)	11336
(266, 341)	11337
(307, 3641)	11338
(1845, 967)	11339
(5606, 1323)	11340
(3195, 2120)	11341
(3982, 304)	11342
(6038, 919)	11343
(268, 291)	11344
(8274, 105)	11345
(1551, 7352)	11346
(415, 704)	11347
(11347, 2402)	11348
(105, 696)	11349
(434, 1591)	11350
(1447, 7781)	11351
(85, 112)	11352
(7200, 341)	11353
(11353, 119)	11354
(11354, 5146)	11355
(108, 527)	11356
(299, 2161)	11357
(11357, 4239)	11358
(2491, 984)	11359
(307, 6709)	11360
(11360, 334)	11361
(1227, 9570)	11362
(74, 8225)	11363
(5667, 115)	11364
(4025, 2604)	11365
(3989, 6251)	11366
(11366, 433)	11367
(5270, 97)	11368
(65, 120)	11369
(83, 1117)	11370
(11370, 1143)	11371
(279, 2226)	11372
(11372, 5387)	11373
(300, 417)	11374
(67, 567)	11375
(634, 334)	11376
(6584, 343)	11377
(66, 3259)	11378
(7089, 343)	11379
(303, 7444)	11380
(5619, 101)	11381
(8291, 115)	11382
(303, 4939)	11383
(118, 466)	11384
(11384, 1656)	11385
(303, 4013)	11386
(1142, 1499)	11387
(8083, 6647)	11388
(7920, 2103)	11389
(11389, 374)	11390
(3245, 8294)	11391
(4098, 976)	11392
(441, 1776)	11393
(601, 3950)	11394
(441, 116)	11395
(112, 279)	11396
(9577, 5676)	11397
(1364, 874)	11398
(3461, 1591)	11399
(11399, 453)	11400
(3241, 6661)	11401
(7866, 310)	11402
(360, 3036)	11403
(11403, 406)	11404
(11404, 397)	11405
(32, 58)	11406
(6703, 713)	11407
(4617, 259)	11408
(348, 2536)	11409
(8299, 141)	11410
(4169, 1730)	11411
(4828, 346)	11412
(3577, 3580)	11413
(83, 4262)	11414
(4504, 2868)	11415
(398, 2307)	11416
(9450, 1361)	11417
(396, 2841)	11418
(434, 9590)	11419
(3121, 3027)	11420
(1198, 68)	11421
(11421, 65)	11422
(11422, 6688)	11423
(11423, 89)	11424
(119, 5191)	11425
(114, 8082)	11426
(11426, 197)	11427
(11427, 136)	11428
(11428, 9593)	11429
(66, 9594)	11430
(7632, 273)	11431
(11431, 2337)	11432
(6471, 640)	11433
(118, 787)	11434
(3829, 345)	11435
(75, 2860)	11436
(1596, 8306)	11437
(434, 9602)	11438
(324, 9606)	11439
(1112, 499)	11440
(2318, 141)	11441
(567, 262)	11442
(8063, 3662)	11443
(6362, 752)	11444
(348, 1452)	11445
(11445, 557)	11446
(7439, 562)	11447
(763, 107)	11448
(6004, 292)	11449
(423, 108)	11450
(5264, 101)	11451
(289, 411)	11452
(11452, 5580)	11453
(2559, 390)	11454
(3172, 5728)	11455
(1264, 115)	11456
(114, 628)	11457
(11457, 2509)	11458
(277, 5678)	11459
(1114, 7389)	11460
(5686, 84)	11461
(11461, 68)	11462
(2928, 279)	11463
(1651, 374)	11464
(11464, 116)	11465
(663, 8317)	11466
(2085, 7499)	11467
(82, 1120)	11468
(86, 7918)	11469
(11469, 327)	11470
(2292, 1793)	11471
(3415, 316)	11472
(11472, 8148)	11473
(455, 3518)	11474
(348, 2923)	11475
(2293, 7394)	11476
(5295, 8904)	11477
(7181, 573)	11478
(303, 6709)	11479
(11479, 260)	11480
(978, 5634)	11481
(315, 411)	11482
(8781, 1451)	11483
(118, 333)	11484
(11484, 669)	11485
(6279, 737)	11486
(355, 9118)	11487
(356, 88)	11488
(11488, 84)	11489
(420, 5270)	11490
(8320, 1287)	11491
(284, 504)	11492
(11492, 1853)	11493
(5271, 703)	11494
(5272, 414)	11495
(581, 984)	11496
(500, 318)	11497
(360, 1076)	11498
(5273, 5274)	11499
(311, 9626)	11500
(387, 83)	11501
(860, 528)	11502
(514, 1162)	11503
(860, 3269)	11504
(571, 110)	11505
(4017, 55)	11506
(1036, 5691)	11507
(3663, 1421)	11508
(4429, 280)	11509
(309, 8333)	11510
(71, 6160)	11511
(9652, 6167)	11512
(324, 105)	11513
(4022, 286)	11514
(8338, 9654)	11515
(2793, 608)	11516
(1545, 1533)	11517
(4955, 1287)	11518
(2109, 676)	11519
(314, 705)	11520
(268, 275)	11521
(4436, 585)	11522
(356, 438)	11523
(11523, 400)	11524
(9665, 260)	11525
(1424, 291)	11526
(87, 485)	11527
(2195, 122)	11528
(11528, 5282)	11529
(370, 1806)	11530
(11530, 1048)	11531
(407, 267)	11532
(9679, 267)	11533
(5283, 3669)	11534
(1426, 4965)	11535
(792, 344)	11536
(11536, 748)	11537
(256, 680)	11538
(6737, 1461)	11539
(6183, 115)	11540
(1372, 376)	11541
(265, 317)	11542
(473, 471)	11543
(109, 358)	11544
(758, 2198)	11545
(4444, 2593)	11546
(9689, 267)	11547
(369, 3171)	11548
(657, 5712)	11549
(115, 1860)	11550
(639, 1686)	11551
(11551, 383)	11552
(3535, 5714)	11553
(277, 260)	11554
(9688, 115)	11555
(6198, 417)	11556
(4971, 1134)	11557
(5293, 1412)	11558
(2988, 4696)	11559
(11559, 4451)	11560
(4697, 3174)	11561
(1321, 477)	11562
(332, 1148)	11563
(977, 1143)	11564
(7437, 752)	11565
(923, 101)	11566
(639, 8379)	11567
(639, 6751)	11568
(9705, 101)	11569
(2467, 1305)	11570
(281, 343)	11571
(1292, 105)	11572
(69, 595)	11573
(941, 5728)	11574
(2417, 1241)	11575
(4974, 291)	11576
(3403, 8385)	11577
(571, 2153)	11578
(9711, 689)	11579
(11579, 280)	11580
(4975, 268)	11581
(290, 768)	11582
(2602, 828)	11583
(1442, 260)	11584
(11584, 585)	11585
(489, 676)	11586
(6760, 267)	11587
(11587, 904)	11588
(285, 1323)	11589
(4031, 115)	11590
(489, 264)	11591
(8396, 291)	11592
(670, 101)	11593
(284, 2587)	11594
(643, 4237)	11595
(6762, 339)	11596
(566, 271)	11597
(256, 5734)	11598
(277, 703)	11599
(2603, 260)	11600
(4977, 9729)	11601
(364, 3860)	11602
(289, 443)	11603
(9671, 389)	11604
(67, 78)	11605
(7454, 291)	11606
(1623, 373)	11607
(281, 438)	11608
(1462, 318)	11609
(11609, 745)	11610
(11610, 280)	11611
(838, 112)	11612
(324, 1378)	11613
(372, 400)	11614
(5749, 400)	11615
(365, 101)	11616
(404, 1689)	11617
(1095, 705)	11618
(55, 308)	11619
(2072, 333)	11620
(11620, 4979)	11621
(9738, 1217)	11622
(678, 98)	11623
(316, 346)	11624
(49, 308)	11625
(589, 116)	11626
(5313, 6226)	11627
(324, 301)	11628
(1756, 115)	11629
(1460, 5754)	11630
(1485, 326)	11631
(6776, 7467)	11632
(1320, 4684)	11633
(1239, 325)	11634
(484, 7467)	11635
(490, 1143)	11636
(11636, 3091)	11637
(5320, 1783)	11638
(804, 696)	11639
(2246, 262)	11640
(3670, 9752)	11641
(1976, 354)	11642
(265, 6771)	11643
(6235, 766)	11644
(1369, 3091)	11645
(5738, 263)	11646
(2607, 452)	11647
(11647, 7473)	11648
(73, 807)	11649
(6783, 460)	11650
(281, 319)	11651
(634, 6237)	11652
(8432, 807)	11653
(285, 415)	11654
(409, 102)	11655
(5326, 267)	11656
(256, 453)	11657
(2997, 114)	11658
(11658, 1102)	11659
(290, 834)	11660
(11660, 101)	11661
(1965, 5327)	11662
(2524, 122)	11663
(11663, 449)	11664
(9763, 449)	11665
(11665, 259)	11666
(11666, 394)	11667
(11667, 294)	11668
(5280, 4258)	11669
(2671, 2546)	11670
(391, 469)	11671
(473, 333)	11672
(450, 5764)	11673
(295, 117)	11674
(333, 668)	11675
(4995, 117)	11676
(11676, 696)	11677
(9776, 314)	11678
(11678, 400)	11679
(350, 381)	11680
(8444, 399)	11681
(6244, 1982)	11682
(309, 8446)	11683
(275, 623)	11684
(678, 112)	11685
(448, 3093)	11686
(11686, 292)	11687
(2904, 1779)	11688
(45, 7487)	11689
(6793, 291)	11690
(32, 113)	11691
(5766, 1783)	11692
(8447, 115)	11693
(324, 8449)	11694
(86, 66)	11695
(260, 98)	11696
(7489, 400)	11697
(6248, 5006)	11698
(11698, 2672)	11699
(1324, 101)	11700
(290, 70)	11701
(591, 445)	11702
(11702, 7491)	11703
(11703, 400)	11704
(1120, 287)	11705
(324, 1716)	11706
(2411, 1262)	11707
(1079, 56)	11708
(259, 275)	11709
(1607, 286)	11710
(778, 703)	11711
(355, 5768)	11712
(355, 6251)	11713
(6252, 271)	11714
(2745, 6254)	11715
(844, 291)	11716
(2312, 1220)	11717
(5336, 5337)	11718
(4490, 4684)	11719
(1552, 5340)	11720
(4990, 267)	11721
(860, 117)	11722
(11722, 498)	11723
(114, 833)	11724
(977, 262)	11725
(3001, 269)	11726
(1537, 291)	11727
(110, 602)	11728
(303, 452)	11729
(11729, 3565)	11730
(11730, 2615)	11731
(2679, 1715)	11732
(1544, 275)	11733
(9740, 573)	11734
(7478, 2123)	11735
(7515, 366)	11736
(273, 114)	11737
(955, 428)	11738
(11738, 1838)	11739
(323, 470)	11740
(342, 2528)	11741
(4268, 1068)	11742
(3880, 1412)	11743
(284, 919)	11744
(3430, 268)	11745
(87, 944)	11746
(11746, 1337)	11747
(1440, 668)	11748
(8470, 534)	11749
(9813, 2164)	11750
(277, 498)	11751
(1786, 455)	11752
(34, 66)	11753
(362, 398)	11754
(412, 260)	11755
(1364, 110)	11756
(2485, 3433)	11757
(2381, 8481)	11758
(7530, 101)	11759
(1415, 702)	11760
(1013, 9819)	11761
(732, 9820)	11762
(3095, 97)	11763
(8482, 573)	11764
(467, 269)	11765
(360, 457)	11766
(2559, 8483)	11767
(284, 615)	11768
(1789, 1084)	11769
(98, 376)	11770
(114, 3210)	11771
(1295, 4954)	11772
(309, 688)	11773
(434, 1021)	11774
(5786, 98)	11775
(67, 263)	11776
(4674, 291)	11777
(3202, 115)	11778
(510, 313)	11779
(118, 313)	11780
(306, 1360)	11781
(921, 291)	11782
(4504, 301)	11783
(258, 325)	11784
(2918, 428)	11785
(9835, 263)	11786
(360, 497)	11787
(747, 262)	11788
(3672, 1004)	11789
(2286, 505)	11790
(84, 4278)	11791
(3321, 1033)	11792
(1898, 115)	11793
(1356, 8501)	11794
(364, 8503)	11795
(51, 57)	11796
(6730, 115)	11797
(2980, 670)	11798
(473, 2319)	11799
(293, 596)	11800
(82, 1984)	11801
(333, 121)	11802
(490, 720)	11803
(2792, 752)	11804
(338, 286)	11805
(3579, 829)	11806
(279, 317)	11807
(6859, 65)	11808
(955, 8515)	11809
(353, 1235)	11810
(11810, 9863)	11811
(489, 3581)	11812
(441, 97)	11813
(682, 264)	11814
(108, 280)	11815
(1537, 105)	11816
(9873, 291)	11817
(348, 486)	11818
(1392, 317)	11819
(348, 3566)	11820
(11820, 1208)	11821
(362, 5369)	11822
(7558, 4282)	11823
(4759, 9880)	11824
(1072, 1793)	11825
(2195, 3329)	11826
(9885, 3726)	11827
(370, 2489)	11828
(1111, 115)	11829
(490, 1355)	11830
(3730, 115)	11831
(2192, 2483)	11832
(2982, 294)	11833
(7565, 3318)	11834
(7565, 4086)	11835
(360, 615)	11836
(1984, 458)	11837
(3535, 6309)	11838
(7567, 1102)	11839
(5382, 471)	11840
(8536, 291)	11841
(5815, 268)	11842
(2093, 2008)	11843
(988, 741)	11844
(11844, 346)	11845
(566, 336)	11846
(9907, 6318)	11847
(8539, 483)	11848
(11848, 98)	11849
(11849, 9908)	11850
(216, 180)	11851
(80, 1361)	11852
(11852, 99)	11853
(11853, 3337)	11854
(323, 725)	11855
(67, 9917)	11856
(546, 111)	11857
(2143, 985)	11858
(74, 1987)	11859
(863, 105)	11860
(74, 1689)	11861
(370, 4212)	11862
(1792, 9923)	11863
(1820, 498)	11864
(78, 6299)	11865
(100, 474)	11866
(473, 269)	11867
(350, 268)	11868
(502, 286)	11869
(9928, 2441)	11870
(314, 271)	11871
(3558, 1355)	11872
(1320, 3118)	11873
(11873, 9934)	11874
(116, 114)	11875
(82, 316)	11876
(3098, 4768)	11877
(5390, 344)	11878
(11878, 292)	11879
(563, 97)	11880
(2195, 8564)	11881
(98, 1120)	11882
(6336, 266)	11883
(356, 352)	11884
(1279, 3029)	11885
(77, 8413)	11886
(11886, 3300)	11887
(5831, 9943)	11888
(8571, 4282)	11889
(4509, 8572)	11890
(659, 271)	11891
(377, 705)	11892
(287, 2629)	11893
(45, 7588)	11894
(3595, 103)	11895
(281, 2568)	11896
(11896, 421)	11897
(11897, 263)	11898
(267, 317)	11899
(52, 813)	11900
(2234, 49)	11901
(1253, 5045)	11902
(1030, 268)	11903
(84, 1034)	11904
(668, 4095)	11905
(1848, 1553)	11906
(2997, 8579)	11907
(6902, 1378)	11908
(1924, 453)	11909
(272, 97)	11910
(6270, 5836)	11911
(1242, 114)	11912
(3112, 267)	11913
(45, 4045)	11914
(453, 5400)	11915
(3598, 9963)	11916
(489, 114)	11917
(4775, 107)	11918
(11918, 269)	11919
(98, 111)	11920
(356, 80)	11921
(3562, 996)	11922
(4100, 1927)	11923
(2322, 84)	11924
(290, 438)	11925
(298, 4290)	11926
(838, 668)	11927
(1592, 291)	11928
(2094, 101)	11929
(11929, 495)	11930
(85, 67)	11931
(1724, 1351)	11932
(885, 930)	11933
(4777, 267)	11934
(6820, 442)	11935
(285, 343)	11936
(5405, 3072)	11937
(84, 5846)	11938
(2391, 3918)	11939
(692, 623)	11940
(361, 802)	11941
(5848, 9985)	11942
(11942, 286)	11943
(104, 343)	11944
(8600, 339)	11945
(3016, 1861)	11946
(396, 264)	11947
(109, 481)	11948
(299, 3555)	11949
(8603, 366)	11950
(489, 411)	11951
(11951, 1059)	11952
(9990, 469)	11953
(6914, 97)	11954
(107, 1108)	11955
(8326, 1804)	11956
(9995, 260)	11957
(537, 1516)	11958
(71, 365)	11959
(3431, 8609)	11960
(643, 7622)	11961
(369, 108)	11962
(116, 5851)	11963
(3344, 263)	11964
(315, 4735)	11965
(11965, 1004)	11966
(3928, 534)	11967
(3425, 105)	11968
(344, 565)	11969
(334, 3755)	11970
(275, 105)	11971
(323, 521)	11972
(299, 283)	11973
(3267, 292)	11974
(1233, 10014)	11975
(10018, 1706)	11976
(269, 704)	11977
(4790, 100)	11978
(98, 1516)	11979
(4791, 499)	11980
(281, 470)	11981
(11981, 630)	11982
(11982, 280)	11983
(4792, 99)	11984
(11984, 3067)	11985
(355, 399)	11986
(323, 1377)	11987
(344, 737)	11988
(69, 859)	11989
(4968, 8632)	11990
(3392, 460)	11991
(8634, 1026)	11992
(11992, 325)	11993
(9837, 336)	11994
(1641, 567)	11995
(11995, 3033)	11996
(289, 739)	11997
(11997, 313)	11998
(11998, 99)	11999
(8636, 280)	12000
(591, 5068)	12001
(1295, 99)	12002
(3464, 291)	12003
(364, 7642)	12004
(2293, 863)	12005
(515, 268)	12006
(710, 365)	12007
(46, 69)	12008
(10032, 97)	12009
(12009, 267)	12010
(12010, 97)	12011
(360, 316)	12012
(12012, 5869)	12013
(591, 97)	12014
(5870, 269)	12015
(6379, 263)	12016
(8643, 109)	12017
(370, 122)	12018
(81, 565)	12019
(1761, 627)	12020
(83, 101)	12021
(12021, 1301)	12022
(659, 111)	12023
(2119, 3083)	12024
(315, 1488)	12025
(5077, 351)	12026
(66, 358)	12027
(3035, 115)	12028
(8459, 471)	12029
(8655, 4800)	12030
(657, 10048)	12031
(12031, 823)	12032
(625, 638)	12033
(299, 3566)	12034
(12034, 263)	12035
(667, 442)	12036
(775, 389)	12037
(1734, 116)	12038
(1797, 3559)	12039
(2910, 264)	12040
(655, 381)	12041
(341, 659)	12042
(1052, 287)	12043
(1591, 267)	12044
(1446, 1261)	12045
(855, 866)	12046
(855, 578)	12047
(885, 4551)	12048
(10058, 642)	12049
(290, 301)	12050
(12050, 3066)	12051
(2605, 117)	12052
(778, 1048)	12053
(5776, 623)	12054
(10063, 1962)	12055
(9857, 3303)	12056
(4207, 10069)	12057
(868, 55)	12058
(265, 486)	12059
(6397, 267)	12060
(322, 3767)	12061
(1545, 421)	12062
(12062, 269)	12063
(2181, 260)	12064
(12064, 752)	12065
(1336, 685)	12066
(297, 748)	12067
(315, 319)	12068
(2407, 101)	12069
(12069, 291)	12070
(6956, 115)	12071
(265, 481)	12072
(2658, 5431)	12073
(2611, 8682)	12074
(309, 10079)	12075
(12075, 259)	12076
(1226, 3182)	12077
(303, 396)	12078
(8683, 3467)	12079
(12079, 6958)	12080
(10082, 294)	12081
(3837, 9739)	12082
(3609, 397)	12083
(4548, 562)	12084
(560, 6961)	12085
(5713, 8679)	12086
(12086, 266)	12087
(10084, 5435)	12088
(84, 5286)	12089
(4113, 1190)	12090
(12090, 291)	12091
(1347, 782)	12092
(8689, 854)	12093
(12093, 1004)	12094
(7650, 802)	12095
(679, 267)	12096
(3132, 374)	12097
(12097, 283)	12098
(6966, 5277)	12099
(8690, 1898)	12100
(65, 77)	12101
(392, 677)	12102
(258, 6404)	12103
(12103, 10095)	12104
(272, 341)	12105
(8694, 317)	12106
(45, 1494)	12107
(12107, 956)	12108
(303, 10100)	12109
(109, 1310)	12110
(12110, 291)	12111
(2209, 105)	12112
(1356, 8697)	12113
(69, 3773)	12114
(2338, 1879)	12115
(2061, 111)	12116
(351, 109)	12117
(860, 1043)	12118
(77, 456)	12119
(4811, 267)	12120
(1739, 8704)	12121
(282, 116)	12122
(332, 557)	12123
(2944, 279)	12124
(5892, 379)	12125
(12125, 970)	12126
(1195, 693)	12127
(2211, 6781)	12128
(848, 970)	12129
(873, 4328)	12130
(2026, 291)	12131
(923, 1104)	12132
(332, 437)	12133
(490, 412)	12134
(12134, 4815)	12135
(2407, 7683)	12136
(348, 10115)	12137
(464, 823)	12138
(1625, 291)	12139
(281, 1212)	12140
(1981, 3476)	12141
(66, 344)	12142
(324, 7686)	12143
(356, 65)	12144
(2459, 389)	12145
(5446, 267)	12146
(812, 116)	12147
(45, 294)	12148
(117, 763)	12149
(306, 3689)	12150
(10122, 505)	12151
(1142, 107)	12152
(7530, 269)	12153
(45, 2037)	12154
(360, 65)	12155
(2209, 499)	12156
(1745, 46)	12157
(350, 262)	12158
(10136, 994)	12159
(484, 273)	12160
(12160, 419)	12161
(412, 645)	12162
(270, 706)	12163
(284, 2373)	12164
(46, 88)	12165
(46, 681)	12166
(2665, 8421)	12167
(500, 116)	12168
(1336, 750)	12169
(8731, 102)	12170
(484, 806)	12171
(8732, 464)	12172
(2681, 121)	12173
(361, 4576)	12174
(639, 1550)	12175
(360, 304)	12176
(300, 588)	12177
(12177, 400)	12178
(988, 10145)	12179
(446, 3860)	12180
(1267, 291)	12181
(6996, 6422)	12182
(502, 486)	12183
(324, 3825)	12184
(71, 428)	12185
(12185, 1471)	12186
(827, 3482)	12187
(1320, 1995)	12188
(7705, 1861)	12189
(316, 708)	12190
(303, 793)	12191
(68, 334)	12192
(739, 266)	12193
(303, 1128)	12194
(464, 97)	12195
(298, 10159)	12196
(355, 260)	12197
(76, 1569)	12198
(6428, 428)	12199
(7002, 3326)	12200
(458, 116)	12201
(284, 267)	12202
(7708, 3136)	12203
(6797, 394)	12204
(12204, 9737)	12205
(12205, 6885)	12206
(370, 389)	12207
(12207, 4696)	12208
(12208, 400)	12209
(5455, 121)	12210
(364, 263)	12211
(7659, 267)	12212
(307, 6740)	12213
(10174, 4083)	12214
(3955, 1540)	12215
(490, 292)	12216
(82, 305)	12217
(105, 994)	12218
(2914, 291)	12219
(7008, 273)	12220
(4341, 1578)	12221
(12221, 101)	12222
(5811, 390)	12223
(669, 104)	12224
(7719, 291)	12225
(2006, 3618)	12226
(104, 373)	12227
(85, 4216)	12228
(1265, 457)	12229
(272, 2237)	12230
(303, 1222)	12231
(334, 101)	12232
(1352, 101)	12233
(365, 544)	12234
(459, 5463)	12235
(2770, 110)	12236
(2147, 601)	12237
(1140, 2165)	12238
(295, 283)	12239
(1376, 345)	12240
(363, 100)	12241
(280, 121)	12242
(325, 260)	12243
(303, 6439)	12244
(454, 703)	12245
(272, 1068)	12246
(2843, 464)	12247
(355, 8777)	12248
(5842, 273)	12249
(2816, 8778)	12250
(10194, 10195)	12251
(9826, 279)	12252
(12252, 708)	12253
(404, 114)	12254
(1002, 10198)	12255
(12255, 1656)	12256
(3355, 10201)	12257
(1649, 3356)	12258
(3959, 263)	12259
(348, 8786)	12260
(940, 1068)	12261
(8420, 1113)	12262
(467, 1118)	12263
(455, 269)	12264
(3211, 2913)	12265
(299, 567)	12266
(116, 119)	12267
(675, 3689)	12268
(2513, 2563)	12269
(32, 692)	12270
(694, 53)	12271
(3754, 5464)	12272
(289, 260)	12273
(1739, 366)	12274
(10215, 115)	12275
(7749, 10217)	12276
(5320, 1731)	12277
(67, 1597)	12278
(7462, 573)	12279
(537, 105)	12280
(289, 1033)	12281
(7027, 115)	12282
(1114, 2845)	12283
(10223, 1835)	12284
(360, 737)	12285
(10224, 259)	12286
(6318, 122)	12287
(12287, 5799)	12288
(6196, 4835)	12289
(940, 273)	12290
(467, 101)	12291
(1275, 107)	12292
(655, 117)	12293
(4435, 415)	12294
(71, 512)	12295
(272, 453)	12296
(1651, 7032)	12297
(2045, 260)	12298
(70, 650)	12299
(418, 119)	12300
(12300, 10231)	12301
(109, 269)	12302
(3049, 115)	12303
(284, 4829)	12304
(333, 262)	12305
(1016, 433)	12306
(4280, 291)	12307
(1152, 2216)	12308
(920, 562)	12309
(12309, 447)	12310
(675, 1473)	12311
(459, 1823)	12312
(1975, 109)	12313
(1724, 5016)	12314
(3965, 8806)	12315
(79, 67)	12316
(270, 441)	12317
(6867, 267)	12318
(261, 365)	12319
(12319, 734)	12320
(12320, 358)	12321
(12321, 286)	12322
(1112, 1161)	12323
(3563, 121)	12324
(256, 564)	12325
(545, 10246)	12326
(256, 8813)	12327
(1904, 2921)	12328
(3121, 259)	12329
(265, 5767)	12330
(2501, 1006)	12331
(1362, 2881)	12332
(1066, 799)	12333
(1016, 273)	12334
(12334, 743)	12335
(7763, 2587)	12336
(68, 851)	12337
(3488, 455)	12338
(12338, 346)	12339
(3129, 692)	12340
(364, 2978)	12341
(335, 1449)	12342
(1042, 1689)	12343
(76, 586)	12344
(12344, 5481)	12345
(10262, 318)	12346
(299, 260)	12347
(4971, 114)	12348
(376, 291)	12349
(389, 8837)	12350
(421, 399)	12351
(45, 967)	12352
(6295, 291)	12353
(4775, 909)	12354
(277, 708)	12355
(1329, 628)	12356
(7052, 5902)	12357
(8358, 115)	12358
(4465, 291)	12359
(284, 269)	12360
(5945, 10273)	12361
(2381, 319)	12362
(12362, 823)	12363
(295, 68)	12364
(300, 383)	12365
(396, 737)	12366
(83, 1860)	12367
(2118, 8847)	12368
(284, 713)	12369
(532, 878)	12370
(1103, 8852)	12371
(10283, 304)	12372
(86, 100)	12373
(8854, 325)	12374
(3552, 115)	12375
(5949, 1266)	12376
(1060, 8774)	12377
(4352, 2237)	12378
(112, 3208)	12379
(758, 10289)	12380
(12380, 3423)	12381
(332, 358)	12382
(401, 269)	12383
(6374, 287)	12384
(12384, 1550)	12385
(12385, 376)	12386
(12386, 1025)	12387
(300, 330)	12388
(1285, 381)	12389
(2256, 351)	12390
(10296, 291)	12391
(320, 259)	12392
(12392, 389)	12393
(4316, 2881)	12394
(2537, 2542)	12395
(3528, 121)	12396
(3485, 752)	12397
(1076, 334)	12398
(10302, 2399)	12399
(2553, 786)	12400
(10303, 396)	12401
(1919, 5309)	12402
(7801, 339)	12403
(1256, 291)	12404
(323, 589)	12405
(264, 2924)	12406
(4306, 97)	12407
(80, 267)	12408
(4538, 341)	12409
(394, 3723)	12410
(2750, 291)	12411
(1095, 8884)	12412
(83, 1756)	12413
(12413, 558)	12414
(473, 275)	12415
(12415, 546)	12416
(10312, 533)	12417
(1467, 1461)	12418
(3959, 677)	12419
(348, 5146)	12420
(360, 603)	12421
(592, 260)	12422
(897, 334)	12423
(482, 1005)	12424
(923, 1499)	12425
(4471, 259)	12426
(3143, 98)	12427
(12427, 510)	12428
(8892, 10328)	12429
(315, 1521)	12430
(68, 263)	12431
(256, 6301)	12432
(87, 6447)	12433
(364, 97)	12434
(109, 421)	12435
(350, 1351)	12436
(8897, 339)	12437
(3625, 10336)	12438
(9789, 1898)	12439
(12439, 2509)	12440
(3627, 1693)	12441
(350, 822)	12442
(45, 4831)	12443
(12443, 865)	12444
(1119, 1099)	12445
(7085, 460)	12446
(1013, 8907)	12447
(290, 505)	12448
(826, 1261)	12449
(1078, 399)	12450
(10344, 970)	12451
(10347, 471)	12452
(324, 521)	12453
(8748, 115)	12454
(7553, 751)	12455
(10350, 2113)	12456
(2691, 1638)	12457
(400, 98)	12458
(8810, 345)	12459
(387, 5513)	12460
(324, 5150)	12461
(573, 104)	12462
(72, 10355)	12463
(78, 305)	12464
(12464, 1208)	12465
(2664, 54)	12466
(7099, 637)	12467
(12467, 970)	12468
(3567, 346)	12469
(1072, 8920)	12470
(364, 10359)	12471
(325, 390)	12472
(1013, 8922)	12473
(2083, 619)	12474
(2498, 267)	12475
(7700, 280)	12476
(8923, 3832)	12477
(298, 8628)	12478
(311, 354)	12479
(2044, 1220)	12480
(272, 5971)	12481
(395, 10365)	12482
(1073, 3328)	12483
(719, 115)	12484
(936, 8925)	12485
(361, 470)	12486
(2137, 930)	12487
(78, 5070)	12488
(5519, 98)	12489
(260, 807)	12490
(817, 718)	12491
(3563, 417)	12492
(66, 1120)	12493
(846, 1205)	12494
(654, 2661)	12495
(2366, 4237)	12496
(6967, 731)	12497
(8938, 286)	12498
(4614, 330)	12499
(12499, 292)	12500
(2269, 3586)	12501
(284, 669)	12502
(289, 567)	12503
(4543, 866)	12504
(5522, 267)	12505
(870, 534)	12506
(8943, 336)	12507
(2434, 262)	12508
(12508, 477)	12509
(6783, 121)	12510
(4610, 399)	12511
(473, 1435)	12512
(356, 731)	12513
(298, 421)	12514
(1338, 267)	12515
(3496, 105)	12516
(3245, 1381)	12517
(348, 7118)	12518
(1347, 886)	12519
(1504, 642)	12520
(1645, 115)	12521
(309, 515)	12522
(121, 341)	12523
(5527, 1471)	12524
(5405, 4872)	12525
(350, 1128)	12526
(12526, 431)	12527
(2576, 399)	12528
(7747, 333)	12529
(1214, 4342)	12530
(575, 887)	12531
(12531, 310)	12532
(12532, 460)	12533
(355, 2530)	12534
(12534, 371)	12535
(12535, 269)	12536
(2610, 115)	12537
(70, 736)	12538
(12538, 833)	12539
(271, 7491)	12540
(12540, 108)	12541
(275, 97)	12542
(299, 115)	12543
(1253, 10407)	12544
(51, 2664)	12545
(72, 428)	12546
(3806, 2532)	12547
(4685, 2359)	12548
(1073, 5161)	12549
(1735, 259)	12550
(12550, 806)	12551
(399, 116)	12552
(315, 619)	12553
(5529, 286)	12554
(1065, 423)	12555
(620, 7863)	12556
(3214, 423)	12557
(67, 469)	12558
(119, 5992)	12559
(336, 122)	12560
(1310, 5475)	12561
(309, 595)	12562
(117, 111)	12563
(3039, 271)	12564
(12564, 495)	12565
(3578, 3248)	12566
(8981, 66)	12567
(10421, 573)	12568
(8982, 807)	12569
(307, 301)	12570
(12570, 4083)	12571
(9656, 260)	12572
(5392, 510)	12573
(1175, 339)	12574
(324, 4157)	12575
(1904, 2957)	12576
(307, 1578)	12577
(1248, 54)	12578
(323, 8990)	12579
(836, 10434)	12580
(1808, 471)	12581
(7138, 423)	12582
(490, 116)	12583
(12583, 6185)	12584
(523, 954)	12585
(838, 341)	12586
(12586, 4824)	12587
(299, 79)	12588
(1965, 4852)	12589
(281, 534)	12590
(5169, 269)	12591
(7138, 2902)	12592
(8360, 121)	12593
(1664, 152)	12594
(284, 6000)	12595
(6364, 115)	12596
(2810, 417)	12597
(8999, 498)	12598
(78, 10449)	12599
(307, 7880)	12600
(409, 110)	12601
(466, 693)	12602
(5876, 1093)	12603
(323, 379)	12604
(360, 4623)	12605
(3757, 1963)	12606
(12606, 346)	12607
(324, 3163)	12608
(12608, 383)	12609
(1062, 269)	12610
(355, 379)	12611
(12611, 354)	12612
(344, 2216)	12613
(10456, 4282)	12614
(10459, 98)	12615
(12615, 589)	12616
(12616, 9836)	12617
(362, 589)	12618
(87, 10461)	12619
(2607, 1101)	12620
(32, 226)	12621
(7669, 7889)	12622
(2884, 8398)	12623
(4316, 515)	12624
(1673, 1672)	12625
(116, 365)	12626
(3122, 1660)	12627
(8454, 2406)	12628
(9014, 833)	12629
(32, 239)	12630
(12630, 172)	12631
(12631, 129)	12632
(568, 291)	12633
(121, 116)	12634
(2276, 292)	12635
(114, 1235)	12636
(1556, 385)	12637
(66, 727)	12638
(360, 283)	12639
(3084, 705)	12640
(67, 689)	12641
(119, 275)	12642
(370, 644)	12643
(12643, 9019)	12644
(9778, 399)	12645
(1405, 2941)	12646
(3703, 9020)	12647
(394, 4451)	12648
(4552, 3471)	12649
(65, 112)	12650
(2825, 6341)	12651
(360, 374)	12652
(2725, 2198)	12653
(694, 56)	12654
(2501, 572)	12655
(1441, 6541)	12656
(964, 57)	12657
(364, 1981)	12658
(924, 3867)	12659
(824, 3085)	12660
(2980, 9029)	12661
(2215, 111)	12662
(341, 97)	12663
(2518, 7032)	12664
(452, 1025)	12665
(1258, 115)	12666
(7913, 3044)	12667
(286, 291)	12668
(65, 6544)	12669
(6284, 6014)	12670
(118, 458)	12671
(257, 121)	12672
(1086, 6412)	12673
(364, 1012)	12674
(12674, 4547)	12675
(12675, 9050)	12676
(924, 374)	12677
(2544, 5277)	12678
(1795, 585)	12679
(356, 498)	12680
(323, 66)	12681
(277, 365)	12682
(2093, 114)	12683
(404, 6303)	12684
(39, 4064)	12685
(341, 325)	12686
(10519, 4262)	12687
(8608, 498)	12688
(2321, 3810)	12689
(1892, 10524)	12690
(342, 326)	12691
(277, 414)	12692
(9058, 6025)	12693
(2120, 105)	12694
(68, 266)	12695
(10527, 486)	12696
(65, 118)	12697
(314, 909)	12698
(1045, 446)	12699
(12699, 737)	12700
(2922, 833)	12701
(41, 991)	12702
(907, 112)	12703
(12703, 752)	12704
(7179, 351)	12705
(8587, 400)	12706
(657, 3067)	12707
(10540, 4098)	12708
(10541, 106)	12709
(12709, 453)	12710
(639, 2222)	12711
(260, 909)	12712
(324, 10547)	12713
(2776, 967)	12714
(9074, 10549)	12715
(7184, 6552)	12716
(4164, 6552)	12717
(208, 184)	12718
(4845, 539)	12719
(377, 1381)	12720
(277, 1784)	12721
(430, 909)	12722
(6749, 2359)	12723
(2459, 9081)	12724
(1295, 912)	12725
(3288, 292)	12726
(6556, 1969)	12727
(109, 109)	12728
(984, 619)	12729
(12729, 260)	12730
(532, 782)	12731
(3030, 7921)	12732
(12732, 1400)	12733
(65, 75)	12734
(6038, 469)	12735
(2535, 346)	12736
(552, 3139)	12737
(9088, 358)	12738
(12738, 449)	12739
(47, 115)	12740
(279, 294)	12741
(2024, 10568)	12742
(3729, 1824)	12743
(2549, 345)	12744
(2358, 685)	12745
(1219, 696)	12746
(591, 723)	12747
(3697, 84)	12748
(1271, 9092)	12749
(482, 4170)	12750
(12750, 1618)	12751
(7943, 267)	12752
(299, 65)	12753
(575, 121)	12754
(332, 685)	12755
(1002, 304)	12756
(420, 676)	12757
(6752, 2762)	12758
(1657, 291)	12759
(765, 10582)	12760
(279, 2048)	12761
(299, 275)	12762
(117, 544)	12763
(1105, 105)	12764
(9642, 280)	12765
(360, 504)	12766
(7951, 506)	12767
(5043, 10589)	12768
(66, 69)	12769
(8788, 573)	12770
(731, 97)	12771
(1446, 7755)	12772
(347, 305)	12773
(8944, 304)	12774
(1545, 9103)	12775
(289, 7838)	12776
(1680, 6494)	12777
(9106, 400)	12778
(6465, 7960)	12779
(2203, 101)	12780
(2851, 341)	12781
(10610, 3242)	12782
(10613, 314)	12783
(719, 114)	12784
(12784, 304)	12785
(5318, 540)	12786
(2721, 2189)	12787
(459, 659)	12788
(4363, 4391)	12789
(7576, 1353)	12790
(2918, 100)	12791
(12791, 807)	12792
(12792, 1084)	12793
(2249, 316)	12794
(2827, 392)	12795
(284, 7965)	12796
(503, 392)	12797
(352, 269)	12798
(322, 623)	12799
(5092, 260)	12800
(9115, 1698)	12801
(2830, 163)	12802
(216, 169)	12803
(72, 3044)	12804
(256, 5191)	12805
(384, 279)	12806
(12806, 4208)	12807
(411, 97)	12808
(468, 101)	12809
(102, 1999)	12810
(98, 481)	12811
(962, 707)	12812
(344, 271)	12813
(84, 1318)	12814
(7200, 260)	12815
(12815, 4175)	12816
(114, 306)	12817
(285, 477)	12818
(12818, 433)	12819
(10640, 3990)	12820
(303, 1313)	12821
(102, 373)	12822
(521, 565)	12823
(344, 111)	12824
(3809, 266)	12825
(298, 5147)	12826
(1066, 7208)	12827
(1106, 10648)	12828
(1724, 358)	12829
(5547, 291)	12830
(7018, 260)	12831
(360, 528)	12832
(12832, 122)	12833
(306, 304)	12834
(1031, 316)	12835
(307, 7980)	12836
(303, 79)	12837
(86, 6052)	12838
(4552, 1469)	12839
(12839, 269)	12840
(257, 118)	12841
(448, 101)	12842
(4639, 1102)	12843
(1646, 414)	12844
(3841, 1631)	12845
(813, 51)	12846
(279, 10654)	12847
(6406, 4067)	12848
(448, 1177)	12849
(12849, 442)	12850
(45, 504)	12851
(998, 627)	12852
(6857, 385)	12853
(2872, 9636)	12854
(810, 110)	12855
(1465, 499)	12856
(6336, 111)	12857
(263, 111)	12858
(316, 699)	12859
(356, 103)	12860
(9137, 6354)	12861
(4562, 317)	12862
(305, 291)	12863
(362, 9141)	12864
(309, 706)	12865
(7645, 414)	12866
(1447, 570)	12867
(2745, 101)	12868
(284, 266)	12869
(12869, 7476)	12870
(9144, 269)	12871
(303, 2651)	12872
(430, 10671)	12873
(6452, 280)	12874
(489, 798)	12875
(398, 108)	12876
(978, 5353)	12877
(5306, 763)	12878
(3542, 573)	12879
(105, 271)	12880
(299, 1292)	12881
(418, 279)	12882
(311, 3773)	12883
(6948, 442)	12884
(2847, 269)	12885
(284, 334)	12886
(1229, 4083)	12887
(2331, 6587)	12888
(7454, 267)	12889
(2955, 1999)	12890
(625, 1817)	12891
(355, 2897)	12892
(2365, 402)	12893
(1091, 608)	12894
(3097, 259)	12895
(315, 4290)	12896
(295, 2426)	12897
(12897, 119)	12898
(12898, 280)	12899
(7135, 1759)	12900
(5914, 4067)	12901
(4641, 467)	12902
(4025, 7873)	12903
(12903, 1353)	12904
(1221, 4322)	12905
(303, 833)	12906
(12906, 974)	12907
(6197, 608)	12908
(1500, 1776)	12909
(45, 6872)	12910
(12910, 843)	12911
(3711, 115)	12912
(404, 10686)	12913
(8005, 417)	12914
(347, 117)	12915
(12915, 1806)	12916
(12916, 313)	12917
(10690, 313)	12918
(360, 260)	12919
(955, 2437)	12920
(12920, 573)	12921
(98, 383)	12922
(10691, 432)	12923
(12923, 4847)	12924
(2714, 1187)	12925
(7231, 4157)	12926
(9164, 102)	12927
(2007, 2164)	12928
(8008, 452)	12929
(4686, 5590)	12930
(12930, 118)	12931
(12931, 5591)	12932
(12932, 264)	12933
(355, 10697)	12934
(397, 544)	12935
(1673, 692)	12936
(6961, 1686)	12937
(5102, 2667)	12938
(78, 2134)	12939
(3493, 2976)	12940
(12940, 1269)	12941
(1793, 286)	12942
(12942, 2153)	12943
(195, 159)	12944
(109, 589)	12945
(275, 6746)	12946
(415, 854)	12947
(12947, 352)	12948
(348, 338)	12949
(12949, 594)	12950
(195, 166)	12951
(1519, 9086)	12952
(75, 104)	12953
(480, 4470)	12954
(10704, 399)	12955
(356, 117)	12956
(9178, 160)	12957
(12957, 97)	12958
(12958, 7972)	12959
(12959, 8019)	12960
(9180, 5168)	12961
(726, 269)	12962
(1628, 279)	12963
(1112, 8975)	12964
(937, 56)	12965
(9184, 993)	12966
(2030, 341)	12967
(99, 305)	12968
(8025, 260)	12969
(4182, 510)	12970
(12970, 292)	12971
(8026, 294)	12972
(4246, 5203)	12973
(2365, 1854)	12974
(12974, 304)	12975
(1573, 1471)	12976
(489, 457)	12977
(1623, 1423)	12978
(350, 338)	12979
(347, 10723)	12980
(964, 50)	12981
(79, 5818)	12982
(12982, 460)	12983
(524, 2251)	12984
(404, 8037)	12985
(369, 9199)	12986
(532, 697)	12987
(307, 10727)	12988
(68, 9204)	12989
(371, 267)	12990
(258, 3480)	12991
(9205, 7609)	12992
(401, 115)	12993
(992, 103)	12994
(83, 9021)	12995
(299, 271)	12996
(941, 313)	12997
(694, 52)	12998
(10739, 6069)	12999
(86, 280)	13000
(9213, 3747)	13001
(10749, 2661)	13002
(6044, 483)	13003
(9153, 2845)	13004
(4532, 115)	13005
(6602, 119)	13006
(46, 3979)	13007
(47, 69)	13008
(586, 105)	13009
(6570, 279)	13010
(2383, 5510)	13011
(3712, 909)	13012
(692, 269)	13013
(8052, 325)	13014
(1408, 976)	13015
(10760, 741)	13016
(219, 140)	13017
(1801, 346)	13018
(5153, 1656)	13019
(374, 105)	13020
(1233, 1183)	13021
(8056, 4237)	13022
(9224, 499)	13023
(6370, 267)	13024
(4064, 263)	13025
(76, 1599)	13026
(8058, 10769)	13027
(13027, 4001)	13028
(2964, 2958)	13029
(13029, 122)	13030
(6456, 4866)	13031
(7229, 1167)	13032
(998, 467)	13033
(9114, 259)	13034
(984, 105)	13035
(4227, 6271)	13036
(360, 10771)	13037
(4332, 262)	13038
(317, 383)	13039
(1634, 287)	13040
(10505, 4175)	13041
(9958, 471)	13042
(83, 1589)	13043
(565, 5885)	13044
(13044, 111)	13045
(836, 306)	13046
(281, 567)	13047
(83, 105)	13048
(3557, 109)	13049
(13049, 669)	13050
(1517, 10577)	13051
(348, 731)	13052
(309, 1292)	13053
(13053, 1817)	13054
(328, 649)	13055
(355, 565)	13056
(1527, 402)	13057
(939, 8973)	13058
(4345, 2237)	13059
(277, 713)	13060
(2513, 2319)	13061
(87, 627)	13062
(5501, 346)	13063
(333, 4598)	13064
(5589, 121)	13065
(3769, 3623)	13066
(6083, 286)	13067
(284, 421)	13068
(10784, 8797)	13069
(13069, 267)	13070
(7136, 7252)	13071
(284, 264)	13072
(5454, 111)	13073
(323, 397)	13074
(2203, 2102)	13075
(13075, 1890)	13076
(307, 1128)	13077
(7018, 478)	13078
(261, 4220)	13079
(9236, 291)	13080
(87, 659)	13081
(315, 480)	13082
(83, 268)	13083
(6350, 3083)	13084
(89, 659)	13085
(102, 709)	13086
(13086, 260)	13087
(32, 230)	13088
(924, 263)	13089
(13089, 346)	13090
(2949, 7246)	13091
(355, 351)	13092
(77, 3220)	13093
(80, 83)	13094
(404, 647)	13095
(532, 408)	13096
(13096, 115)	13097
(1582, 557)	13098
(13098, 111)	13099
(4370, 280)	13100
(5542, 4171)	13101
(513, 423)	13102
(84, 9243)	13103
(4242, 291)	13104
(307, 358)	13105
(13105, 670)	13106
(10803, 8532)	13107
(369, 112)	13108
(10804, 476)	13109
(303, 5157)	13110
(13110, 708)	13111
(1737, 10806)	13112
(3186, 269)	13113
(71, 101)	13114
(1570, 498)	13115
(1795, 486)	13116
(1038, 460)	13117
(4898, 267)	13118
(835, 4679)	13119
(1963, 488)	13120
(13120, 10810)	13121
(1735, 470)	13122
(13122, 101)	13123
(7085, 260)	13124
(5081, 498)	13125
(9179, 7995)	13126
(3276, 9122)	13127
(196, 141)	13128
(119, 344)	13129
(6794, 1395)	13130
(13130, 440)	13131
(13131, 103)	13132
(1045, 5429)	13133
(10814, 275)	13134
(285, 10546)	13135
(67, 1373)	13136
(355, 9112)	13137
(1814, 3072)	13138
(13138, 385)	13139
(4975, 113)	13140
(13140, 118)	13141
(13141, 373)	13142
(10819, 373)	13143
(82, 452)	13144
(7223, 417)	13145
(122, 1686)	13146
(84, 1598)	13147
(1669, 100)	13148
(9260, 6617)	13149
(1108, 102)	13150
(3485, 111)	13151
(1712, 366)	13152
(1271, 9261)	13153
(5833, 316)	13154
(66, 2923)	13155
(351, 112)	13156
(39, 109)	13157
(46, 39)	13158
(362, 10830)	13159
(290, 122)	13160
(272, 3581)	13161
(9265, 9267)	13162
(2227, 291)	13163
(102, 264)	13164
(10835, 2868)	13165
(55, 51)	13166
(303, 316)	13167
(9269, 291)	13168
(1364, 9161)	13169
(70, 72)	13170
(2624, 670)	13171
(1087, 275)	13172
(1803, 68)	13173
(309, 723)	13174
(747, 908)	13175
(13175, 291)	13176
(5918, 372)	13177
(1157, 1208)	13178
(13178, 1183)	13179
(939, 7759)	13180
(9283, 498)	13181
(7269, 6628)	13182
(852, 2089)	13183
(350, 464)	13184
(13184, 5904)	13185
(13185, 118)	13186
(13186, 592)	13187
(1707, 1999)	13188
(299, 2678)	13189
(13189, 304)	13190
(1146, 4238)	13191
(1809, 115)	13192
(13192, 1435)	13193
(473, 1305)	13194
(10849, 115)	13195
(787, 863)	13196
(2605, 569)	13197
(78, 398)	13198
(13198, 7577)	13199
(362, 305)	13200
(303, 919)	13201
(6820, 8960)	13202
(13202, 677)	13203
(342, 736)	13204
(2272, 3865)	13205
(955, 327)	13206
(72, 445)	13207
(13207, 111)	13208
(264, 1261)	13209
(502, 111)	13210
(3880, 534)	13211
(6838, 1531)	13212
(854, 3201)	13213
(47, 573)	13214
(1402, 1316)	13215
(1119, 601)	13216
(3073, 351)	13217
(4166, 283)	13218
(13218, 5462)	13219
(365, 607)	13220
(1024, 119)	13221
(4308, 264)	13222
(217, 135)	13223
(5076, 216)	13224
(5218, 1205)	13225
(4140, 1259)	13226
(13226, 1937)	13227
(265, 97)	13228
(2926, 383)	13229
(299, 105)	13230
(13230, 1146)	13231
(13231, 111)	13232
(6953, 638)	13233
(6518, 1313)	13234
(13234, 9296)	13235
(5218, 970)	13236
(1829, 2181)	13237
(1290, 10869)	13238
(362, 83)	13239
(7209, 4768)	13240
(818, 269)	13241
(4898, 291)	13242
(1468, 1217)	13243
(13243, 1995)	13244
(350, 1473)	13245
(929, 6492)	13246
(7278, 115)	13247
(1795, 996)	13248
(3649, 562)	13249
(694, 51)	13250
(1069, 115)	13251
(8114, 2580)	13252
(9909, 173)	13253
(13253, 10627)	13254
(5384, 102)	13255
(13255, 330)	13256
(301, 107)	13257
(2773, 10884)	13258
(4790, 341)	13259
(3376, 318)	13260
(272, 4833)	13261
(5822, 291)	13262
(2485, 1161)	13263
(299, 1126)	13264
(3119, 2039)	13265
(5422, 9318)	13266
(67, 280)	13267
(360, 334)	13268
(4162, 983)	13269
(4233, 1297)	13270
(454, 4170)	13271
(323, 693)	13272
(10896, 809)	13273
(3769, 10897)	13274
(2809, 1752)	13275
(443, 267)	13276
(4814, 3316)	13277
(4690, 6325)	13278
(9736, 304)	13279
(76, 5165)	13280
(70, 7118)	13281
(307, 4623)	13282
(1970, 967)	13283
(4074, 267)	13284
(347, 567)	13285
(6577, 101)	13286
(391, 411)	13287
(10209, 304)	13288
(1418, 260)	13289
(9334, 1835)	13290
(3130, 267)	13291
(361, 333)	13292
(355, 5686)	13293
(9192, 588)	13294
(65, 10911)	13295
(554, 2539)	13296
(8556, 291)	13297
(4479, 339)	13298
(2911, 260)	13299
(5205, 399)	13300
(299, 1266)	13301
(13301, 1942)	13302
(290, 4542)	13303
(3617, 544)	13304
(1198, 259)	13305
(13305, 5337)	13306
(400, 111)	13307
(347, 5712)	13308
(381, 267)	13309
(9339, 263)	13310
(503, 394)	13311
(284, 2785)	13312
(694, 50)	13313
(78, 496)	13314
(1448, 326)	13315
(83, 280)	13316
(295, 1682)	13317
(9093, 544)	13318
(82, 1439)	13319
(3082, 692)	13320
(2029, 2667)	13321
(13321, 3141)	13322
(6914, 10652)	13323
(2595, 588)	13324
(1035, 1305)	13325
(295, 78)	13326
(83, 84)	13327
(82, 69)	13328
(67, 4925)	13329
(311, 10931)	13330
(2126, 10929)	13331
(1140, 568)	13332
(821, 114)	13333
(8137, 10937)	13334
(5453, 693)	13335
(2229, 1692)	13336
(3485, 273)	13337
(69, 98)	13338
(300, 969)	13339
(7289, 1927)	13340
(4270, 10483)	13341
(5502, 108)	13342
(1391, 457)	13343
(364, 783)	13344
(3670, 2063)	13345
(278, 317)	13346
(2331, 784)	13347
(1782, 2008)	13348
(4187, 122)	13349
(3116, 498)	13350
(897, 291)	13351
(281, 527)	13352
(978, 759)	13353
(884, 1126)	13354
(2425, 8708)	13355
(6652, 990)	13356
(3295, 105)	13357
(370, 967)	13358
(13358, 2216)	13359
(309, 932)	13360
(13360, 407)	13361
(478, 97)	13362
(68, 10951)	13363
(293, 768)	13364
(2461, 291)	13365
(290, 310)	13366
(67, 294)	13367
(350, 10954)	13368
(290, 3351)	13369
(3058, 262)	13370
(257, 413)	13371
(304, 498)	13372
(346, 341)	13373
(2254, 326)	13374
(5912, 274)	13375
(56, 582)	13376
(32, 60)	13377
(838, 1693)	13378
(1680, 280)	13379
(13379, 264)	13380
(503, 1592)	13381
(7154, 266)	13382
(988, 1006)	13383
(303, 739)	13384
(299, 4868)	13385
(589, 115)	13386
(1242, 957)	13387
(13387, 263)	13388
(484, 4927)	13389
(350, 589)	13390
(13390, 317)	13391
(277, 3268)	13392
(109, 2921)	13393
(2459, 558)	13394
(356, 3511)	13395
(1648, 108)	13396
(13396, 8140)	13397
(76, 105)	13398
(83, 2891)	13399
(290, 263)	13400
(1262, 260)	13401
(9370, 291)	13402
(6577, 397)	13403
(419, 97)	13404
(7012, 985)	13405
(835, 374)	13406
(7269, 266)	13407
(309, 10968)	13408
(434, 1817)	13409
(13409, 1019)	13410
(83, 326)	13411
(6975, 825)	13412
(38, 77)	13413
(8728, 1759)	13414
(906, 683)	13415
(10976, 432)	13416
(2459, 287)	13417
(1376, 260)	13418
(489, 533)	13419
(9315, 2421)	13420
(6415, 3747)	13421
(2382, 2089)	13422
(3267, 833)	13423
(381, 259)	13424
(306, 260)	13425
(2540, 7618)	13426
(2980, 544)	13427
(469, 291)	13428
(7300, 4320)	13429
(13429, 268)	13430
(2605, 351)	13431
(13431, 1025)	13432
(4349, 121)	13433
(77, 325)	13434
(8871, 656)	13435
(2757, 105)	13436
(486, 97)	13437
(303, 1235)	13438
(13438, 1871)	13439
(434, 325)	13440
(9377, 9111)	13441
(4649, 114)	13442
(103, 565)	13443
(109, 414)	13444
(356, 411)	13445
(13445, 1083)	13446
(1892, 1833)	13447
(758, 279)	13448
(13448, 414)	13449
(311, 108)	13450
(955, 1351)	13451
(13451, 97)	13452
(284, 1521)	13453
(10790, 3986)	13454
(13454, 105)	13455
(4063, 115)	13456
(570, 121)	13457
(1847, 280)	13458
(1501, 546)	13459
(560, 1845)	13460
(13460, 115)	13461
(13461, 2964)	13462
(455, 4297)	13463
(441, 264)	13464
(6565, 731)	13465
(13465, 2396)	13466
(3414, 111)	13467
(6367, 2307)	13468
(11009, 1323)	13469
(1447, 595)	13470
(4350, 310)	13471
(7712, 6664)	13472
(7407, 1193)	13473
(13473, 455)	13474
(3625, 8166)	13475
(1095, 4145)	13476
(3786, 6306)	13477
(2824, 262)	13478
(13478, 1944)	13479
(13479, 715)	13480
(2007, 2913)	13481
(3757, 4151)	13482
(300, 121)	13483
(4304, 266)	13484
(13484, 102)	13485
(289, 2931)	13486
(835, 1477)	13487
(835, 6532)	13488
(4817, 2198)	13489
(265, 564)	13490
(45, 464)	13491
(835, 112)	13492
(1405, 585)	13493
(855, 1564)	13494
(9376, 1102)	13495
(32, 306)	13496
(11017, 1033)	13497
(13497, 105)	13498
(4549, 105)	13499
(275, 346)	13500
(567, 6728)	13501
(2349, 1752)	13502
(567, 1540)	13503
(803, 996)	13504
(11020, 87)	13505
(330, 346)	13506
(71, 77)	13507
(306, 262)	13508
(6116, 8418)	13509
(962, 3125)	13510
(8168, 11023)	13511
(8840, 398)	13512
(13512, 947)	13513
(88, 88)	13514
(80, 4332)	13515
(352, 275)	13516
(300, 11024)	13517
(307, 6326)	13518
(67, 11027)	13519
(1013, 3734)	13520
(941, 118)	13521
(1556, 768)	13522
(13522, 6786)	13523
(13523, 9397)	13524
(2665, 866)	13525
(108, 271)	13526
(295, 101)	13527
(69, 331)	13528
(1294, 260)	13529
(523, 11031)	13530
(348, 8409)	13531
(73, 6666)	13532
(1687, 4927)	13533
(9402, 400)	13534
(86, 9403)	13535
(110, 103)	13536
(195, 172)	13537
(13537, 110)	13538
(13538, 104)	13539
(2513, 785)	13540
(8175, 163)	13541
(510, 105)	13542
(4123, 1083)	13543
(322, 1751)	13544
(13544, 291)	13545
(290, 379)	13546
(10836, 117)	13547
(8179, 110)	13548
(3400, 1087)	13549
(13549, 326)	13550
(4224, 11051)	13551
(4189, 11046)	13552
(731, 1208)	13553
(32, 537)	13554
(13554, 110)	13555
(360, 67)	13556
(6085, 423)	13557
(4561, 399)	13558
(3808, 105)	13559
(4424, 4736)	13560
(4182, 7683)	13561
(8182, 833)	13562
(350, 1363)	13563
(2159, 1182)	13564
(450, 2302)	13565
(265, 1599)	13566
(905, 339)	13567
(2223, 1078)	13568
(285, 4930)	13569
(39, 4791)	13570
(13570, 399)	13571
(4349, 2803)	13572
(1615, 115)	13573
(6613, 2803)	13574
(360, 8180)	13575
(1221, 6519)	13576
(5168, 3950)	13577
(923, 338)	13578
(1362, 433)	13579
(4203, 645)	13580
(68, 398)	13581
(13581, 842)	13582
(9420, 115)	13583
(97, 1528)	13584
(678, 7146)	13585
(103, 275)	13586
(324, 504)	13587
(1031, 1005)	13588
(13588, 291)	13589
(13589, 562)	13590
(2121, 397)	13591
(289, 327)	13592
(7090, 269)	13593
(1251, 6888)	13594
(13594, 2798)	13595
(309, 65)	13596
(1122, 1812)	13597
(4129, 280)	13598
(348, 333)	13599
(2277, 267)	13600
(2271, 530)	13601
(13601, 262)	13602
(109, 1170)	13603
(3108, 9428)	13604
(9429, 291)	13605
(409, 331)	13606
(118, 6476)	13607
(284, 809)	13608
(8323, 11088)	13609
(2922, 4238)	13610
(350, 533)	13611
(13611, 263)	13612
(389, 266)	13613
(6902, 267)	13614
(3901, 97)	13615
(13615, 1205)	13616
(515, 685)	13617
(11098, 9439)	13618
(1556, 8963)	13619
(13619, 291)	13620
(2286, 11101)	13621
(1915, 7889)	13622
(1392, 6123)	13623
(4860, 345)	13624
(299, 415)	13625
(1080, 49)	13626
(2286, 1105)	13627
(13627, 1208)	13628
(5348, 346)	13629
(3991, 108)	13630
(3395, 7488)	13631
(329, 681)	13632
(6389, 1412)	13633
(332, 4480)	13634
(9407, 319)	13635
(13635, 2367)	13636
(13636, 830)	13637
(1728, 376)	13638
(2517, 2181)	13639
(13639, 1473)	13640
(2143, 10152)	13641
(380, 101)	13642
(6418, 3580)	13643
(341, 4696)	13644
(13644, 1750)	13645
(1394, 390)	13646
(884, 273)	13647
(7321, 909)	13648
(271, 2421)	13649
(314, 1985)	13650
(358, 3351)	13651
(710, 994)	13652
(1570, 1565)	13653
(392, 2653)	13654
(74, 2505)	13655
(5812, 339)	13656
(5529, 645)	13657
(2737, 291)	13658
(256, 11119)	13659
(122, 291)	13660
(370, 11120)	13661
(324, 11122)	13662
(115, 6757)	13663
(259, 104)	13664
(280, 784)	13665
(9089, 562)	13666
(9773, 2730)	13667
(835, 11126)	13668
(3959, 6383)	13669
(10481, 2123)	13670
(4504, 8361)	13671
(9305, 572)	13672
(439, 825)	13673
(2834, 497)	13674
(72, 3278)	13675
(13675, 8472)	13676
(411, 573)	13677
(2227, 115)	13678
(344, 317)	13679
(71, 2903)	13680
(271, 287)	13681
(4276, 260)	13682
(3661, 1252)	13683
(570, 8203)	13684
(307, 8205)	13685
(2908, 10967)	13686
(8974, 1899)	13687
(13687, 3476)	13688
(13688, 3639)	13689
(13689, 6632)	13690
(13690, 97)	13691
(109, 433)	13692
(1240, 259)	13693
(299, 1399)	13694
(1035, 507)	13695
(11137, 751)	13696
(2506, 1543)	13697
(10664, 506)	13698
(66, 874)	13699
(10831, 421)	13700
(13700, 351)	13701
(13701, 4950)	13702
(307, 833)	13703
(67, 8206)	13704
(303, 8206)	13705
(7468, 670)	13706
(323, 10191)	13707
(868, 53)	13708
(1477, 108)	13709
(364, 614)	13710
(350, 9455)	13711
(3110, 440)	13712
(78, 4603)	13713
(265, 291)	13714
(348, 2084)	13715
(6925, 1473)	13716
(1018, 11145)	13717
(266, 264)	13718
(4203, 7330)	13719
(7331, 271)	13720
(13720, 1727)	13721
(265, 4930)	13722
(110, 317)	13723
(11146, 291)	13724
(306, 291)	13725
(299, 951)	13726
(6197, 462)	13727
(4541, 428)	13728
(360, 423)	13729
(3118, 116)	13730
(13730, 269)	13731
(2829, 442)	13732
(5433, 2063)	13733
(2203, 2495)	13734
(307, 693)	13735
(655, 2956)	13736
(98, 358)	13737
(9047, 267)	13738
(303, 6398)	13739
(13739, 286)	13740
(277, 2683)	13741
(9290, 352)	13742
(6247, 399)	13743
(350, 585)	13744
(8044, 294)	13745
(11157, 115)	13746
(493, 97)	13747
(430, 2629)	13748
(591, 269)	13749
(2344, 8372)	13750
(13750, 280)	13751
(4662, 2063)	13752
(1415, 3821)	13753
(13753, 318)	13754
(83, 8213)	13755
(272, 8213)	13756
(70, 260)	13757
(13757, 2701)	13758
(290, 8038)	13759
(1442, 10486)	13760
(104, 280)	13761
(83, 7035)	13762
(3196, 2421)	13763
(315, 9363)	13764
(2752, 1752)	13765
(1259, 267)	13766
(348, 1025)	13767
(1728, 271)	13768
(829, 260)	13769
(8863, 1969)	13770
(484, 8215)	13771
(6077, 3580)	13772
(1556, 9175)	13773
(527, 4353)	13774
(9052, 506)	13775
(1782, 734)	13776
(13776, 4170)	13777
(10105, 1461)	13778
(3646, 6095)	13779
(5344, 807)	13780
(387, 7339)	13781
(357, 3800)	13782
(13782, 283)	13783
(13783, 458)	13784
(3503, 6072)	13785
(356, 6084)	13786
(1116, 3639)	13787
(5204, 3960)	13788
(67, 455)	13789
(355, 1128)	13790
(303, 9475)	13791
(356, 863)	13792
(5315, 264)	13793
(77, 114)	13794
(7242, 115)	13795
(99, 455)	13796
(13796, 1043)	13797
(729, 1668)	13798
(592, 115)	13799
(10342, 260)	13800
(8137, 1245)	13801
(13801, 10485)	13802
(2726, 2037)	13803
(105, 10964)	13804
(314, 115)	13805
(8222, 280)	13806
(324, 515)	13807
(13807, 8224)	13808
(11176, 9480)	13809
(3735, 5042)	13810
(503, 114)	13811
(2481, 432)	13812
(977, 280)	13813
(434, 3249)	13814
(67, 8575)	13815
(320, 7342)	13816
(1221, 3276)	13817
(552, 10490)	13818
(320, 396)	13819
(458, 264)	13820
(1154, 1488)	13821
(290, 1294)	13822
(13822, 5129)	13823
(1033, 121)	13824
(1211, 115)	13825
(77, 6690)	13826
(3376, 1325)	13827
(2191, 304)	13828
(3911, 117)	13829
(3996, 628)	13830
(119, 458)	13831
(2880, 65)	13832
(307, 259)	13833
(5535, 338)	13834
(13834, 291)	13835
(5499, 1319)	13836
(77, 615)	13837
(77, 542)	13838
(78, 2863)	13839
(11196, 4945)	13840
(801, 6309)	13841
(1095, 109)	13842
(13842, 326)	13843
(13843, 718)	13844
(279, 400)	13845
(1550, 1429)	13846
(369, 477)	13847
(2624, 1479)	13848
(110, 7191)	13849
(67, 480)	13850
(4351, 1871)	13851
(13851, 417)	13852
(286, 460)	13853
(547, 268)	13854
(13854, 8118)	13855
(360, 2058)	13856
(372, 119)	13857
(71, 6657)	13858
(8027, 264)	13859
(11207, 8092)	13860
(10642, 415)	13861
(13861, 121)	13862
(364, 3369)	13863
(13863, 10865)	13864
(13864, 8198)	13865
(13865, 343)	13866
(13866, 111)	13867
(429, 2237)	13868
(110, 974)	13869
(7077, 2563)	13870
(45, 316)	13871
(10241, 1269)	13872
(121, 558)	13873
(2211, 433)	13874
(13874, 9031)	13875
(293, 687)	13876
(6445, 1128)	13877
(387, 294)	13878
(1221, 4001)	13879
(13879, 546)	13880
(6466, 115)	13881
(4892, 4284)	13882
(1002, 631)	13883
(272, 544)	13884
(83, 4852)	13885
(13885, 602)	13886
(77, 306)	13887
(273, 365)	13888
(2121, 401)	13889
(13889, 121)	13890
(2443, 115)	13891
(392, 111)	13892
(2624, 1245)	13893
(2271, 3969)	13894
(13894, 854)	13895
(7227, 399)	13896
(453, 316)	13897
(309, 658)	13898
(105, 3618)	13899
(484, 7593)	13900
(575, 111)	13901
(10103, 9502)	13902
(711, 763)	13903
(268, 346)	13904
(68, 4936)	13905
(5207, 1995)	13906
(2415, 105)	13907
(560, 11221)	13908
(299, 2818)	13909
(387, 366)	13910
(13910, 105)	13911
(6616, 9504)	13912
(76, 1012)	13913
(13913, 5249)	13914
(364, 458)	13915
(13915, 2954)	13916
(3061, 2057)	13917
(6044, 263)	13918
(45, 6029)	13919
(290, 513)	13920
(13920, 275)	13921
(341, 111)	13922
(262, 352)	13923
(5527, 107)	13924
(309, 9868)	13925
(1786, 334)	13926
(493, 266)	13927
(370, 2333)	13928
(71, 9510)	13929
(937, 53)	13930
(102, 5590)	13931
(387, 2098)	13932
(2572, 115)	13933
(429, 752)	13934
(5848, 460)	13935
(821, 108)	13936
(13936, 787)	13937
(9362, 414)	13938
(289, 713)	13939
(3108, 4548)	13940
(49, 937)	13941
(5696, 2850)	13942
(679, 1841)	13943
(1625, 11241)	13944
(9023, 325)	13945
(13945, 5951)	13946
(294, 102)	13947
(309, 898)	13948
(11244, 10384)	13949
(360, 6541)	13950
(13950, 446)	13951
(13951, 5227)	13952
(203, 144)	13953
(116, 3243)	13954
(319, 414)	13955
(265, 5191)	13956
(298, 2302)	13957
(4622, 11254)	13958
(6504, 2123)	13959
(114, 602)	13960
(5363, 280)	13961
(11257, 528)	13962
(875, 346)	13963
(299, 9517)	13964
(4968, 9522)	13965
(450, 6508)	13966
(9523, 4933)	13967
(385, 11034)	13968
(67, 9663)	13969
(13969, 713)	13970
(355, 686)	13971
(13971, 1569)	13972
(434, 1845)	13973
(384, 2026)	13974
(1456, 115)	13975
(89, 4373)	13976
(5733, 1205)	13977
(1447, 9482)	13978
(256, 117)	13979
(690, 467)	13980
(4898, 397)	13981
(209, 131)	13982
(208, 177)	13983
(9525, 269)	13984
(11276, 8823)	13985
(77, 5659)	13986
(461, 10985)	13987
(433, 100)	13988
(294, 268)	13989
(510, 264)	13990
(3886, 6870)	13991
(303, 863)	13992
(66, 3541)	13993
(325, 262)	13994
(5450, 10948)	13995
(10887, 3329)	13996
(5487, 985)	13997
(1965, 338)	13998
(10276, 4559)	13999
(8025, 346)	14000
(657, 602)	14001
(309, 7727)	14002
(298, 647)	14003
(541, 381)	14004
(1140, 5598)	14005
(71, 104)	14006
(14006, 379)	14007
(14007, 305)	14008
(10759, 79)	14009
(86, 4114)	14010
(3508, 400)	14011
(955, 481)	14012
(7629, 11290)	14013
(8258, 2435)	14014
(999, 3559)	14015
(565, 2556)	14016
(469, 97)	14017
(1114, 11292)	14018
(208, 186)	14019
(4802, 478)	14020
(855, 1182)	14021
(4281, 670)	14022
(717, 105)	14023
(75, 1146)	14024
(2907, 967)	14025
(1965, 327)	14026
(1354, 5368)	14027
(69, 84)	14028
(4877, 985)	14029
(259, 414)	14030
(404, 1537)	14031
(307, 619)	14032
(14032, 397)	14033
(988, 343)	14034
(14034, 2588)	14035
(527, 260)	14036
(290, 458)	14037
(14037, 4176)	14038
(87, 306)	14039
(14039, 372)	14040
(14040, 102)	14041
(14041, 1032)	14042
(9540, 483)	14043
(98, 1661)	14044
(14044, 291)	14045
(277, 1381)	14046
(14046, 713)	14047
(860, 5758)	14048
(1773, 264)	14049
(407, 291)	14050
(4883, 397)	14051
(434, 785)	14052
(977, 396)	14053
(14053, 785)	14054
(4935, 112)	14055
(39, 79)	14056
(6862, 109)	14057
(6966, 6629)	14058
(4324, 292)	14059
(350, 546)	14060
(324, 10450)	14061
(10956, 6704)	14062
(459, 3609)	14063
(14063, 708)	14064
(364, 585)	14065
(316, 4696)	14066
(14066, 116)	14067
(14067, 728)	14068
(2731, 1269)	14069
(8058, 2530)	14070
(350, 4904)	14071
(46, 41)	14072
(356, 4568)	14073
(10955, 2055)	14074
(324, 2172)	14075
(14075, 373)	14076
(355, 9142)	14077
(1798, 392)	14078
(3906, 5858)	14079
(2553, 1689)	14080
(298, 11329)	14081
(14081, 338)	14082
(5315, 11330)	14083
(7231, 2260)	14084
(14084, 97)	14085
(5958, 442)	14086
(5574, 3705)	14087
(1214, 1578)	14088
(355, 9556)	14089
(678, 5387)	14090
(14090, 7670)	14091
(14091, 1779)	14092
(6118, 2538)	14093
(1924, 680)	14094
(9557, 115)	14095
(3243, 111)	14096
(350, 11337)	14097
(68, 8451)	14098
(299, 7721)	14099
(5631, 573)	14100
(5815, 97)	14101
(348, 1231)	14102
(1557, 1974)	14103
(77, 1550)	14104
(290, 5576)	14105
(3989, 11339)	14106
(8261, 313)	14107
(2696, 275)	14108
(1428, 336)	14109
(14109, 718)	14110
(9561, 631)	14111
(430, 764)	14112
(118, 280)	14113
(324, 7965)	14114
(592, 269)	14115
(625, 965)	14116
(9168, 11341)	14117
(77, 1033)	14118
(9233, 6630)	14119
(9562, 109)	14120
(1881, 104)	14121
(1362, 11345)	14122
(1573, 967)	14123
(434, 11348)	14124
(2004, 117)	14125
(9935, 628)	14126
(434, 2881)	14127
(309, 2505)	14128
(263, 102)	14129
(9032, 334)	14130
(1984, 1817)	14131
(7811, 11259)	14132
(320, 336)	14133
(830, 2199)	14134
(2563, 352)	14135
(82, 9568)	14136
(747, 3683)	14137
(838, 109)	14138
(14138, 542)	14139
(87, 121)	14140
(14140, 1033)	14141
(5961, 10038)	14142
(2344, 1081)	14143
(272, 363)	14144
(14144, 3072)	14145
(11359, 280)	14146
(45, 474)	14147
(1625, 267)	14148
(2883, 310)	14149
(1428, 358)	14150
(14150, 345)	14151
(1009, 967)	14152
(370, 271)	14153
(14153, 2199)	14154
(290, 71)	14155
(1798, 2068)	14156
(14156, 1163)	14157
(5663, 1170)	14158
(11331, 262)	14159
(356, 5670)	14160
(14160, 537)	14161
(675, 313)	14162
(83, 9211)	14163
(11365, 269)	14164
(3404, 603)	14165
(524, 269)	14166
(1447, 101)	14167
(484, 108)	14168
(75, 271)	14169
(356, 11368)	14170
(1186, 109)	14171
(5524, 8171)	14172
(625, 103)	14173
(510, 111)	14174
(324, 2853)	14175
(3365, 11373)	14176
(9369, 7073)	14177
(1107, 3151)	14178
(306, 974)	14179
(362, 457)	14180
(741, 273)	14181
(14181, 408)	14182
(14182, 306)	14183
(3935, 11385)	14184
(362, 84)	14185
(1016, 1354)	14186
(69, 88)	14187
(14187, 6052)	14188
(68, 854)	14189
(1242, 854)	14190
(859, 266)	14191
(348, 2649)	14192
(8287, 6028)	14193
(1219, 863)	14194
(14194, 11393)	14195
(6065, 11394)	14196
(955, 11395)	14197
(14197, 1205)	14198
(3670, 5400)	14199
(6930, 809)	14200
(2801, 115)	14201
(2272, 102)	14202
(434, 407)	14203
(14203, 400)	14204
(14204, 107)	14205
(11386, 402)	14206
(295, 5030)	14207
(826, 122)	14208
(3245, 1105)	14209
(6705, 4628)	14210
(98, 787)	14211
(71, 9579)	14212
(5619, 718)	14213
(14213, 267)	14214
(7276, 9805)	14215
(472, 110)	14216
(14216, 8203)	14217
(5651, 874)	14218
(70, 1162)	14219
(7218, 521)	14220
(83, 4659)	14221
(3015, 497)	14222
(14222, 114)	14223
(14223, 471)	14224
(260, 331)	14225
(1838, 358)	14226
(9573, 76)	14227
(14227, 80)	14228
(1116, 99)	14229
(14229, 7051)	14230
(370, 67)	14231
(69, 447)	14232
(32, 4010)	14233
(5088, 8071)	14234
(14234, 117)	14235
(80, 1120)	14236
(66, 5475)	14237
(339, 115)	14238
(2331, 105)	14239
(2886, 412)	14240
(14240, 3042)	14241
(307, 3739)	14242
(330, 325)	14243
(70, 443)	14244
(324, 488)	14245
(8182, 263)	14246
(941, 1473)	14247
(303, 9390)	14248
(1236, 11305)	14249
(14249, 592)	14250
(348, 3395)	14251
(14251, 3351)	14252
(7910, 6951)	14253
(68, 2315)	14254
(355, 2315)	14255
(384, 2730)	14256
(6432, 1508)	14257
(6043, 115)	14258
(457, 97)	14259
(1556, 330)	14260
(14260, 706)	14261
(86, 65)	14262
(2099, 11417)	14263
(11418, 1528)	14264
(3846, 262)	14265
(284, 4066)	14266
(7544, 680)	14267
(299, 2004)	14268
(14268, 4740)	14269
(9209, 7667)	14270
(14270, 104)	14271
(14271, 8273)	14272
(1639, 11425)	14273
(8562, 1898)	14274
(7537, 122)	14275
(1596, 279)	14276
(356, 2077)	14277
(484, 11429)	14278
(324, 438)	14279
(2596, 111)	14280
(1556, 421)	14281
(99, 469)	14282
(4544, 2701)	14283
(1219, 392)	14284
(14284, 1126)	14285
(671, 305)	14286
(370, 259)	14287
(434, 4038)	14288
(107, 2399)	14289
(121, 271)	14290
(1114, 406)	14291
(290, 1407)	14292
(1876, 112)	14293
(1356, 644)	14294
(80, 1537)	14295
(1219, 601)	14296
(9595, 2744)	14297
(3098, 447)	14298
(11073, 5580)	14299
(355, 2102)	14300
(14300, 4737)	14301
(434, 3641)	14302
(11281, 644)	14303
(434, 669)	14304
(303, 5869)	14305
(67, 2500)	14306
(2671, 864)	14307
(14307, 417)	14308
(344, 2307)	14309
(692, 677)	14310
(4932, 677)	14311
(120, 105)	14312
(309, 2954)	14313
(209, 128)	14314
(122, 3447)	14315
(875, 1061)	14316
(429, 1055)	14317
(14317, 97)	14318
(195, 176)	14319
(3634, 10741)	14320
(8034, 330)	14321
(5959, 11442)	14322
(74, 330)	14323
(14323, 6628)	14324
(1362, 8037)	14325
(348, 515)	14326
(381, 3208)	14327
(394, 8301)	14328
(452, 11186)	14329
(6705, 110)	14330
(14330, 399)	14331
(11298, 5609)	14332
(8244, 268)	14333
(315, 304)	14334
(310, 346)	14335
(884, 1108)	14336
(884, 4406)	14337
(87, 669)	14338
(450, 421)	14339
(320, 405)	14340
(963, 267)	14341
(289, 111)	14342
(2958, 105)	14343
(265, 314)	14344
(481, 121)	14345
(299, 6062)	14346
(309, 314)	14347
(14347, 3929)	14348
(14348, 3141)	14349
(4370, 1499)	14350
(7770, 3416)	14351
(3544, 102)	14352
(7492, 7389)	14353
(11369, 330)	14354
(299, 787)	14355
(2574, 896)	14356
(5970, 9611)	14357
(290, 4166)	14358
(14358, 317)	14359
(14359, 263)	14360
(1714, 5680)	14361
(86, 2396)	14362
(1064, 3832)	14363
(77, 5229)	14364
(77, 268)	14365
(11468, 4343)	14366
(10467, 3872)	14367
(1448, 685)	14368
(14368, 11434)	14369
(55, 3896)	14370
(6221, 3755)	14371
(10578, 534)	14372
(361, 392)	14373
(307, 1981)	14374
(14374, 11289)	14375
(309, 68)	14376
(5587, 1898)	14377
(8159, 2823)	14378
(362, 873)	14379
(1707, 417)	14380
(1125, 49)	14381
(117, 1473)	14382
(7698, 9583)	14383
(8056, 667)	14384
(4892, 7394)	14385
(82, 9501)	14386
(9275, 105)	14387
(7201, 2954)	14388
(9604, 4193)	14389
(924, 1294)	14390
(14390, 115)	14391
(325, 264)	14392
(309, 1120)	14393
(14393, 316)	14394
(14394, 932)	14395
(290, 4253)	14396
(2587, 294)	14397
(11482, 2190)	14398
(10422, 1126)	14399
(535, 317)	14400
(294, 104)	14401
(14401, 3278)	14402
(1391, 586)	14403
(11486, 478)	14404
(8132, 74)	14405
(14405, 400)	14406
(14406, 90)	14407
(14407, 6673)	14408
(14408, 659)	14409
(82, 578)	14410
(303, 8462)	14411
(4026, 345)	14412
(4026, 715)	14413
(1444, 3141)	14414
(65, 99)	14415
(5682, 1205)	14416
(9623, 4945)	14417
(1965, 668)	14418
(14418, 3825)	14419
(309, 1032)	14420
(11496, 2653)	14421
(11497, 1412)	14422
(4015, 291)	14423
(1544, 462)	14424
(8323, 71)	14425
(5684, 291)	14426
(332, 1076)	14427
(1214, 7399)	14428
(387, 1117)	14429
(66, 79)	14430
(5275, 649)	14431
(8328, 115)	14432
(307, 3381)	14433
(5278, 3066)	14434
(4946, 2189)	14435
(643, 5690)	14436
(3829, 1305)	14437
(6723, 3831)	14438
(1332, 267)	14439
(3385, 1967)	14440
(615, 1423)	14441
(7404, 1914)	14442
(303, 9650)	14443
(411, 1261)	14444
(350, 4021)	14445
(7406, 4676)	14446
(7407, 2871)	14447
(2790, 534)	14448
(1771, 1554)	14449
(836, 8342)	14450
(104, 381)	14451
(450, 351)	14452
(14452, 4954)	14453
(14453, 1660)	14454
(14454, 269)	14455
(2147, 334)	14456
(265, 3276)	14457
(8345, 115)	14458
(4956, 2971)	14459
(1391, 1182)	14460
(489, 9661)	14461
(98, 3388)	14462
(9662, 2110)	14463
(963, 273)	14464
(2286, 117)	14465
(438, 399)	14466
(634, 3072)	14467
(835, 2460)	14468
(434, 2978)	14469
(14469, 104)	14470
(937, 54)	14471
(1402, 8347)	14472
(2980, 930)	14473
(14473, 9675)	14474
(14474, 116)	14475
(1267, 397)	14476
(14476, 1660)	14477
(5702, 352)	14478
(14478, 9676)	14479
(3075, 3281)	14480
(4219, 766)	14481
(300, 9678)	14482
(1891, 11532)	14483
(1732, 346)	14484
(2044, 339)	14485
(3534, 271)	14486
(350, 697)	14487
(14487, 269)	14488
(8360, 8361)	14489
(11542, 5708)	14490
(679, 1414)	14491
(78, 1575)	14492
(45, 363)	14493
(8365, 257)	14494
(14494, 2360)	14495
(14495, 257)	14496
(14496, 102)	14497
(9687, 305)	14498
(14498, 268)	14499
(586, 121)	14500
(2286, 1599)	14501
(3395, 1776)	14502
(313, 260)	14503
(8368, 294)	14504
(97, 273)	14505
(307, 1170)	14506
(14506, 2237)	14507
(11549, 294)	14508
(543, 4033)	14509
(327, 325)	14510
(11554, 754)	14511
(610, 8371)	14512
(330, 8372)	14513
(328, 8374)	14514
(2989, 267)	14515
(281, 1918)	14516
(331, 499)	14517
(272, 496)	14518
(299, 1681)	14519
(14519, 286)	14520
(2732, 260)	14521
(11568, 269)	14522
(309, 806)	14523
(350, 731)	14524
(101, 102)	14525
(3400, 110)	14526
(14526, 381)	14527
(915, 266)	14528
(6753, 266)	14529
(2045, 291)	14530
(1250, 6205)	14531
(271, 4698)	14532
(9710, 417)	14533
(554, 385)	14534
(14534, 4679)	14535
(14535, 286)	14536
(11575, 628)	14537
(6208, 478)	14538
(6755, 715)	14539
(3682, 2040)	14540
(265, 1473)	14541
(3404, 1414)	14542
(554, 99)	14543
(6209, 3083)	14544
(854, 111)	14545
(2368, 115)	14546
(391, 592)	14547
(14547, 416)	14548
(66, 917)	14549
(2992, 696)	14550
(2886, 286)	14551
(4703, 5733)	14552
(2466, 7445)	14553
(265, 6215)	14554
(5302, 11590)	14555
(45, 9722)	14556
(847, 715)	14557
(8399, 267)	14558
(11599, 446)	14559
(14559, 485)	14560
(277, 421)	14561
(112, 3083)	14562
(962, 118)	14563
(14563, 994)	14564
(4707, 291)	14565
(1976, 764)	14566
(4708, 573)	14567
(1279, 351)	14568
(14568, 1435)	14569
(724, 596)	14570
(6764, 291)	14571
(5738, 481)	14572
(4207, 488)	14573
(14573, 275)	14574
(14574, 313)	14575
(99, 3862)	14576
(2655, 2539)	14577
(4969, 9722)	14578
(530, 291)	14579
(500, 394)	14580
(14580, 2542)	14581
(11612, 2543)	14582
(5741, 108)	14583
(14583, 481)	14584
(7457, 1518)	14585
(1556, 314)	14586
(14586, 385)	14587
(14587, 286)	14588
(303, 317)	14589
(3298, 693)	14590
(1641, 11616)	14591
(351, 264)	14592
(362, 659)	14593
(393, 976)	14594
(313, 601)	14595
(269, 1779)	14596
(1428, 2302)	14597
(2368, 4980)	14598
(39, 11626)	14599
(14599, 273)	14600
(1501, 1604)	14601
(9741, 423)	14602
(1391, 11629)	14603
(4983, 101)	14604
(306, 4470)	14605
(615, 264)	14606
(484, 464)	14607
(14607, 410)	14608
(66, 1451)	14609
(14609, 287)	14610
(69, 3299)	14611
(1248, 51)	14612
(57, 2664)	14613
(1253, 11631)	14614
(14614, 1499)	14615
(991, 1812)	14616
(9742, 9743)	14617
(7468, 9745)	14618
(387, 1473)	14619
(366, 4950)	14620
(2162, 103)	14621
(14621, 3689)	14622
(6778, 704)	14623
(355, 2120)	14624
(14624, 269)	14625
(384, 565)	14626
(360, 1669)	14627
(14627, 294)	14628
(2605, 9743)	14629
(315, 2423)	14630
(2809, 689)	14631
(14631, 677)	14632
(775, 8418)	14633
(14633, 291)	14634
(361, 8419)	14635
(1090, 115)	14636
(8420, 829)	14637
(484, 512)	14638
(115, 642)	14639
(2474, 107)	14640
(1345, 8421)	14641
(6780, 9750)	14642
(1979, 3416)	14643
(14643, 351)	14644
(14644, 2198)	14645
(97, 518)	14646
(2366, 3553)	14647
(3305, 6781)	14648
(959, 833)	14649
(300, 7472)	14650
(1032, 97)	14651
(11646, 592)	14652
(935, 333)	14653
(14653, 286)	14654
(370, 415)	14655
(14655, 2307)	14656
(14656, 4721)	14657
(289, 457)	14658
(112, 376)	14659
(11651, 1068)	14660
(3868, 1220)	14661
(3194, 452)	14662
(14662, 3195)	14663
(634, 601)	14664
(2407, 1516)	14665
(1834, 802)	14666
(300, 1104)	14667
(315, 535)	14668
(14668, 2542)	14669
(1170, 346)	14670
(1119, 669)	14671
(11655, 990)	14672
(290, 7476)	14673
(289, 1067)	14674
(264, 1353)	14675
(835, 2475)	14676
(14676, 115)	14677
(379, 1471)	14678
(14678, 802)	14679
(7478, 345)	14680
(356, 1163)	14681
(11657, 3555)	14682
(80, 589)	14683
(14683, 1001)	14684
(14684, 562)	14685
(4049, 101)	14686
(260, 283)	14687
(79, 1395)	14688
(14688, 1150)	14689
(7480, 564)	14690
(11664, 498)	14691
(9762, 376)	14692
(1270, 412)	14693
(14693, 4698)	14694
(8434, 400)	14695
(300, 3269)	14696
(1737, 4701)	14697
(1103, 4980)	14698
(1271, 803)	14699
(14699, 267)	14700
(391, 3696)	14701
(480, 267)	14702
(1924, 1890)	14703
(68, 1968)	14704
(347, 4999)	14705
(8440, 4043)	14706
(447, 103)	14707
(14707, 562)	14708
(1815, 108)	14709
(14709, 2360)	14710
(1254, 2165)	14711
(9741, 2902)	14712
(350, 2539)	14713
(884, 343)	14714
(303, 9774)	14715
(6243, 286)	14716
(256, 11675)	14717
(14717, 414)	14718
(3869, 266)	14719
(310, 589)	14720
(67, 2817)	14721
(83, 317)	14722
(14722, 106)	14723
(14723, 2120)	14724
(1226, 11684)	14725
(694, 54)	14726
(731, 264)	14727
(45, 105)	14728
(955, 731)	14729
(4209, 267)	14730
(2156, 1220)	14731
(2905, 109)	14732
(106, 271)	14733
(289, 117)	14734
(66, 8449)	14735
(1272, 11695)	14736
(83, 11696)	14737
(14737, 400)	14738
(1816, 346)	14739
(348, 82)	14740
(4727, 3662)	14741
(66, 4262)	14742
(14742, 540)	14743
(8442, 558)	14744
(39, 6195)	14745
(6797, 400)	14746
(7492, 3199)	14747
(1189, 57)	14748
(9785, 2406)	14749
(2252, 115)	14750
(67, 4482)	14751
(2595, 1981)	14752
(355, 11710)	14753
(295, 3201)	14754
(1227, 1452)	14755
(1464, 263)	14756
(707, 117)	14757
(356, 306)	14758
(1241, 260)	14759
(290, 267)	14760
(356, 685)	14761
(306, 399)	14762
(348, 260)	14763
(1501, 325)	14764
(14764, 1245)	14765
(4030, 291)	14766
(5283, 2871)	14767
(3523, 54)	14768
(450, 996)	14769
(1336, 7506)	14770
(2256, 477)	14771
(937, 55)	14772
(3876, 98)	14773
(14773, 2251)	14774
(82, 2166)	14775
(3564, 11728)	14776
(4064, 457)	14777
(426, 968)	14778
(14778, 331)	14779
(14779, 1081)	14780
(3186, 1287)	14781
(608, 417)	14782
(110, 266)	14783
(4493, 102)	14784
(77, 336)	14785
(105, 692)	14786
(68, 1089)	14787
(14787, 110)	14788
(14788, 334)	14789
(452, 562)	14790
(277, 317)	14791
(14791, 6816)	14792
(484, 5739)	14793
(14793, 2042)	14794
(860, 1068)	14795
(4735, 269)	14796
(678, 2037)	14797
(860, 336)	14798
(256, 3281)	14799
(500, 455)	14800
(3094, 98)	14801
(361, 1624)	14802
(5774, 5347)	14803
(14803, 460)	14804
(3288, 1083)	14805
(284, 752)	14806
(9806, 269)	14807
(1267, 8465)	14808
(2912, 1305)	14809
(285, 2913)	14810
(5777, 291)	14811
(284, 2554)	14812
(1119, 841)	14813
(3431, 763)	14814
(747, 4737)	14815
(874, 291)	14816
(591, 336)	14817
(3432, 1681)	14818
(14818, 394)	14819
(1803, 67)	14820
(14820, 88)	14821
(387, 330)	14822
(404, 1335)	14823
(1521, 260)	14824
(80, 483)	14825
(9814, 271)	14826
(11754, 112)	14827
(14827, 428)	14828
(1065, 115)	14829
(87, 4739)	14830
(299, 1128)	14831
(6264, 717)	14832
(545, 279)	14833
(1154, 833)	14834
(14834, 2557)	14835
(756, 291)	14836
(1142, 715)	14837
(307, 727)	14838
(285, 2302)	14839
(2244, 1151)	14840
(9822, 2822)	14841
(353, 1305)	14842
(2432, 766)	14843
(9825, 1757)	14844
(2559, 3830)	14845
(272, 9827)	14846
(4706, 534)	14847
(710, 4698)	14848
(391, 1381)	14849
(14849, 645)	14850
(1052, 4480)	14851
(6279, 866)	14852
(116, 5356)	14853
(8486, 1269)	14854
(6835, 291)	14855
(284, 3882)	14856
(14856, 336)	14857
(643, 271)	14858
(281, 4502)	14859
(300, 351)	14860
(437, 291)	14861
(84, 330)	14862
(5710, 3208)	14863
(11783, 1853)	14864
(98, 527)	14865
(14865, 346)	14866
(4506, 346)	14867
(6838, 645)	14868
(9834, 1563)	14869
(9802, 739)	14870
(14870, 292)	14871
(6286, 262)	14872
(6841, 600)	14873
(14873, 1580)	14874
(11788, 3294)	14875
(7535, 346)	14876
(1285, 330)	14877
(14877, 414)	14878
(307, 433)	14879
(490, 3685)	14880
(14880, 802)	14881
(6846, 121)	14882
(915, 5361)	14883
(8500, 419)	14884
(74, 6770)	14885
(14885, 493)	14886
(14886, 351)	14887
(5362, 3438)	14888
(281, 11793)	14889
(7545, 4721)	14890
(2595, 280)	14891
(3425, 262)	14892
(87, 8503)	14893
(355, 343)	14894
(4434, 1929)	14895
(532, 358)	14896
(14896, 109)	14897
(14897, 782)	14898
(2523, 1813)	14899
(4074, 291)	14900
(3717, 6853)	14901
(109, 713)	14902
(118, 9855)	14903
(1047, 291)	14904
(11801, 346)	14905
(14905, 280)	14906
(3577, 540)	14907
(2562, 11802)	14908
(3578, 680)	14909
(1786, 5329)	14910
(3324, 2563)	14911
(1496, 493)	14912
(71, 2998)	14913
(14913, 3220)	14914
(303, 6856)	14915
(988, 469)	14916
(68, 5365)	14917
(999, 8483)	14918
(3719, 292)	14919
(320, 433)	14920
(14920, 402)	14921
(1975, 3580)	14922
(9865, 965)	14923
(14923, 267)	14924
(2827, 8515)	14925
(307, 1087)	14926
(369, 116)	14927
(14927, 1078)	14928
(6196, 865)	14929
(2434, 506)	14930
(484, 327)	14931
(9871, 11771)	14932
(11818, 6300)	14933
(14933, 562)	14934
(347, 4475)	14935
(364, 269)	14936
(14936, 788)	14937
(96, 96)	14938
(8348, 623)	14939
(489, 1869)	14940
(275, 112)	14941
(82, 3280)	14942
(7559, 1207)	14943
(1095, 98)	14944
(344, 117)	14945
(109, 498)	14946
(263, 1059)	14947
(5782, 1471)	14948
(112, 3327)	14949
(66, 287)	14950
(272, 1126)	14951
(14951, 3663)	14952
(262, 373)	14953
(11828, 4083)	14954
(303, 725)	14955
(891, 115)	14956
(1279, 8529)	14957
(2162, 6306)	14958
(349, 5690)	14959
(83, 1569)	14960
(1164, 41)	14961
(1464, 833)	14962
(3729, 615)	14963
(9893, 3174)	14964
(6867, 346)	14965
(5808, 280)	14966
(533, 115)	14967
(2796, 2198)	14968
(5380, 291)	14969
(272, 1667)	14970
(90, 1817)	14971
(14971, 330)	14972
(11836, 3296)	14973
(11838, 399)	14974
(5041, 1068)	14975
(77, 6317)	14976
(9910, 216)	14977
(14977, 178)	14978
(216, 172)	14979
(4686, 2545)	14980
(14980, 313)	14981
(265, 4290)	14982
(3116, 1537)	14983
(14983, 294)	14984
(887, 110)	14985
(2121, 2388)	14986
(9913, 788)	14987
(1464, 269)	14988
(71, 9914)	14989
(11855, 366)	14990
(3578, 8547)	14991
(437, 376)	14992
(118, 336)	14993
(6879, 1704)	14994
(855, 5817)	14995
(118, 11857)	14996
(532, 1041)	14997
(1795, 6330)	14998
(353, 6881)	14999
(303, 9922)	15000
(308, 55)	15001
(7578, 97)	15002
(8556, 667)	15003
(3718, 267)	15004
(7580, 5820)	15005
(4294, 411)	15006
(15006, 11869)	15007
(2545, 481)	15008
(299, 11870)	15009
(1649, 1962)	15010
(9932, 833)	15011
(256, 6884)	15012
(289, 11871)	15013
(407, 689)	15014
(11875, 565)	15015
(11876, 310)	15016
(15016, 327)	15017
(6886, 9936)	15018
(812, 3521)	15019
(78, 97)	15020
(15020, 9936)	15021
(11882, 280)	15022
(118, 397)	15023
(65, 6888)	15024
(15024, 3593)	15025
(6335, 787)	15026
(11883, 1762)	15027
(290, 118)	15028
(2981, 292)	15029
(362, 3594)	15030
(15030, 9940)	15031
(2763, 703)	15032
(76, 2766)	15033
(9710, 460)	15034
(100, 269)	15035
(1465, 1473)	15036
(195, 174)	15037
(9945, 8570)	15038
(589, 628)	15039
(303, 5395)	15040
(509, 1812)	15041
(11892, 453)	15042
(15042, 336)	15043
(3084, 2319)	15044
(80, 11893)	15045
(1080, 55)	15046
(349, 1305)	15047
(1072, 1471)	15048
(1792, 498)	15049
(5833, 338)	15050
(466, 471)	15051
(639, 1161)	15052
(937, 52)	15053
(6344, 115)	15054
(3301, 8575)	15055
(324, 2095)	15056
(15056, 287)	15057
(15057, 649)	15058
(2836, 107)	15059
(11904, 396)	15060
(15060, 400)	15061
(1149, 366)	15062
(327, 11906)	15063
(2331, 1521)	15064
(591, 2120)	15065
(15065, 262)	15066
(639, 685)	15067
(1133, 55)	15068
(258, 8587)	15069
(2670, 823)	15070
(3660, 956)	15071
(5771, 291)	15072
(2288, 8590)	15073
(15073, 1262)	15074
(70, 527)	15075
(2223, 8535)	15076
(3123, 5734)	15077
(11917, 766)	15078
(7590, 1083)	15079
(83, 77)	15080
(355, 1838)	15081
(256, 1098)	15082
(330, 1731)	15083
(102, 483)	15084
(4287, 115)	15085
(1133, 53)	15086
(355, 417)	15087
(15087, 317)	15088
(9975, 1779)	15089
(2481, 262)	15090
(15090, 345)	15091
(2036, 498)	15092
(65, 1088)	15093
(303, 11931)	15094
(15094, 86)	15095
(281, 9979)	15096
(15096, 1658)	15097
(11936, 823)	15098
(1103, 834)	15099
(15099, 6909)	15100
(1102, 115)	15101
(268, 105)	15102
(1200, 115)	15103
(988, 466)	15104
(87, 11939)	15105
(5303, 2661)	15106
(1904, 3881)	15107
(1798, 745)	15108
(4779, 291)	15109
(679, 11947)	15110
(457, 565)	15111
(4781, 1004)	15112
(258, 376)	15113
(15113, 4487)	15114
(3460, 98)	15115
(15115, 1590)	15116
(1616, 9991)	15117
(100, 383)	15118
(268, 583)	15119
(1251, 7617)	15120
(370, 6881)	15121
(5015, 570)	15122
(15122, 273)	15123
(15123, 268)	15124
(299, 358)	15125
(1362, 11956)	15126
(454, 803)	15127
(15127, 715)	15128
(643, 262)	15129
(15129, 994)	15130
(362, 7618)	15131
(667, 269)	15132
(2298, 5378)	15133
(1816, 2190)	15134
(1535, 1068)	15135
(8608, 873)	15136
(490, 11958)	15137
(6364, 442)	15138
(1465, 346)	15139
(4775, 7625)	15140
(1062, 1495)	15141
(8612, 286)	15142
(7626, 11969)	15143
(80, 11970)	15144
(45, 704)	15145
(1013, 10004)	15146
(941, 530)	15147
(1582, 670)	15148
(285, 259)	15149
(1975, 3600)	15150
(8617, 3903)	15151
(5413, 432)	15152
(625, 469)	15153
(15153, 11971)	15154
(459, 4746)	15155
(8619, 1899)	15156
(8621, 498)	15157
(66, 10009)	15158
(324, 10009)	15159
(307, 851)	15160
(15160, 1592)	15161
(309, 11808)	15162
(489, 417)	15163
(70, 8627)	15164
(6930, 8628)	15165
(324, 453)	15166
(15166, 121)	15167
(10021, 6372)	15168
(4082, 1297)	15169
(2286, 1540)	15170
(1519, 116)	15171
(364, 502)	15172
(299, 336)	15173
(15173, 105)	15174
(11548, 11955)	15175
(2984, 268)	15176
(15176, 283)	15177
(1795, 7635)	15178
(625, 107)	15179
(11994, 410)	15180
(72, 11996)	15181
(15181, 400)	15182
(6376, 807)	15183
(4473, 115)	15184
(87, 12006)	15185
(855, 685)	15186
(10034, 105)	15187
(15187, 2098)	15188
(360, 104)	15189
(12015, 967)	15190
(10036, 122)	15191
(329, 39)	15192
(5383, 177)	15193
(5042, 217)	15194
(3933, 595)	15195
(12019, 268)	15196
(5015, 2841)	15197
(11774, 115)	15198
(15198, 2929)	15199
(1391, 12020)	15200
(680, 262)	15201
(484, 1712)	15202
(720, 366)	15203
(8646, 417)	15204
(5362, 12023)	15205
(99, 688)	15206
(8651, 495)	15207
(1481, 1117)	15208
(15208, 477)	15209
(6944, 291)	15210
(1240, 269)	15211
(632, 5875)	15212
(86, 271)	15213
(15213, 2394)	15214
(1300, 442)	15215
(45, 287)	15216
(256, 659)	15217
(2083, 4798)	15218
(15218, 267)	15219
(1787, 260)	15220
(3130, 346)	15221
(295, 70)	15222
(109, 325)	15223
(517, 401)	15224
(12033, 498)	15225
(7652, 263)	15226
(2412, 12036)	15227
(1036, 569)	15228
(12037, 1449)	15229
(12038, 122)	15230
(404, 287)	15231
(7590, 623)	15232
(3920, 115)	15233
(12041, 1118)	15234
(1707, 9974)	15235
(490, 12042)	15236
(53, 3936)	15237
(83, 3021)	15238
(4316, 12044)	15239
(5325, 534)	15240
(1646, 449)	15241
(1042, 121)	15242
(15242, 6949)	15243
(2171, 399)	15244
(4555, 5024)	15245
(277, 5024)	15246
(6211, 410)	15247
(15247, 112)	15248
(15248, 506)	15249
(69, 5879)	15250
(3608, 460)	15251
(3740, 6395)	15252
(1114, 273)	15253
(813, 49)	15254
(2256, 699)	15255
(281, 692)	15256
(15256, 10067)	15257
(323, 530)	15258
(355, 3610)	15259
(355, 452)	15260
(6954, 12065)	15261
(9865, 4320)	15262
(353, 751)	15263
(634, 8679)	15264
(367, 107)	15265
(12068, 410)	15266
(1988, 351)	15267
(298, 273)	15268
(2294, 267)	15269
(4552, 8682)	15270
(813, 53)	15271
(489, 2941)	15272
(12078, 10080)	15273
(2747, 1101)	15274
(265, 2923)	15275
(365, 354)	15276
(2816, 269)	15277
(1112, 1101)	15278
(10065, 585)	15279
(5885, 572)	15280
(6955, 291)	15281
(323, 5886)	15282
(15282, 314)	15283
(3591, 279)	15284
(1014, 107)	15285
(10085, 346)	15286
(2061, 2653)	15287
(15287, 121)	15288
(10086, 685)	15289
(304, 2153)	15290
(459, 305)	15291
(15291, 421)	15292
(15292, 371)	15293
(1279, 5087)	15294
(3713, 8688)	15295
(3768, 115)	15296
(355, 381)	15297
(15297, 275)	15298
(8690, 111)	15299
(311, 1001)	15300
(309, 1283)	15301
(1446, 6885)	15302
(4561, 7667)	15303
(663, 1833)	15304
(77, 330)	15305
(4563, 397)	15306
(295, 77)	15307
(1582, 699)	15308
(10091, 10092)	15309
(663, 4114)	15310
(77, 12102)	15311
(4324, 101)	15312
(275, 291)	15313
(12105, 314)	15314
(15314, 1335)	15315
(15315, 830)	15316
(710, 2913)	15317
(8434, 268)	15318
(84, 8695)	15319
(15319, 6969)	15320
(7672, 10098)	15321
(15321, 10097)	15322
(3732, 8697)	15323
(6407, 469)	15324
(465, 8700)	15325
(577, 2360)	15326
(4811, 1059)	15327
(10107, 2337)	15328
(12116, 12117)	15329
(15329, 540)	15330
(272, 280)	15331
(2834, 10090)	15332
(4811, 115)	15333
(12124, 3467)	15334
(3614, 115)	15335
(10111, 379)	15336
(15336, 1205)	15337
(848, 1205)	15338
(2641, 713)	15339
(15339, 1461)	15340
(82, 496)	15341
(2945, 649)	15342
(77, 12130)	15343
(5893, 260)	15344
(1547, 2241)	15345
(503, 12131)	15346
(258, 1674)	15347
(8646, 435)	15348
(384, 412)	15349
(15349, 573)	15350
(1620, 435)	15351
(4452, 3328)	15352
(10117, 12138)	15353
(4271, 98)	15354
(963, 12141)	15355
(6413, 938)	15356
(299, 408)	15357
(15357, 3136)	15358
(350, 8711)	15359
(465, 8714)	15360
(12147, 628)	15361
(12148, 779)	15362
(1448, 12149)	15363
(295, 3774)	15364
(45, 2087)	15365
(15365, 12150)	15366
(284, 268)	15367
(1973, 8717)	15368
(503, 1488)	15369
(10124, 346)	15370
(12152, 505)	15371
(411, 363)	15372
(1737, 5734)	15373
(272, 3138)	15374
(54, 1130)	15375
(10131, 5277)	15376
(364, 766)	15377
(529, 1569)	15378
(4978, 260)	15379
(377, 103)	15380
(3415, 102)	15381
(15381, 2815)	15382
(1943, 339)	15383
(76, 273)	15384
(15384, 259)	15385
(279, 275)	15386
(290, 411)	15387
(3114, 12162)	15388
(10138, 269)	15389
(634, 3521)	15390
(12164, 115)	15391
(573, 400)	15392
(10138, 2557)	15393
(6418, 385)	15394
(350, 279)	15395
(15395, 1269)	15396
(7691, 121)	15397
(3185, 1205)	15398
(1052, 6984)	15399
(6417, 2902)	15400
(671, 1183)	15401
(15401, 98)	15402
(15402, 118)	15403
(15403, 283)	15404
(348, 1148)	15405
(324, 266)	15406
(15406, 344)	15407
(1413, 114)	15408
(15408, 1660)	15409
(15409, 106)	15410
(263, 3242)	15411
(3116, 3139)	15412
(12175, 267)	15413
(106, 544)	15414
(273, 397)	15415
(295, 65)	15416
(77, 8333)	15417
(7698, 269)	15418
(324, 1805)	15419
(15419, 469)	15420
(75, 1038)	15421
(15421, 932)	15422
(1695, 1353)	15423
(3612, 3480)	15424
(32, 1354)	15425
(15425, 12180)	15426
(3011, 8740)	15427
(15427, 1421)	15428
(15428, 668)	15429
(15429, 3244)	15430
(10148, 10149)	15431
(3463, 453)	15432
(299, 3464)	15433
(66, 12183)	15434
(999, 7702)	15435
(1922, 4277)	15436
(8743, 334)	15437
(5914, 12190)	15438
(11978, 262)	15439
(12192, 670)	15440
(3933, 260)	15441
(3617, 1261)	15442
(5049, 121)	15443
(10156, 3865)	15444
(65, 1217)	15445
(15445, 731)	15446
(1448, 12195)	15447
(82, 567)	15448
(84, 264)	15449
(15449, 385)	15450
(348, 7526)	15451
(6194, 4965)	15452
(79, 8749)	15453
(404, 314)	15454
(323, 6429)	15455
(1031, 10161)	15456
(277, 6794)	15457
(5059, 260)	15458
(1236, 2971)	15459
(1242, 1907)	15460
(307, 68)	15461
(454, 121)	15462
(15462, 564)	15463
(15463, 1698)	15464
(15464, 97)	15465
(8752, 259)	15466
(7710, 692)	15467
(7711, 271)	15468
(15468, 10164)	15469
(329, 7712)	15470
(2223, 317)	15471
(15471, 10166)	15472
(3404, 608)	15473
(282, 6171)	15474
(15474, 1531)	15475
(655, 6237)	15476
(5918, 497)	15477
(8752, 763)	15478
(67, 736)	15479
(15479, 313)	15480
(926, 947)	15481
(404, 2560)	15482
(15482, 6372)	15483
(2090, 397)	15484
(10178, 346)	15485
(671, 2222)	15486
(15486, 366)	15487
(299, 10179)	15488
(69, 413)	15489
(15489, 346)	15490
(12217, 317)	15491
(15491, 558)	15492
(15492, 262)	15493
(4302, 12218)	15494
(66, 12220)	15495
(369, 10183)	15496
(85, 10183)	15497
(290, 12224)	15498
(6294, 109)	15499
(15499, 374)	15500
(15500, 117)	15501
(484, 12226)	15502
(263, 286)	15503
(370, 121)	15504
(530, 411)	15505
(355, 527)	15506
(493, 279)	15507
(362, 2545)	15508
(15508, 5462)	15509
(1885, 6733)	15510
(8764, 346)	15511
(273, 287)	15512
(4716, 317)	15513
(272, 437)	15514
(15514, 1853)	15515
(2099, 71)	15516
(285, 286)	15517
(2344, 259)	15518
(15518, 562)	15519
(7012, 1452)	15520
(83, 1176)	15521
(15521, 280)	15522
(5111, 101)	15523
(7729, 326)	15524
(3532, 8774)	15525
(5284, 339)	15526
(364, 1273)	15527
(15527, 1340)	15528
(2218, 304)	15529
(332, 481)	15530
(3591, 585)	15531
(5115, 751)	15532
(2413, 1985)	15533
(860, 4508)	15534
(373, 2307)	15535
(3191, 1879)	15536
(361, 2839)	15537
(547, 2900)	15538
(838, 2181)	15539
(15539, 1752)	15540
(4691, 2661)	15541
(289, 7735)	15542
(367, 696)	15543
(4293, 115)	15544
(747, 1962)	15545
(1573, 112)	15546
(870, 283)	15547
(2533, 2815)	15548
(2677, 263)	15549
(1283, 260)	15550
(8788, 294)	15551
(78, 343)	15552
(10207, 1335)	15553
(2911, 115)	15554
(76, 383)	15555
(337, 91)	15556
(7553, 275)	15557
(5417, 10208)	15558
(2382, 12268)	15559
(106, 497)	15560
(2691, 706)	15561
(922, 294)	15562
(1353, 5925)	15563
(15563, 5758)	15564
(7747, 336)	15565
(15565, 645)	15566
(1258, 286)	15567
(5377, 267)	15568
(8512, 658)	15569
(523, 5400)	15570
(448, 354)	15571
(6818, 2891)	15572
(1855, 402)	15573
(2125, 260)	15574
(116, 266)	15575
(320, 5475)	15576
(12281, 346)	15577
(474, 115)	15578
(1013, 1384)	15579
(15579, 1287)	15580
(298, 3044)	15581
(1415, 2941)	15582
(6996, 3960)	15583
(355, 475)	15584
(12286, 8798)	15585
(4566, 317)	15586
(335, 381)	15587
(15587, 1783)	15588
(84, 12288)	15589
(514, 521)	15590
(15590, 2500)	15591
(450, 394)	15592
(281, 488)	15593
(4587, 510)	15594
(15594, 304)	15595
(10226, 266)	15596
(15596, 498)	15597
(361, 2380)	15598
(332, 1055)	15599
(12294, 345)	15600
(12295, 536)	15601
(266, 268)	15602
(12296, 338)	15603
(15603, 627)	15604
(81, 117)	15605
(311, 4128)	15606
(2143, 777)	15607
(8803, 2308)	15608
(8803, 262)	15609
(76, 12305)	15610
(315, 262)	15611
(3954, 569)	15612
(4726, 688)	15613
(655, 9640)	15614
(8805, 1048)	15615
(6823, 996)	15616
(434, 1984)	15617
(15617, 259)	15618
(70, 10238)	15619
(12313, 8806)	15620
(1560, 115)	15621
(1299, 2241)	15622
(7418, 267)	15623
(3955, 1835)	15624
(84, 8809)	15625
(8810, 471)	15626
(517, 954)	15627
(15627, 442)	15628
(316, 118)	15629
(15629, 449)	15630
(32, 2755)	15631
(1293, 2590)	15632
(299, 8813)	15633
(409, 2120)	15634
(15634, 10247)	15635
(15635, 358)	15636
(326, 3586)	15637
(453, 259)	15638
(3413, 734)	15639
(5350, 264)	15640
(344, 330)	15641
(112, 394)	15642
(2827, 702)	15643
(8815, 5101)	15644
(79, 358)	15645
(4349, 115)	15646
(895, 11866)	15647
(5049, 259)	15648
(350, 6271)	15649
(1221, 1497)	15650
(838, 1261)	15651
(2513, 107)	15652
(393, 471)	15653
(7770, 103)	15654
(15654, 2672)	15655
(1774, 397)	15656
(4591, 291)	15657
(3487, 2222)	15658
(4028, 343)	15659
(1809, 8826)	15660
(5350, 718)	15661
(8758, 10259)	15662
(66, 330)	15663
(15663, 4470)	15664
(12343, 399)	15665
(371, 97)	15666
(77, 7050)	15667
(10263, 98)	15668
(15668, 752)	15669
(12348, 412)	15670
(15670, 499)	15671
(289, 462)	15672
(362, 12351)	15673
(1265, 686)	15674
(15674, 3969)	15675
(524, 101)	15676
(118, 121)	15677
(265, 658)	15678
(3567, 291)	15679
(8844, 7781)	15680
(72, 470)	15681
(874, 269)	15682
(298, 2542)	15683
(15683, 830)	15684
(15684, 115)	15685
(1295, 7676)	15686
(3524, 12361)	15687
(7783, 1531)	15688
(1001, 2122)	15689
(1318, 1187)	15690
(3971, 1205)	15691
(1545, 99)	15692
(2677, 269)	15693
(284, 602)	15694
(15694, 12366)	15695
(15695, 4847)	15696
(277, 7403)	15697
(892, 354)	15698
(3418, 442)	15699
(8849, 267)	15700
(306, 286)	15701
(15701, 402)	15702
(7790, 287)	15703
(1496, 325)	15704
(1828, 5491)	15705
(383, 280)	15706
(275, 280)	15707
(8851, 1708)	15708
(382, 9817)	15709
(5885, 650)	15710
(484, 100)	15711
(765, 467)	15712
(15712, 363)	15713
(15713, 280)	15714
(1415, 376)	15715
(15715, 498)	15716
(393, 12379)	15717
(1912, 286)	15718
(67, 264)	15719
(73, 84)	15720
(6465, 1004)	15721
(6418, 12383)	15722
(3287, 2401)	15723
(6461, 292)	15724
(1239, 121)	15725
(864, 3083)	15726
(1737, 464)	15727
(300, 6419)	15728
(1415, 365)	15729
(15729, 1301)	15730
(15730, 592)	15731
(1391, 971)	15732
(309, 116)	15733
(2067, 103)	15734
(15734, 334)	15735
(285, 983)	15736
(298, 1669)	15737
(517, 3201)	15738
(15738, 497)	15739
(332, 376)	15740
(2805, 449)	15741
(8869, 269)	15742
(10301, 110)	15743
(15743, 1087)	15744
(15744, 111)	15745
(656, 115)	15746
(294, 109)	15747
(1251, 493)	15748
(9932, 628)	15749
(1500, 1817)	15750
(521, 373)	15751
(1227, 310)	15752
(5056, 930)	15753
(12401, 1161)	15754
(76, 1984)	15755
(15755, 2399)	15756
(307, 7799)	15757
(4703, 2189)	15758
(1609, 283)	15759
(290, 7512)	15760
(8879, 354)	15761
(15761, 122)	15762
(15762, 327)	15763
(5143, 627)	15764
(360, 10308)	15765
(294, 106)	15766
(3883, 117)	15767
(85, 5064)	15768
(71, 10308)	15769
(7069, 10310)	15770
(7070, 105)	15771
(490, 2958)	15772
(15772, 1183)	15773
(15773, 471)	15774
(5958, 292)	15775
(1644, 97)	15776
(39, 97)	15777
(350, 7073)	15778
(364, 5960)	15779
(300, 304)	15780
(1140, 1316)	15781
(560, 7755)	15782
(988, 2302)	15783
(3271, 372)	15784
(15784, 11642)	15785
(5501, 1569)	15786
(294, 1540)	15787
(289, 12422)	15788
(289, 741)	15789
(472, 8889)	15790
(7691, 325)	15791
(320, 499)	15792
(6405, 267)	15793
(3211, 376)	15794
(87, 3860)	15795
(12431, 266)	15796
(2344, 280)	15797
(5504, 57)	15798
(10331, 5491)	15799
(3074, 12435)	15800
(6413, 1252)	15801
(8898, 400)	15802
(347, 421)	15803
(1792, 784)	15804
(80, 4278)	15805
(3049, 670)	15806
(335, 121)	15807
(15807, 5276)	15808
(8903, 271)	15809
(15809, 2954)	15810
(10196, 7080)	15811
(83, 325)	15812
(15812, 7080)	15813
(360, 602)	15814
(15814, 3085)	15815
(15815, 97)	15816
(560, 4262)	15817
(84, 7588)	15818
(275, 257)	15819
(307, 306)	15820
(290, 585)	15821
(256, 381)	15822
(1413, 3601)	15823
(69, 1863)	15824
(362, 4824)	15825
(7088, 346)	15826
(2310, 346)	15827
(45, 892)	15828
(15828, 12450)	15829
(10345, 806)	15830
(10346, 506)	15831
(6483, 618)	15832
(1419, 111)	15833
(1090, 417)	15834
(5970, 1658)	15835
(15835, 417)	15836
(8912, 115)	15837
(434, 1212)	15838
(257, 325)	15839
(2624, 7743)	15840
(12460, 2123)	15841
(10352, 10353)	15842
(75, 1212)	15843
(8916, 397)	15844
(7094, 542)	15845
(1356, 108)	15846
(15846, 477)	15847
(15847, 97)	15848
(2099, 12465)	15849
(99, 408)	15850
(2501, 7826)	15851
(732, 104)	15852
(350, 12472)	15853
(51, 2892)	15854
(2331, 497)	15855
(256, 417)	15856
(1077, 306)	15857
(3402, 260)	15858
(361, 983)	15859
(99, 751)	15860
(1646, 5270)	15861
(5153, 471)	15862
(1737, 3581)	15863
(795, 637)	15864
(503, 9735)	15865
(66, 275)	15866
(284, 3739)	15867
(503, 572)	15868
(10364, 3842)	15869
(77, 407)	15870
(15870, 513)	15871
(10367, 275)	15872
(285, 563)	15873
(15873, 260)	15874
(12486, 111)	15875
(1735, 114)	15876
(15876, 4607)	15877
(15877, 2039)	15878
(287, 4033)	15879
(2843, 2941)	15880
(289, 317)	15881
(277, 453)	15882
(15882, 728)	15883
(290, 7832)	15884
(2912, 3423)	15885
(391, 301)	15886
(15886, 1749)	15887
(355, 5347)	15888
(15888, 904)	15889
(15889, 6494)	15890
(4726, 5972)	15891
(300, 468)	15892
(15892, 12490)	15893
(2912, 345)	15894
(469, 1681)	15895
(15895, 257)	15896
(41, 853)	15897
(12493, 1869)	15898
(284, 7838)	15899
(284, 3495)	15900
(2851, 6791)	15901
(1350, 7537)	15902
(8935, 291)	15903
(45, 3220)	15904
(15904, 1220)	15905
(45, 271)	15906
(2880, 334)	15907
(1119, 10202)	15908
(2763, 345)	15909
(80, 4056)	15910
(984, 633)	15911
(1239, 3566)	15912
(12513, 984)	15913
(15913, 262)	15914
(1556, 390)	15915
(15915, 118)	15916
(657, 2495)	15917
(4610, 2040)	15918
(361, 1521)	15919
(265, 515)	15920
(3094, 6331)	15921
(360, 317)	15922
(4955, 7058)	15923
(3284, 101)	15924
(68, 1128)	15925
(5848, 12520)	15926
(5985, 346)	15927
(2827, 685)	15928
(4839, 286)	15929
(12522, 4692)	15930
(299, 10398)	15931
(87, 5526)	15932
(8950, 510)	15933
(265, 5526)	15934
(12346, 974)	15935
(5505, 351)	15936
(10399, 1471)	15937
(53, 1189)	15938
(523, 98)	15939
(15939, 829)	15940
(6506, 56)	15941
(309, 768)	15942
(6440, 825)	15943
(1687, 3632)	15944
(12530, 7855)	15945
(1347, 1537)	15946
(8960, 833)	15947
(8961, 114)	15948
(15948, 507)	15949
(758, 10402)	15950
(15950, 423)	15951
(32, 43)	15952
(89, 12541)	15953
(350, 291)	15954
(76, 104)	15955
(15955, 12542)	15956
(10404, 264)	15957
(3250, 100)	15958
(15958, 12227)	15959
(1114, 642)	15960
(104, 659)	15961
(81, 291)	15962
(15962, 2509)	15963
(15963, 111)	15964
(955, 374)	15965
(15965, 457)	15966
(1518, 806)	15967
(45, 562)	15968
(15968, 8963)	15969
(545, 366)	15970
(10331, 592)	15971
(430, 5140)	15972
(8964, 6508)	15973
(281, 2653)	15974
(295, 75)	15975
(15975, 77)	15976
(284, 326)	15977
(15977, 341)	15978
(1778, 6509)	15979
(2301, 1421)	15980
(15980, 99)	15981
(1544, 608)	15982
(5776, 351)	15983
(1210, 286)	15984
(2851, 1749)	15985
(1428, 983)	15986
(66, 7864)	15987
(3634, 2005)	15988
(307, 1504)	15989
(15989, 279)	15990
(15990, 392)	15991
(15991, 260)	15992
(4779, 346)	15993
(2850, 108)	15994
(15994, 1828)	15995
(4591, 267)	15996
(3930, 12559)	15997
(452, 1026)	15998
(2827, 1335)	15999
(15999, 257)	16000
(16000, 976)	16001
(591, 275)	16002
(12329, 1068)	16003
(10396, 458)	16004
(6512, 558)	16005
(277, 4150)	16006
(356, 11705)	16007
(500, 7871)	16008
(7872, 115)	16009
(1253, 7873)	16010
(16010, 267)	16011
(66, 4157)	16012
(355, 5796)	16013
(357, 2005)	16014
(362, 5967)	16015
(7135, 105)	16016
(68, 392)	16017
(16017, 259)	16018
(10425, 505)	16019
(303, 12574)	16020
(5532, 3248)	16021
(473, 260)	16022
(342, 779)	16023
(16023, 608)	16024
(84, 12561)	16025
(2283, 3734)	16026
(10431, 7876)	16027
(16027, 1231)	16028
(80, 8990)	16029
(355, 196)	16030
(724, 5168)	16031
(12580, 471)	16032
(364, 702)	16033
(84, 438)	16034
(2914, 10435)	16035
(2083, 3359)	16036
(8638, 10435)	16037
(10438, 313)	16038
(285, 317)	16039
(16039, 118)	16040
(16040, 286)	16041
(2866, 1888)	16042
(325, 400)	16043
(9733, 68)	16044
(384, 1744)	16045
(523, 100)	16046
(12589, 1879)	16047
(4266, 400)	16048
(4621, 460)	16049
(1233, 10443)	16050
(724, 5708)	16051
(1018, 1262)	16052
(16052, 417)	16053
(2432, 1068)	16054
(503, 2653)	16055
(309, 1012)	16056
(387, 1686)	16057
(4147, 97)	16058
(4880, 319)	16059
(16059, 1758)	16060
(678, 116)	16061
(290, 4833)	16062
(8950, 291)	16063
(12461, 3697)	16064
(4968, 109)	16065
(16065, 1193)	16066
(10452, 1207)	16067
(72, 528)	16068
(76, 351)	16069
(317, 496)	16070
(9001, 1061)	16071
(5522, 269)	16072
(324, 1376)	16073
(12603, 2421)	16074
(885, 119)	16075
(5535, 111)	16076
(16076, 3479)	16077
(360, 3149)	16078
(1815, 114)	16079
(12604, 3370)	16080
(370, 445)	16081
(16081, 2152)	16082
(12605, 498)	16083
(7142, 783)	16084
(16084, 2590)	16085
(9004, 266)	16086
(295, 2181)	16087
(5155, 376)	16088
(299, 488)	16089
(7007, 4548)	16090
(1304, 680)	16091
(817, 105)	16092
(2081, 464)	16093
(16093, 381)	16094
(6384, 4258)	16095
(12618, 103)	16096
(16096, 292)	16097
(39, 72)	16098
(7471, 734)	16099
(355, 445)	16100
(309, 725)	16101
(16101, 269)	16102
(1362, 5921)	16103
(9008, 967)	16104
(5081, 5018)	16105
(12624, 267)	16106
(2944, 286)	16107
(348, 7145)	16108
(34, 1812)	16109
(2209, 7146)	16110
(11756, 806)	16111
(305, 264)	16112
(5502, 280)	16113
(16113, 595)	16114
(16114, 399)	16115
(484, 467)	16116
(346, 104)	16117
(82, 782)	16118
(7149, 7416)	16119
(4490, 565)	16120
(281, 7154)	16121
(3989, 919)	16122
(12632, 120)	16123
(16123, 267)	16124
(443, 1473)	16125
(503, 455)	16126
(256, 351)	16127
(16127, 372)	16128
(2356, 5431)	16129
(3392, 3067)	16130
(544, 1421)	16131
(8528, 8347)	16132
(71, 287)	16133
(290, 338)	16134
(16134, 260)	16135
(493, 402)	16136
(348, 7500)	16137
(68, 344)	16138
(4751, 455)	16139
(16139, 266)	16140
(1646, 358)	16141
(12640, 449)	16142
(34, 6010)	16143
(1100, 1777)	16144
(298, 2026)	16145
(394, 338)	16146
(16146, 305)	16147
(1819, 313)	16148
(2562, 528)	16149
(6906, 99)	16150
(16150, 11779)	16151
(1001, 1967)	16152
(3194, 280)	16153
(6893, 1143)	16154
(16154, 617)	16155
(2060, 98)	16156
(315, 5817)	16157
(1265, 268)	16158
(1391, 373)	16159
(643, 1108)	16160
(50, 308)	16161
(705, 97)	16162
(317, 338)	16163
(323, 2815)	16164
(5354, 10039)	16165
(962, 764)	16166
(16166, 267)	16167
(2824, 344)	16168
(370, 1005)	16169
(101, 6011)	16170
(88, 86)	16171
(6539, 1477)	16172
(257, 112)	16173
(532, 327)	16174
(10452, 4625)	16175
(12652, 5174)	16176
(6540, 9021)	16177
(16177, 330)	16178
(10491, 119)	16179
(16179, 4625)	16180
(484, 68)	16181
(16181, 67)	16182
(434, 3902)	16183
(121, 659)	16184
(404, 398)	16185
(3104, 267)	16186
(5310, 919)	16187
(9023, 112)	16188
(16188, 401)	16189
(16189, 417)	16190
(266, 121)	16191
(420, 381)	16192
(16192, 627)	16193
(79, 108)	16194
(16194, 871)	16195
(68, 12662)	16196
(9032, 1105)	16197
(350, 351)	16198
(434, 438)	16199
(356, 896)	16200
(5542, 1969)	16201
(86, 12665)	16202
(884, 6015)	16203
(3358, 12275)	16204
(277, 1329)	16205
(16205, 105)	16206
(353, 9033)	16207
(411, 421)	16208
(1172, 112)	16209
(1588, 1853)	16210
(70, 669)	16211
(16211, 291)	16212
(324, 338)	16213
(4127, 3881)	16214
(69, 469)	16215
(9042, 2557)	16216
(6384, 493)	16217
(16217, 9044)	16218
(10399, 421)	16219
(323, 563)	16220
(16220, 12670)	16221
(484, 7918)	16222
(16222, 2396)	16223
(68, 319)	16224
(10205, 351)	16225
(8683, 12672)	16226
(2602, 291)	16227
(9043, 731)	16228
(7920, 10512)	16229
(9049, 10512)	16230
(294, 98)	16231
(941, 458)	16232
(4057, 1563)	16233
(364, 65)	16234
(434, 4278)	16235
(12681, 76)	16236
(12682, 433)	16237
(1695, 389)	16238
(2827, 443)	16239
(16239, 268)	16240
(12683, 1101)	16241
(10518, 2557)	16242
(70, 606)	16243
(1196, 351)	16244
(10523, 423)	16245
(12691, 476)	16246
(307, 741)	16247
(309, 919)	16248
(16248, 301)	16249
(16249, 1849)	16250
(523, 4045)	16251
(290, 436)	16252
(360, 301)	16253
(277, 4066)	16254
(2412, 443)	16255
(16255, 8703)	16256
(332, 327)	16257
(12695, 1297)	16258
(5501, 4689)	16259
(12696, 2189)	16260
(4884, 495)	16261
(12697, 6026)	16262
(6405, 115)	16263
(8604, 267)	16264
(309, 1310)	16265
(16265, 9061)	16266
(348, 65)	16267
(2271, 1759)	16268
(9063, 1698)	16269
(2205, 116)	16270
(466, 2226)	16271
(342, 97)	16272
(16272, 2319)	16273
(4316, 271)	16274
(390, 101)	16275
(840, 2427)	16276
(10532, 263)	16277
(1304, 374)	16278
(303, 333)	16279
(16279, 336)	16280
(16280, 806)	16281
(5530, 9065)	16282
(77, 373)	16283
(16283, 121)	16284
(387, 100)	16285
(1196, 264)	16286
(344, 121)	16287
(81, 438)	16288
(16288, 786)	16289
(307, 1105)	16290
(1045, 3149)	16291
(732, 316)	16292
(655, 483)	16293
(16293, 1297)	16294
(281, 2282)	16295
(8517, 7931)	16296
(2607, 1677)	16297
(16297, 97)	16298
(1644, 305)	16299
(1446, 9069)	16300
(580, 260)	16301
(10034, 3555)	16302
(87, 1273)	16303
(16303, 97)	16304
(32, 7934)	16305
(16305, 160)	16306
(16306, 9072)	16307
(141, 7934)	16308
(364, 275)	16309
(2095, 588)	16310
(362, 1451)	16311
(86, 319)	16312
(16312, 12084)	16313
(299, 305)	16314
(65, 3950)	16315
(85, 107)	16316
(16316, 6889)	16317
(4888, 159)	16318
(12716, 209)	16319
(208, 180)	16320
(7184, 10550)	16321
(361, 996)	16322
(83, 121)	16323
(16323, 10551)	16324
(8732, 101)	16325
(4761, 291)	16326
(605, 110)	16327
(315, 4166)	16328
(860, 2839)	16329
(3730, 291)	16330
(2205, 9083)	16331
(4884, 318)	16332
(78, 2088)	16333
(10557, 967)	16334
(955, 2930)	16335
(16335, 12730)	16336
(350, 5556)	16337
(2024, 416)	16338
(663, 1727)	16339
(295, 445)	16340
(348, 647)	16341
(7189, 400)	16342
(2542, 2427)	16343
(279, 833)	16344
(10313, 273)	16345
(924, 505)	16346
(299, 12741)	16347
(881, 2401)	16348
(801, 7583)	16349
(16349, 267)	16350
(12743, 2388)	16351
(737, 267)	16352
(1814, 334)	16353
(5492, 345)	16354
(302, 110)	16355
(258, 930)	16356
(16356, 2066)	16357
(16357, 2048)	16358
(16358, 1835)	16359
(1221, 118)	16360
(320, 2374)	16361
(16361, 291)	16362
(1440, 688)	16363
(1828, 592)	16364
(303, 3176)	16365
(562, 495)	16366
(6797, 399)	16367
(732, 7676)	16368
(1774, 266)	16369
(71, 1793)	16370
(362, 3059)	16371
(71, 407)	16372
(960, 6509)	16373
(813, 52)	16374
(6499, 823)	16375
(1463, 267)	16376
(1072, 8738)	16377
(1261, 273)	16378
(6465, 493)	16379
(16379, 2421)	16380
(2544, 394)	16381
(344, 1378)	16382
(1965, 2095)	16383
(16383, 467)	16384
(1295, 656)	16385
(923, 6324)	16386
(349, 271)	16387
(8743, 4171)	16388
(1415, 5563)	16389
(1227, 12761)	16390
(342, 596)	16391
(285, 5734)	16392
(321, 1549)	16393
(1556, 280)	16394
(348, 84)	16395
(73, 66)	16396
(459, 10585)	16397
(3524, 10586)	16398
(1260, 10586)	16399
(4496, 693)	16400
(68, 12763)	16401
(295, 292)	16402
(16402, 97)	16403
(69, 10588)	16404
(12766, 2444)	16405
(289, 706)	16406
(591, 1128)	16407
(1582, 3872)	16408
(16408, 996)	16409
(303, 12769)	16410
(4898, 5184)	16411
(55, 1897)	16412
(591, 305)	16413
(16413, 12771)	16414
(2935, 6770)	16415
(347, 10597)	16416
(7031, 97)	16417
(74, 10597)	16418
(6565, 2110)	16419
(12773, 397)	16420
(4766, 279)	16421
(978, 279)	16422
(6866, 6907)	16423
(532, 313)	16424
(5569, 449)	16425
(281, 1641)	16426
(4899, 1161)	16427
(1826, 1927)	16428
(279, 802)	16429
(3173, 97)	16430
(1322, 339)	16431
(8590, 1665)	16432
(1626, 1727)	16433
(9102, 399)	16434
(4949, 115)	16435
(577, 267)	16436
(9104, 117)	16437
(16437, 2122)	16438
(16438, 97)	16439
(2053, 97)	16440
(809, 336)	16441
(108, 275)	16442
(84, 2615)	16443
(16443, 113)	16444
(4387, 535)	16445
(39, 706)	16446
(313, 477)	16447
(16447, 259)	16448
(10036, 535)	16449
(7958, 100)	16450
(16450, 316)	16451
(484, 602)	16452
(6048, 1516)	16453
(821, 4237)	16454
(4388, 9783)	16455
(16455, 269)	16456
(70, 283)	16457
(7196, 346)	16458
(102, 283)	16459
(12780, 333)	16460
(672, 399)	16461
(5570, 104)	16462
(16462, 1108)	16463
(67, 3176)	16464
(12785, 3479)	16465
(75, 2500)	16466
(1935, 372)	16467
(6571, 273)	16468
(855, 305)	16469
(6572, 9111)	16470
(356, 9112)	16471
(66, 2036)	16472
(16472, 116)	16473
(265, 3447)	16474
(10620, 570)	16475
(16475, 1929)	16476
(12795, 1488)	16477
(322, 292)	16478
(99, 280)	16479
(5190, 1457)	16480
(16480, 807)	16481
(634, 12798)	16482
(9892, 802)	16483
(671, 3138)	16484
(9114, 763)	16485
(10628, 319)	16486
(10628, 866)	16487
(8486, 10630)	16488
(72, 1508)	16489
(16489, 291)	16490
(4270, 1148)	16491
(2038, 9991)	16492
(324, 1361)	16493
(1042, 2860)	16494
(16494, 784)	16495
(307, 12809)	16496
(5019, 734)	16497
(387, 617)	16498
(90, 7967)	16499
(315, 263)	16500
(16500, 798)	16501
(16501, 1068)	16502
(12811, 280)	16503
(1441, 287)	16504
(16504, 807)	16505
(284, 260)	16506
(16506, 1452)	16507
(1925, 275)	16508
(6407, 1863)	16509
(1501, 498)	16510
(16510, 97)	16511
(376, 101)	16512
(1008, 8958)	16513
(77, 481)	16514
(1695, 287)	16515
(9104, 4999)	16516
(10639, 9855)	16517
(1154, 2152)	16518
(12819, 7970)	16519
(74, 4176)	16520
(76, 433)	16521
(16521, 118)	16522
(16522, 3990)	16523
(484, 12820)	16524
(943, 352)	16525
(998, 412)	16526
(376, 111)	16527
(77, 12613)	16528
(45, 9119)	16529
(16529, 110)	16530
(16530, 2022)	16531
(12821, 2667)	16532
(16532, 11521)	16533
(3109, 286)	16534
(4777, 291)	16535
(299, 314)	16536
(8607, 12822)	16537
(16537, 111)	16538
(16538, 1183)	16539
(16539, 294)	16540
(70, 97)	16541
(324, 864)	16542
(16542, 1817)	16543
(9106, 399)	16544
(324, 1108)	16545
(323, 741)	16546
(80, 396)	16547
(16547, 317)	16548
(434, 682)	16549
(16549, 505)	16550
(2366, 7622)	16551
(34, 6454)	16552
(4392, 703)	16553
(7094, 2290)	16554
(10645, 833)	16555
(355, 344)	16556
(1798, 394)	16557
(45, 901)	16558
(10649, 345)	16559
(4533, 397)	16560
(4050, 2539)	16561
(1491, 269)	16562
(6577, 974)	16563
(9128, 291)	16564
(6883, 316)	16565
(16565, 1473)	16566
(303, 334)	16567
(12836, 259)	16568
(1672, 600)	16569
(4077, 292)	16570
(86, 499)	16571
(1596, 7671)	16572
(12837, 12838)	16573
(884, 1006)	16574
(266, 112)	16575
(434, 1001)	16576
(355, 5475)	16577
(16577, 260)	16578
(571, 339)	16579
(473, 1205)	16580
(16580, 286)	16581
(256, 115)	16582
(16582, 326)	16583
(86, 1104)	16584
(16584, 3993)	16585
(9135, 400)	16586
(299, 87)	16587
(16587, 65)	16588
(39, 75)	16589
(16589, 1569)	16590
(16590, 1183)	16591
(450, 10585)	16592
(12851, 2637)	16593
(8506, 264)	16594
(3463, 273)	16595
(378, 7984)	16596
(16596, 313)	16597
(307, 1354)	16598
(16598, 11816)	16599
(119, 3808)	16600
(16600, 107)	16601
(348, 1089)	16602
(16602, 341)	16603
(5796, 542)	16604
(16604, 996)	16605
(307, 2903)	16606
(83, 316)	16607
(16607, 326)	16608
(66, 12858)	16609
(1119, 12859)	16610
(2907, 105)	16611
(16611, 7215)	16612
(4846, 3998)	16613
(350, 2080)	16614
(16614, 4901)	16615
(10666, 10149)	16616
(320, 12863)	16617
(361, 344)	16618
(16618, 2845)	16619
(324, 9914)	16620
(76, 9141)	16621
(4116, 286)	16622
(303, 279)	16623
(10669, 713)	16624
(16624, 121)	16625
(77, 67)	16626
(404, 2087)	16627
(65, 10466)	16628
(7994, 7995)	16629
(9875, 1871)	16630
(1251, 1120)	16631
(71, 306)	16632
(16632, 1871)	16633
(348, 1061)	16634
(16634, 1749)	16635
(277, 5411)	16636
(389, 280)	16637
(99, 2651)	16638
(7913, 9145)	16639
(5190, 98)	16640
(4590, 2123)	16641
(489, 363)	16642
(10672, 2169)	16643
(4634, 2815)	16644
(356, 76)	16645
(285, 401)	16646
(16646, 379)	16647
(16647, 12880)	16648
(450, 851)	16649
(16649, 692)	16650
(7763, 392)	16651
(2363, 9150)	16652
(278, 736)	16653
(16653, 9150)	16654
(32, 1307)	16655
(489, 5981)	16656
(289, 898)	16657
(393, 7806)	16658
(16658, 6476)	16659
(307, 6038)	16660
(16660, 86)	16661
(307, 75)	16662
(10349, 6015)	16663
(1651, 259)	16664
(16664, 558)	16665
(2928, 618)	16666
(16666, 345)	16667
(80, 79)	16668
(7220, 400)	16669
(4892, 3454)	16670
(9153, 3337)	16671
(357, 1261)	16672
(16672, 120)	16673
(2293, 3454)	16674
(885, 759)	16675
(450, 2165)	16676
(7155, 339)	16677
(1795, 6059)	16678
(12892, 11527)	16679
(16679, 115)	16680
(295, 119)	16681
(16681, 269)	16682
(16682, 583)	16683
(16683, 468)	16684
(16684, 4128)	16685
(4496, 121)	16686
(324, 5369)	16687
(324, 10680)	16688
(484, 325)	16689
(625, 97)	16690
(12895, 6055)	16691
(12621, 132)	16692
(16692, 131)	16693
(281, 396)	16694
(16694, 402)	16695
(65, 1580)	16696
(16696, 105)	16697
(356, 595)	16698
(1680, 105)	16699
(16699, 608)	16700
(307, 330)	16701
(16701, 262)	16702
(3989, 273)	16703
(350, 642)	16704
(3697, 10683)	16705
(12753, 10683)	16706
(3935, 4322)	16707
(285, 72)	16708
(1008, 2797)	16709
(12911, 1205)	16710
(939, 4582)	16711
(427, 414)	16712
(16712, 447)	16713
(1351, 968)	16714
(16714, 118)	16715
(4224, 111)	16716
(10518, 400)	16717
(430, 9939)	16718
(405, 764)	16719
(11972, 3630)	16720
(45, 283)	16721
(75, 741)	16722
(16722, 12563)	16723
(258, 854)	16724
(16724, 9162)	16725
(299, 2860)	16726
(16726, 6895)	16727
(2745, 9717)	16728
(12919, 428)	16729
(324, 1222)	16730
(16730, 449)	16731
(2253, 267)	16732
(5272, 471)	16733
(2660, 336)	16734
(6413, 273)	16735
(2926, 105)	16736
(1500, 2924)	16737
(65, 2509)	16738
(83, 1208)	16739
(290, 86)	16740
(7580, 537)	16741
(16741, 1716)	16742
(76, 12935)	16743
(2060, 12937)	16744
(357, 260)	16745
(86, 86)	16746
(1846, 9171)	16747
(2036, 12938)	16748
(79, 2667)	16749
(2782, 82)	16750
(637, 438)	16751
(4845, 8342)	16752
(838, 2320)	16753
(83, 86)	16754
(5892, 112)	16755
(76, 441)	16756
(16756, 12945)	16757
(360, 506)	16758
(362, 7080)	16759
(758, 5788)	16760
(287, 117)	16761
(280, 317)	16762
(277, 676)	16763
(1018, 10208)	16764
(86, 12946)	16765
(4880, 12948)	16766
(10605, 1762)	16767
(85, 83)	16768
(4786, 8011)	16769
(394, 3386)	16770
(16770, 2402)	16771
(16771, 115)	16772
(47, 9049)	16773
(16773, 558)	16774
(16774, 5464)	16775
(434, 314)	16776
(16776, 9175)	16777
(16777, 110)	16778
(453, 12951)	16779
(434, 118)	16780
(16780, 8395)	16781
(12953, 6958)	16782
(290, 12954)	16783
(3400, 406)	16784
(344, 1486)	16785
(3732, 97)	16786
(67, 4906)	16787
(16787, 400)	16788
(387, 107)	16789
(1103, 304)	16790
(324, 619)	16791
(12961, 2957)	16792
(6414, 9181)	16793
(4094, 259)	16794
(8675, 294)	16795
(6023, 115)	16796
(78, 1176)	16797
(16797, 557)	16798
(3940, 399)	16799
(634, 1592)	16800
(2553, 3555)	16801
(3362, 2427)	16802
(2721, 478)	16803
(5955, 2584)	16804
(1924, 1597)	16805
(16805, 2584)	16806
(1253, 4698)	16807
(68, 3972)	16808
(4583, 101)	16809
(83, 267)	16810
(16810, 718)	16811
(10154, 630)	16812
(16812, 449)	16813
(71, 97)	16814
(16814, 12972)	16815
(812, 629)	16816
(16816, 9979)	16817
(16817, 279)	16818
(12014, 658)	16819
(16819, 589)	16820
(10713, 70)	16821
(77, 601)	16822
(16822, 294)	16823
(16823, 498)	16824
(12860, 262)	16825
(16825, 111)	16826
(810, 105)	16827
(5205, 268)	16828
(333, 271)	16829
(46, 70)	16830
(9192, 3903)	16831
(2232, 2199)	16832
(16832, 680)	16833
(10237, 1373)	16834
(2491, 2453)	16835
(287, 477)	16836
(278, 3294)	16837
(5046, 693)	16838
(362, 1208)	16839
(9825, 4545)	16840
(16840, 2744)	16841
(1975, 2817)	16842
(10718, 5599)	16843
(12979, 333)	16844
(329, 424)	16845
(16845, 142)	16846
(16846, 59)	16847
(434, 2117)	16848
(16848, 336)	16849
(591, 266)	16850
(16850, 1568)	16851
(389, 407)	16852
(16852, 1407)	16853
(73, 2581)	16854
(75, 11737)	16855
(16855, 6069)	16856
(6983, 10721)	16857
(16857, 2211)	16858
(16858, 854)	16859
(66, 75)	16860
(311, 70)	16861
(9004, 2102)	16862
(16862, 97)	16863
(1582, 100)	16864
(16864, 8038)	16865
(5592, 399)	16866
(10718, 2380)	16867
(2559, 7688)	16868
(991, 2950)	16869
(87, 4151)	16870
(8425, 1259)	16871
(992, 1590)	16872
(100, 9204)	16873
(10731, 12993)	16874
(78, 85)	16875
(68, 69)	16876
(404, 481)	16877
(41, 1122)	16878
(490, 3586)	16879
(12994, 345)	16880
(9209, 8042)	16881
(2358, 6942)	16882
(1254, 449)	16883
(1737, 8042)	16884
(10736, 8042)	16885
(6599, 1126)	16886
(16886, 417)	16887
(12995, 5578)	16888
(3172, 313)	16889
(8411, 799)	16890
(3233, 50)	16891
(2544, 705)	16892
(16892, 417)	16893
(82, 97)	16894
(16894, 257)	16895
(16895, 333)	16896
(290, 9211)	16897
(45, 69)	16898
(1021, 734)	16899
(16899, 264)	16900
(7813, 10744)	16901
(7480, 947)	16902
(16902, 478)	16903
(4613, 1151)	16904
(7244, 115)	16905
(2433, 6766)	16906
(309, 510)	16907
(16907, 262)	16908
(5918, 338)	16909
(16909, 825)	16910
(9215, 1730)	16911
(847, 345)	16912
(3670, 4914)	16913
(1351, 264)	16914
(10751, 2342)	16915
(10753, 112)	16916
(1134, 1730)	16917
(3233, 51)	16918
(46, 99)	16919
(4129, 13009)	16920
(6603, 5941)	16921
(2830, 179)	16922
(2830, 168)	16923
(567, 267)	16924
(1036, 10755)	16925
(2223, 7008)	16926
(16926, 412)	16927
(1234, 10744)	16928
(65, 68)	16929
(5153, 462)	16930
(13016, 535)	16931
(1448, 1019)	16932
(16932, 1354)	16933
(323, 615)	16934
(6406, 381)	16935
(3365, 2998)	16936
(8054, 8385)	16937
(8468, 676)	16938
(7701, 305)	16939
(217, 142)	16940
(1446, 5825)	16941
(16941, 305)	16942
(2085, 782)	16943
(16943, 779)	16944
(16944, 116)	16945
(80, 728)	16946
(16946, 3337)	16947
(295, 1660)	16948
(16948, 1414)	16949
(16949, 111)	16950
(4134, 4446)	16951
(4136, 3187)	16952
(2000, 1005)	16953
(16953, 6025)	16954
(77, 768)	16955
(76, 1182)	16956
(1114, 2337)	16957
(72, 1838)	16958
(7457, 13035)	16959
(307, 1838)	16960
(1465, 1752)	16961
(71, 8381)	16962
(484, 13038)	16963
(1392, 11988)	16964
(364, 971)	16965
(459, 751)	16966
(4887, 3671)	16967
(434, 421)	16968
(309, 11928)	16969
(16969, 98)	16970
(16970, 1041)	16971
(6607, 1301)	16972
(455, 330)	16973
(2276, 2705)	16974
(82, 268)	16975
(16975, 2441)	16976
(303, 117)	16977
(16977, 513)	16978
(16978, 396)	16979
(16979, 12808)	16980
(2093, 13039)	16981
(8060, 4866)	16982
(3772, 13041)	16983
(4125, 1528)	16984
(16984, 331)	16985
(16985, 974)	16986
(10775, 291)	16987
(10042, 267)	16988
(9230, 263)	16989
(309, 6587)	16990
(7247, 2362)	16991
(434, 9956)	16992
(503, 4406)	16993
(5041, 336)	16994
(84, 97)	16995
(16995, 383)	16996
(323, 13045)	16997
(70, 117)	16998
(420, 1488)	16999
(2432, 267)	17000
(1680, 111)	17001
(5958, 866)	17002
(411, 111)	17003
(121, 389)	17004
(325, 346)	17005
(704, 460)	17006
(317, 799)	17007
(17007, 327)	17008
(391, 279)	17009
(356, 334)	17010
(17010, 557)	17011
(1258, 4917)	17012
(364, 457)	17013
(775, 116)	17014
(2118, 7248)	17015
(281, 365)	17016
(517, 11805)	17017
(121, 2791)	17018
(639, 262)	17019
(331, 271)	17020
(613, 585)	17021
(6782, 291)	17022
(2366, 374)	17023
(1617, 291)	17024
(3094, 1563)	17025
(350, 80)	17026
(2321, 10783)	17027
(2486, 417)	17028
(13066, 449)	17029
(7233, 2542)	17030
(13071, 3046)	17031
(86, 1823)	17032
(3661, 68)	17033
(17033, 8900)	17034
(6613, 557)	17035
(3461, 336)	17036
(17036, 1853)	17037
(13074, 759)	17038
(12194, 98)	17039
(78, 10325)	17040
(7414, 267)	17041
(1419, 2237)	17042
(384, 464)	17043
(1441, 280)	17044
(7541, 105)	17045
(7059, 3867)	17046
(17046, 1494)	17047
(394, 291)	17048
(12677, 280)	17049
(5731, 1812)	17050
(668, 2011)	17051
(228, 184)	17052
(10157, 346)	17053
(8060, 269)	17054
(10796, 4114)	17055
(1336, 11948)	17056
(404, 9944)	17057
(115, 108)	17058
(5980, 294)	17059
(719, 7145)	17060
(2417, 1531)	17061
(513, 260)	17062
(1152, 497)	17063
(299, 9243)	17064
(1651, 273)	17065
(17065, 13102)	17066
(1114, 2042)	17067
(323, 294)	17068
(17068, 373)	17069
(17069, 7518)	17070
(795, 647)	17071
(17071, 592)	17072
(2523, 3227)	17073
(355, 542)	17074
(350, 376)	17075
(6300, 771)	17076
(801, 108)	17077
(2679, 718)	17078
(1773, 1894)	17079
(630, 399)	17080
(2417, 2871)	17081
(383, 292)	17082
(9012, 1241)	17083
(17083, 728)	17084
(404, 1040)	17085
(323, 3458)	17086
(6196, 802)	17087
(4323, 5609)	17088
(315, 306)	17089
(563, 267)	17090
(13119, 346)	17091
(521, 1026)	17092
(835, 108)	17093
(17093, 98)	17094
(303, 13121)	17095
(105, 1305)	17096
(5019, 1084)	17097
(76, 469)	17098
(4224, 708)	17099
(2301, 614)	17100
(364, 4739)	17101
(8612, 373)	17102
(356, 7235)	17103
(17103, 4319)	17104
(17104, 7235)	17105
(17105, 121)	17106
(370, 10588)	17107
(3742, 115)	17108
(66, 1449)	17109
(87, 13127)	17110
(4602, 10812)	17111
(2083, 105)	17112
(3528, 1101)	17113
(1086, 6330)	17114
(74, 269)	17115
(17115, 10812)	17116
(99, 570)	17117
(7186, 13129)	17118
(4129, 268)	17119
(5062, 13132)	17120
(12408, 287)	17121
(4187, 8082)	17122
(17122, 9252)	17123
(364, 485)	17124
(17124, 346)	17125
(90, 5429)	17126
(3991, 115)	17127
(12355, 121)	17128
(504, 110)	17129
(434, 75)	17130
(17130, 75)	17131
(46, 87)	17132
(490, 1393)	17133
(1456, 346)	17134
(311, 1393)	17135
(17135, 97)	17136
(7978, 1793)	17137
(82, 415)	17138
(17138, 1381)	17139
(7900, 344)	17140
(17140, 976)	17141
(79, 13146)	17142
(54, 5374)	17143
(323, 8900)	17144
(66, 1176)	17145
(17145, 294)	17146
(17146, 101)	17147
(303, 515)	17148
(17148, 1340)	17149
(1030, 13148)	17150
(17150, 291)	17151
(5558, 3632)	17152
(77, 925)	17153
(72, 586)	17154
(17154, 12764)	17155
(348, 442)	17156
(44, 1745)	17157
(724, 10824)	17158
(315, 7796)	17159
(17159, 2342)	17160
(2366, 3831)	17161
(351, 4864)	17162
(2365, 585)	17163
(362, 467)	17164
(358, 122)	17165
(7878, 12602)	17166
(12293, 1301)	17167
(17167, 713)	17168
(80, 294)	17169
(17169, 751)	17170
(85, 108)	17171
(17171, 11963)	17172
(955, 10369)	17173
(90, 6622)	17174
(841, 1849)	17175
(362, 119)	17176
(2029, 119)	17177
(1214, 4831)	17178
(17178, 471)	17179
(355, 567)	17180
(8619, 5212)	17181
(1290, 1871)	17182
(115, 291)	17183
(32, 2214)	17184
(2042, 313)	17185
(10834, 9267)	17186
(434, 280)	17187
(299, 262)	17188
(17188, 496)	17189
(34, 545)	17190
(855, 1524)	17191
(70, 642)	17192
(6512, 974)	17193
(69, 1580)	17194
(17194, 493)	17195
(17195, 702)	17196
(13169, 101)	17197
(1811, 2273)	17198
(76, 5560)	17199
(4349, 557)	17200
(77, 1120)	17201
(3301, 262)	17202
(6361, 341)	17203
(2986, 456)	17204
(286, 262)	17205
(3385, 383)	17206
(1725, 291)	17207
(290, 720)	17208
(11505, 3747)	17209
(67, 13172)	17210
(12448, 3081)	17211
(324, 1845)	17212
(299, 1231)	17213
(17213, 264)	17214
(13177, 121)	17215
(1501, 3507)	17216
(6976, 13179)	17217
(11691, 105)	17218
(265, 1231)	17219
(4182, 316)	17220
(17220, 1835)	17221
(710, 13191)	17222
(75, 13196)	17223
(17223, 1899)	17224
(17224, 10080)	17225
(434, 260)	17226
(821, 3581)	17227
(394, 286)	17228
(455, 263)	17229
(503, 3867)	17230
(8969, 291)	17231
(719, 283)	17232
(17232, 631)	17233
(17233, 471)	17234
(6436, 5029)	17235
(1588, 3972)	17236
(1217, 116)	17237
(320, 398)	17238
(17238, 336)	17239
(17239, 6071)	17240
(17240, 685)	17241
(617, 833)	17242
(256, 10179)	17243
(795, 10851)	17244
(13206, 788)	17245
(3661, 76)	17246
(5495, 115)	17247
(988, 13209)	17248
(7164, 264)	17249
(77, 314)	17250
(17250, 10855)	17251
(303, 1411)	17252
(17252, 589)	17253
(2980, 13210)	17254
(290, 453)	17255
(364, 268)	17256
(3534, 4241)	17257
(1253, 5788)	17258
(5888, 1677)	17259
(9290, 286)	17260
(364, 3150)	17261
(290, 455)	17262
(17262, 6629)	17263
(1623, 3471)	17264
(7209, 1677)	17265
(13214, 122)	17266
(3418, 263)	17267
(197, 186)	17268
(1948, 292)	17269
(575, 2122)	17270
(315, 330)	17271
(17271, 696)	17272
(299, 13150)	17273
(324, 13219)	17274
(846, 339)	17275
(3634, 496)	17276
(467, 115)	17277
(324, 595)	17278
(307, 3044)	17279
(303, 383)	17280
(5530, 589)	17281
(74, 259)	17282
(17282, 932)	17283
(13224, 161)	17284
(12453, 2025)	17285
(324, 2957)	17286
(978, 112)	17287
(13228, 476)	17288
(1666, 346)	17289
(323, 13233)	17290
(82, 67)	17291
(281, 466)	17292
(421, 275)	17293
(1426, 1167)	17294
(4308, 10851)	17295
(13237, 2542)	17296
(350, 3495)	17297
(347, 10867)	17298
(17298, 98)	17299
(17299, 352)	17300
(17300, 1849)	17301
(72, 10398)	17302
(5532, 6372)	17303
(671, 415)	17304
(17304, 10037)	17305
(10868, 510)	17306
(2304, 110)	17307
(98, 595)	17308
(1347, 264)	17309
(17309, 1033)	17310
(17310, 97)	17311
(459, 586)	17312
(17312, 457)	17313
(532, 1105)	17314
(32, 5221)	17315
(5221, 178)	17316
(331, 346)	17317
(542, 351)	17318
(17318, 111)	17319
(2229, 741)	17320
(17320, 873)	17321
(197, 158)	17322
(17322, 1411)	17323
(17323, 441)	17324
(838, 453)	17325
(17325, 2048)	17326
(4303, 6632)	17327
(17327, 101)	17328
(8109, 110)	17329
(17329, 280)	17330
(1045, 330)	17331
(7276, 7119)	17332
(72, 67)	17333
(17333, 82)	17334
(5709, 330)	17335
(17335, 5142)	17336
(311, 331)	17337
(381, 271)	17338
(273, 803)	17339
(2751, 534)	17340
(316, 105)	17341
(1773, 4980)	17342
(929, 5972)	17343
(1773, 4829)	17344
(282, 10876)	17345
(13249, 98)	17346
(285, 267)	17347
(34, 47)	17348
(37, 681)	17349
(5524, 392)	17350
(17350, 731)	17351
(10880, 1698)	17352
(2830, 173)	17353
(9910, 6875)	17354
(17354, 8540)	17355
(7570, 4763)	17356
(17356, 13223)	17357
(2830, 181)	17358
(17358, 5076)	17359
(17359, 4763)	17360
(17360, 10626)	17361
(7412, 2557)	17362
(350, 2530)	17363
(17363, 565)	17364
(918, 339)	17365
(5823, 572)	17366
(9315, 304)	17367
(7986, 493)	17368
(17368, 5990)	17369
(5815, 3593)	17370
(272, 1579)	17371
(80, 2580)	17372
(11563, 291)	17373
(1545, 1641)	17374
(32, 37)	17375
(100, 521)	17376
(112, 334)	17377
(1904, 401)	17378
(17378, 1898)	17379
(3911, 3163)	17380
(17380, 8118)	17381
(2096, 291)	17382
(71, 10706)	17383
(13267, 9318)	17384
(8780, 486)	17385
(9319, 6284)	17386
(666, 443)	17387
(82, 851)	17388
(4122, 6509)	17389
(72, 1742)	17390
(1002, 2187)	17391
(82, 438)	17392
(2387, 3687)	17393
(6638, 807)	17394
(13271, 462)	17395
(3236, 10895)	17396
(17396, 442)	17397
(434, 2008)	17398
(103, 951)	17399
(1517, 8901)	17400
(1227, 2661)	17401
(9322, 1471)	17402
(290, 2437)	17403
(17403, 3181)	17404
(85, 1883)	17405
(347, 4923)	17406
(935, 10476)	17407
(10904, 267)	17408
(421, 423)	17409
(47, 66)	17410
(1815, 740)	17411
(8077, 339)	17412
(1816, 2661)	17413
(6737, 390)	17414
(513, 397)	17415
(448, 5080)	17416
(350, 411)	17417
(2365, 1499)	17418
(2162, 7871)	17419
(9309, 267)	17420
(82, 398)	17421
(838, 452)	17422
(3238, 291)	17423
(4199, 715)	17424
(361, 1305)	17425
(119, 2198)	17426
(13290, 339)	17427
(13292, 3135)	17428
(490, 102)	17429
(1221, 8129)	17430
(5896, 317)	17431
(1658, 343)	17432
(796, 600)	17433
(326, 4979)	17434
(4519, 585)	17435
(362, 866)	17436
(6214, 267)	17437
(391, 268)	17438
(17438, 565)	17439
(6645, 376)	17440
(1766, 462)	17441
(323, 985)	17442
(3170, 260)	17443
(591, 592)	17444
(122, 1105)	17445
(2792, 373)	17446
(48, 57)	17447
(74, 101)	17448
(17448, 3869)	17449
(10914, 5227)	17450
(17450, 116)	17451
(2518, 1929)	17452
(108, 1451)	17453
(81, 13307)	17454
(1623, 13309)	17455
(8425, 1561)	17456
(17456, 263)	17457
(3829, 608)	17458
(12270, 1927)	17459
(13311, 8717)	17460
(9339, 833)	17461
(1338, 8379)	17462
(6941, 121)	17463
(5619, 1968)	17464
(17464, 5904)	17465
(17465, 3066)	17466
(955, 3972)	17467
(262, 267)	17468
(434, 10921)	17469
(268, 2938)	17470
(75, 10921)	17471
(2137, 259)	17472
(2223, 119)	17473
(17473, 542)	17474
(309, 589)	17475
(264, 122)	17476
(303, 483)	17477
(5898, 3167)	17478
(1106, 618)	17479
(13320, 557)	17480
(82, 749)	17481
(17481, 638)	17482
(6518, 741)	17483
(17483, 111)	17484
(303, 13322)	17485
(2344, 3601)	17486
(631, 268)	17487
(4509, 118)	17488
(17488, 5228)	17489
(17489, 341)	17490
(17490, 589)	17491
(1023, 280)	17492
(6456, 283)	17493
(4428, 436)	17494
(1362, 7174)	17495
(364, 10902)	17496
(82, 73)	17497
(356, 79)	17498
(307, 69)	17499
(89, 69)	17500
(86, 80)	17501
(2143, 1377)	17502
(2494, 1084)	17503
(3798, 1243)	17504
(46, 2171)	17505
(46, 1198)	17506
(4786, 283)	17507
(299, 1591)	17508
(17508, 260)	17509
(362, 264)	17510
(356, 445)	17511
(17511, 7861)	17512
(1413, 283)	17513
(9771, 1167)	17514
(289, 2762)	17515
(10934, 1059)	17516
(50, 813)	17517
(66, 1006)	17518
(459, 4752)	17519
(109, 110)	17520
(4304, 10940)	17521
(1701, 104)	17522
(6603, 115)	17523
(17523, 259)	17524
(5422, 5736)	17525
(17525, 2823)	17526
(13336, 414)	17527
(1646, 432)	17528
(5020, 115)	17529
(2611, 3942)	17530
(17530, 286)	17531
(2595, 259)	17532
(7961, 114)	17533
(17533, 1104)	17534
(17534, 558)	17535
(370, 107)	17536
(17536, 717)	17537
(9630, 10942)	17538
(13338, 10942)	17539
(13339, 2039)	17540
(17540, 830)	17541
(78, 336)	17542
(273, 109)	17543
(17543, 111)	17544
(356, 336)	17545
(6344, 267)	17546
(10367, 97)	17547
(67, 69)	17548
(281, 260)	17549
(17549, 305)	17550
(2559, 4133)	17551
(438, 6354)	17552
(1031, 280)	17553
(4471, 505)	17554
(3457, 830)	17555
(655, 1329)	17556
(1152, 6497)	17557
(2559, 3767)	17558
(303, 374)	17559
(335, 3685)	17560
(897, 374)	17561
(17561, 115)	17562
(552, 8140)	17563
(4051, 10876)	17564
(7535, 410)	17565
(281, 6514)	17566
(116, 286)	17567
(1552, 498)	17568
(1206, 1167)	17569
(12140, 115)	17570
(655, 446)	17571
(17571, 510)	17572
(17572, 806)	17573
(4839, 406)	17574
(482, 120)	17575
(284, 1283)	17576
(17576, 1068)	17577
(281, 2423)	17578
(277, 9355)	17579
(289, 109)	17580
(307, 1146)	17581
(13352, 627)	17582
(78, 536)	17583
(17583, 12694)	17584
(6169, 8371)	17585
(13361, 373)	17586
(7673, 2102)	17587
(17587, 7931)	17588
(370, 496)	17589
(1573, 984)	17590
(17590, 1488)	17591
(490, 7008)	17592
(17592, 1698)	17593
(286, 400)	17594
(4968, 100)	17595
(17595, 13152)	17596
(3954, 263)	17597
(69, 445)	17598
(17598, 12083)	17599
(13366, 406)	17600
(1976, 596)	17601
(6441, 97)	17602
(9358, 2556)	17603
(13367, 13362)	17604
(80, 259)	17605
(264, 389)	17606
(5061, 73)	17607
(2982, 13371)	17608
(708, 354)	17609
(285, 396)	17610
(45, 983)	17611
(2952, 13372)	17612
(3344, 1777)	17613
(1535, 336)	17614
(324, 741)	17615
(256, 1006)	17616
(724, 108)	17617
(265, 371)	17618
(17618, 569)	17619
(8145, 8146)	17620
(61, 34)	17621
(34, 62)	17622
(5876, 3551)	17623
(5765, 271)	17624
(13380, 968)	17625
(3845, 8148)	17626
(317, 468)	17627
(4997, 108)	17628
(17628, 2730)	17629
(8881, 2563)	17630
(290, 13382)	17631
(812, 100)	17632
(3520, 2401)	17633
(1501, 4072)	17634
(10520, 865)	17635
(4509, 116)	17636
(85, 114)	17637
(1505, 3986)	17638
(424, 166)	17639
(1071, 269)	17640
(77, 506)	17641
(812, 99)	17642
(9364, 105)	17643
(17643, 865)	17644
(663, 558)	17645
(309, 1436)	17646
(2083, 3046)	17647
(299, 4906)	17648
(70, 358)	17649
(2283, 1262)	17650
(639, 376)	17651
(17651, 344)	17652
(17652, 1059)	17653
(10864, 2727)	17654
(17654, 423)	17655
(2535, 766)	17656
(78, 316)	17657
(17657, 498)	17658
(625, 13401)	17659
(560, 101)	17660
(362, 682)	17661
(3981, 544)	17662
(17662, 398)	17663
(17663, 260)	17664
(87, 83)	17665
(8916, 399)	17666
(105, 2964)	17667
(419, 111)	17668
(45, 44)	17669
(12558, 287)	17670
(2331, 10509)	17671
(2668, 1672)	17672
(10969, 286)	17673
(1545, 736)	17674
(9372, 7880)	17675
(309, 1351)	17676
(17676, 1033)	17677
(10780, 8146)	17678
(8617, 588)	17679
(13411, 10970)	17680
(3324, 10970)	17681
(4750, 3042)	17682
(10972, 534)	17683
(11608, 286)	17684
(852, 595)	17685
(496, 121)	17686
(13417, 101)	17687
(72, 12193)	17688
(51, 3721)	17689
(87, 13418)	17690
(83, 1126)	17691
(364, 428)	17692
(332, 6657)	17693
(1740, 291)	17694
(541, 460)	17695
(8651, 1325)	17696
(765, 306)	17697
(3271, 3467)	17698
(17698, 109)	17699
(3041, 6445)	17700
(2344, 118)	17701
(17701, 2388)	17702
(256, 326)	17703
(1274, 48)	17704
(885, 764)	17705
(309, 676)	17706
(265, 9018)	17707
(272, 510)	17708
(377, 13424)	17709
(17709, 381)	17710
(3097, 535)	17711
(17711, 3663)	17712
(17712, 263)	17713
(17713, 10986)	17714
(6113, 291)	17715
(287, 909)	17716
(4119, 268)	17717
(259, 3934)	17718
(4919, 4212)	17719
(348, 13428)	17720
(324, 106)	17721
(17721, 7235)	17722
(17722, 114)	17723
(106, 433)	17724
(5589, 435)	17725
(110, 271)	17726
(303, 1590)	17727
(941, 3125)	17728
(9376, 10539)	17729
(343, 5146)	17730
(9760, 4895)	17731
(7069, 3830)	17732
(10988, 2563)	17733
(83, 4923)	17734
(17734, 469)	17735
(17735, 7301)	17736
(12855, 13436)	17737
(6079, 2587)	17738
(370, 10989)	17739
(758, 668)	17740
(69, 10989)	17741
(324, 1231)	17742
(17742, 314)	17743
(83, 111)	17744
(5830, 544)	17745
(307, 9720)	17746
(17746, 341)	17747
(4378, 9065)	17748
(355, 1245)	17749
(7730, 257)	17750
(17750, 119)	17751
(360, 9650)	17752
(13442, 1528)	17753
(17753, 13443)	17754
(17754, 122)	17755
(778, 338)	17756
(1386, 345)	17757
(67, 1968)	17758
(7442, 319)	17759
(2907, 366)	17760
(68, 474)	17761
(83, 8154)	17762
(290, 452)	17763
(68, 10994)	17764
(355, 10994)	17765
(6344, 291)	17766
(1441, 1968)	17767
(315, 534)	17768
(4125, 5355)	17769
(62, 10)	17770
(10996, 264)	17771
(13342, 435)	17772
(2668, 412)	17773
(3156, 351)	17774
(17774, 352)	17775
(473, 1411)	17776
(9887, 259)	17777
(112, 9915)	17778
(8156, 659)	17779
(17779, 1378)	17780
(3712, 559)	17781
(17781, 291)	17782
(3522, 269)	17783
(281, 2797)	17784
(17784, 269)	17785
(355, 6661)	17786
(434, 485)	17787
(17787, 358)	17788
(3175, 704)	17789
(229, 187)	17790
(17790, 186)	17791
(272, 12834)	17792
(6723, 650)	17793
(2908, 9068)	17794
(295, 325)	17795
(68, 122)	17796
(17796, 3969)	17797
(17797, 11755)	17798
(3625, 13463)	17799
(84, 13464)	17800
(17800, 262)	17801
(17801, 8160)	17802
(2272, 1084)	17803
(1500, 2022)	17804
(17804, 111)	17805
(5084, 379)	17806
(17806, 2530)	17807
(17807, 117)	17808
(2200, 399)	17809
(6114, 2077)	17810
(17810, 829)	17811
(3661, 99)	17812
(2612, 291)	17813
(2501, 1033)	17814
(9946, 5435)	17815
(74, 4038)	17816
(17816, 121)	17817
(1219, 1751)	17818
(7594, 586)	17819
(17819, 1012)	17820
(493, 338)	17821
(5326, 3306)	17822
(13474, 121)	17823
(300, 2897)	17824
(9993, 471)	17825
(13476, 996)	17826
(356, 5637)	17827
(10972, 306)	17828
(1915, 3903)	17829
(885, 2360)	17830
(300, 2215)	17831
(110, 436)	17832
(835, 97)	17833
(371, 6561)	17834
(835, 3942)	17835
(283, 692)	17836
(835, 275)	17837
(13488, 8925)	17838
(835, 1108)	17839
(281, 9390)	17840
(12420, 103)	17841
(17841, 4623)	17842
(1398, 1004)	17843
(3354, 715)	17844
(939, 3187)	17845
(13423, 4659)	17846
(1036, 9068)	17847
(5558, 11016)	17848
(13499, 471)	17849
(9730, 331)	17850
(17850, 471)	17851
(1501, 11016)	17852
(5770, 13500)	17853
(5531, 267)	17854
(3711, 291)	17855
(2706, 527)	17856
(3408, 3314)	17857
(4550, 310)	17858
(17858, 13501)	17859
(6244, 864)	17860
(11019, 1856)	17861
(17861, 2135)	17862
(4929, 1715)	17863
(4100, 13506)	17864
(2368, 1624)	17865
(2004, 2307)	17866
(941, 2528)	17867
(1851, 6648)	17868
(2004, 2509)	17869
(1391, 1451)	17870
(76, 84)	17871
(13515, 10855)	17872
(3398, 101)	17873
(34, 10)	17874
(6369, 264)	17875
(17875, 13516)	17876
(484, 316)	17877
(68, 3611)	17878
(17878, 122)	17879
(1140, 659)	17880
(7023, 4864)	17881
(4891, 1828)	17882
(9013, 1488)	17883
(362, 3831)	17884
(13520, 283)	17885
(361, 121)	17886
(17886, 573)	17887
(355, 1591)	17888
(17888, 264)	17889
(860, 410)	17890
(324, 374)	17891
(303, 1661)	17892
(17892, 693)	17893
(2575, 271)	17894
(17894, 3328)	17895
(13521, 1854)	17896
(350, 5192)	17897
(11674, 1871)	17898
(9398, 262)	17899
(1364, 8171)	17900
(10752, 13526)	17901
(17901, 345)	17902
(60, 11028)	17903
(62, 42)	17904
(62, 83)	17905
(17905, 6757)	17906
(13527, 1540)	17907
(10842, 788)	17908
(4303, 99)	17909
(17909, 1592)	17910
(3635, 317)	17911
(3649, 264)	17912
(13528, 363)	17913
(71, 326)	17914
(17914, 525)	17915
(3874, 13529)	17916
(5084, 314)	17917
(360, 3462)	17918
(257, 373)	17919
(303, 727)	17920
(70, 80)	17921
(1221, 100)	17922
(17922, 718)	17923
(17923, 585)	17924
(8368, 573)	17925
(5529, 825)	17926
(5295, 310)	17927
(17927, 262)	17928
(355, 5643)	17929
(3874, 280)	17930
(17930, 930)	17931
(4614, 314)	17932
(17932, 407)	17933
(17933, 6629)	17934
(896, 294)	17935
(350, 1252)	17936
(360, 1113)	17937
(108, 567)	17938
(5152, 116)	17939
(17939, 452)	17940
(307, 195)	17941
(324, 13539)	17942
(6667, 135)	17943
(8175, 191)	17944
(2846, 4701)	17945
(86, 78)	17946
(8173, 268)	17947
(360, 9045)	17948
(355, 488)	17949
(68, 5634)	17950
(7007, 397)	17951
(5455, 397)	17952
(2722, 5520)	17953
(3698, 13542)	17954
(286, 1059)	17955
(466, 304)	17956
(1500, 670)	17957
(11043, 498)	17958
(8177, 498)	17959
(3117, 373)	17960
(348, 4923)	17961
(5995, 262)	17962
(484, 383)	17963
(80, 383)	17964
(17964, 316)	17965
(17965, 275)	17966
(309, 843)	17967
(17967, 269)	17968
(56, 4105)	17969
(13546, 334)	17970
(17970, 109)	17971
(4182, 4086)	17972
(285, 326)	17973
(634, 4166)	17974
(11050, 3942)	17975
(426, 280)	17976
(420, 1911)	17977
(290, 13553)	17978
(11050, 1261)	17979
(307, 863)	17980
(17980, 351)	17981
(1392, 105)	17982
(320, 263)	17983
(309, 8180)	17984
(13556, 66)	17985
(10914, 1409)	17986
(2775, 339)	17987
(12308, 1549)	17988
(6894, 417)	17989
(351, 1656)	17990
(4555, 4401)	17991
(12489, 435)	17992
(9406, 122)	17993
(17993, 7516)	17994
(5979, 3249)	17995
(1942, 115)	17996
(324, 2337)	17997
(49, 1080)	17998
(355, 809)	17999
(362, 651)	18000
(18000, 656)	18001
(103, 650)	18002
(2496, 1543)	18003
(114, 415)	18004
(1035, 1316)	18005
(410, 99)	18006
(8844, 294)	18007
(1737, 4081)	18008
(10996, 2435)	18009
(6554, 713)	18010
(272, 8322)	18011
(2156, 6212)	18012
(299, 7038)	18013
(18013, 585)	18014
(11056, 414)	18015
(1077, 102)	18016
(18016, 275)	18017
(67, 2930)	18018
(18018, 336)	18019
(3672, 292)	18020
(5272, 345)	18021
(45, 1540)	18022
(2223, 104)	18023
(9374, 339)	18024
(2272, 7315)	18025
(4182, 4930)	18026
(2376, 4012)	18027
(964, 52)	18028
(2026, 346)	18029
(72, 687)	18030
(307, 687)	18031
(1847, 464)	18032
(45, 1217)	18033
(409, 115)	18034
(1259, 263)	18035
(116, 8809)	18036
(77, 452)	18037
(18037, 3902)	18038
(3704, 8026)	18039
(111, 105)	18040
(289, 280)	18041
(7823, 109)	18042
(18042, 1235)	18043
(8394, 339)	18044
(434, 1310)	18045
(11068, 5685)	18046
(18046, 706)	18047
(1556, 1019)	18048
(5505, 316)	18049
(18049, 1269)	18050
(13577, 471)	18051
(1909, 76)	18052
(1189, 52)	18053
(11071, 8529)	18054
(13578, 275)	18055
(13579, 994)	18056
(2083, 411)	18057
(688, 417)	18058
(48, 694)	18059
(50, 937)	18060
(848, 592)	18061
(32, 1375)	18062
(885, 5497)	18063
(1637, 415)	18064
(82, 74)	18065
(356, 1451)	18066
(411, 264)	18067
(8967, 11075)	18068
(9123, 374)	18069
(473, 318)	18070
(67, 1208)	18071
(407, 317)	18072
(10639, 304)	18073
(986, 7980)	18074
(18074, 381)	18075
(70, 1025)	18076
(484, 2977)	18077
(7559, 10419)	18078
(9421, 12876)	18079
(18079, 334)	18080
(1311, 98)	18081
(18081, 685)	18082
(2193, 115)	18083
(1016, 317)	18084
(5426, 115)	18085
(281, 481)	18086
(82, 358)	18087
(18087, 557)	18088
(99, 402)	18089
(655, 2225)	18090
(885, 559)	18091
(18091, 346)	18092
(8571, 3662)	18093
(13598, 488)	18094
(18094, 1261)	18095
(6918, 677)	18096
(11082, 1084)	18097
(1876, 283)	18098
(13599, 1128)	18099
(72, 752)	18100
(7567, 488)	18101
(18101, 346)	18102
(45, 1677)	18103
(18103, 326)	18104
(11086, 268)	18105
(484, 2102)	18106
(18106, 550)	18107
(324, 1381)	18108
(6294, 271)	18109
(387, 8190)	18110
(1527, 1752)	18111
(434, 262)	18112
(18112, 874)	18113
(353, 5200)	18114
(4932, 269)	18115
(46, 66)	18116
(6723, 374)	18117
(7519, 291)	18118
(9432, 1549)	18119
(1394, 1461)	18120
(1731, 696)	18121
(3104, 115)	18122
(391, 498)	18123
(497, 346)	18124
(8652, 101)	18125
(10148, 2971)	18126
(999, 718)	18127
(364, 76)	18128
(18128, 66)	18129
(18129, 90)	18130
(888, 3316)	18131
(450, 925)	18132
(18132, 1354)	18133
(13421, 115)	18134
(303, 2172)	18135
(18135, 7528)	18136
(79, 4170)	18137
(201, 155)	18138
(93, 59)	18139
(3876, 118)	18140
(4104, 1540)	18141
(1500, 13257)	18142
(295, 351)	18143
(18143, 3300)	18144
(9435, 2539)	18145
(89, 118)	18146
(18146, 3611)	18147
(7220, 562)	18148
(18148, 5462)	18149
(10511, 99)	18150
(18150, 4933)	18151
(360, 13617)	18152
(77, 432)	18153
(10507, 271)	18154
(18154, 1541)	18155
(12400, 7776)	18156
(1219, 1838)	18157
(18157, 1528)	18158
(18158, 3630)	18159
(2722, 1110)	18160
(18160, 6176)	18161
(45, 8907)	18162
(13625, 105)	18163
(8197, 11103)	18164
(13623, 11103)	18165
(11019, 3201)	18166
(5314, 1667)	18167
(355, 13631)	18168
(2286, 13584)	18169
(18169, 365)	18170
(272, 3641)	18171
(729, 407)	18172
(517, 341)	18173
(18173, 4904)	18174
(430, 4945)	18175
(2721, 263)	18176
(1226, 2164)	18177
(9364, 460)	18178
(2491, 7315)	18179
(66, 12963)	18180
(964, 54)	18181
(4046, 122)	18182
(18182, 2402)	18183
(1892, 122)	18184
(109, 2885)	18185
(6406, 1869)	18186
(3191, 5338)	18187
(290, 2596)	18188
(355, 83)	18189
(361, 5360)	18190
(5413, 338)	18191
(10807, 2871)	18192
(278, 447)	18193
(18193, 11111)	18194
(18194, 462)	18195
(277, 267)	18196
(523, 686)	18197
(18197, 449)	18198
(98, 365)	18199
(281, 1222)	18200
(18200, 115)	18201
(1035, 1126)	18202
(12977, 269)	18203
(11111, 414)	18204
(389, 121)	18205
(4775, 13645)	18206
(634, 480)	18207
(5303, 1950)	18208
(5502, 13649)	18209
(1517, 338)	18210
(4845, 13650)	18211
(8849, 291)	18212
(320, 13651)	18213
(18213, 994)	18214
(5703, 376)	18215
(18215, 292)	18216
(610, 3767)	18217
(303, 976)	18218
(18218, 642)	18219
(18219, 592)	18220
(1570, 693)	18221
(2361, 267)	18222
(8942, 339)	18223
(924, 13654)	18224
(1140, 2998)	18225
(18225, 1421)	18226
(451, 116)	18227
(18227, 2441)	18228
(2344, 10701)	18229
(353, 341)	18230
(18230, 259)	18231
(18231, 407)	18232
(18232, 512)	18233
(18233, 115)	18234
(284, 951)	18235
(18235, 257)	18236
(500, 3093)	18237
(80, 6672)	18238
(285, 6672)	18239
(5380, 476)	18240
(1584, 10670)	18241
(3502, 306)	18242
(9402, 399)	18243
(45, 2485)	18244
(67, 1231)	18245
(18245, 7301)	18246
(54, 1080)	18247
(955, 6740)	18248
(1347, 589)	18249
(362, 1252)	18250
(115, 1524)	18251
(416, 262)	18252
(1433, 48)	18253
(1047, 267)	18254
(895, 267)	18255
(315, 326)	18256
(1446, 2556)	18257
(1468, 1194)	18258
(11127, 645)	18259
(560, 2556)	18260
(1984, 1186)	18261
(32, 520)	18262
(4945, 291)	18263
(4452, 11129)	18264
(1045, 464)	18265
(18265, 3997)	18266
(6831, 331)	18267
(18267, 398)	18268
(18268, 115)	18269
(1073, 11129)	18270
(978, 763)	18271
(2358, 1942)	18272
(7942, 1804)	18273
(75, 1313)	18274
(18274, 2924)	18275
(13674, 7323)	18276
(1845, 692)	18277
(9236, 346)	18278
(3456, 111)	18279
(309, 7735)	18280
(926, 452)	18281
(1446, 266)	18282
(18282, 4001)	18283
(8101, 5904)	18284
(4550, 7325)	18285
(5422, 699)	18286
(75, 6673)	18287
(18287, 399)	18288
(4751, 6404)	18289
(7634, 618)	18290
(78, 13679)	18291
(3935, 3832)	18292
(295, 389)	18293
(1154, 326)	18294
(18294, 12350)	18295
(535, 13681)	18296
(313, 97)	18297
(2113, 339)	18298
(10703, 11135)	18299
(7326, 100)	18300
(18300, 457)	18301
(13308, 2427)	18302
(4880, 457)	18303
(18303, 984)	18304
(18304, 264)	18305
(4880, 11135)	18306
(2223, 13684)	18307
(97, 111)	18308
(13685, 5237)	18309
(7941, 685)	18310
(2195, 343)	18311
(85, 9199)	18312
(79, 1480)	18313
(18313, 2546)	18314
(9165, 259)	18315
(9165, 498)	18316
(9432, 3482)	18317
(10460, 8703)	18318
(107, 117)	18319
(1447, 6632)	18320
(18320, 264)	18321
(8109, 122)	18322
(18322, 280)	18323
(303, 829)	18324
(299, 333)	18325
(108, 117)	18326
(5616, 6318)	18327
(78, 70)	18328
(986, 2415)	18329
(18329, 115)	18330
(1347, 1041)	18331
(67, 402)	18332
(13699, 2055)	18333
(7941, 4676)	18334
(4098, 2505)	18335
(48, 1897)	18336
(2505, 291)	18337
(290, 374)	18338
(324, 3303)	18339
(303, 504)	18340
(372, 628)	18341
(490, 286)	18342
(18342, 305)	18343
(18343, 785)	18344
(3798, 1301)	18345
(4050, 3447)	18346
(67, 70)	18347
(320, 685)	18348
(13715, 346)	18349
(5618, 12633)	18350
(323, 392)	18351
(18351, 1289)	18352
(2602, 408)	18353
(348, 1294)	18354
(4064, 13716)	18355
(776, 57)	18356
(3487, 3479)	18357
(6883, 589)	18358
(3274, 267)	18359
(2670, 376)	18360
(327, 1549)	18361
(11147, 715)	18362
(77, 932)	18363
(18363, 1750)	18364
(1153, 1004)	18365
(2872, 7330)	18366
(32, 530)	18367
(671, 7871)	18368
(679, 336)	18369
(18369, 2957)	18370
(2456, 291)	18371
(8057, 70)	18372
(672, 1337)	18373
(278, 4342)	18374
(2491, 103)	18375
(18375, 1025)	18376
(3404, 1985)	18377
(115, 381)	18378
(412, 807)	18379
(295, 9459)	18380
(1129, 275)	18381
(1797, 2116)	18382
(11086, 692)	18383
(18383, 7302)	18384
(337, 2273)	18385
(7550, 486)	18386
(11618, 6015)	18387
(84, 7984)	18388
(324, 13743)	18389
(1563, 97)	18390
(4915, 3242)	18391
(350, 659)	18392
(18392, 346)	18393
(11143, 13747)	18394
(3892, 1161)	18395
(5995, 316)	18396
(11768, 373)	18397
(278, 7863)	18398
(46, 109)	18399
(290, 10290)	18400
(5565, 85)	18401
(6911, 264)	18402
(18402, 264)	18403
(5881, 257)	18404
(5413, 401)	18405
(18405, 460)	18406
(1064, 9463)	18407
(9975, 341)	18408
(121, 1138)	18409
(7723, 5482)	18410
(711, 259)	18411
(286, 1541)	18412
(315, 275)	18413
(1411, 111)	18414
(18414, 336)	18415
(18415, 1319)	18416
(404, 3807)	18417
(1132, 2556)	18418
(2381, 496)	18419
(984, 394)	18420
(77, 260)	18421
(18421, 366)	18422
(2988, 2556)	18423
(6065, 327)	18424
(77, 731)	18425
(360, 3962)	18426
(18426, 2509)	18427
(2984, 366)	18428
(258, 351)	18429
(383, 363)	18430
(5110, 9464)	18431
(286, 5319)	18432
(11803, 13766)	18433
(1295, 3318)	18434
(4465, 115)	18435
(1035, 414)	18436
(1446, 117)	18437
(18437, 106)	18438
(18438, 2954)	18439
(2420, 1220)	18440
(86, 8215)	18441
(10345, 1068)	18442
(285, 786)	18443
(6117, 4083)	18444
(74, 11169)	18445
(7773, 4965)	18446
(671, 4175)	18447
(2559, 1730)	18448
(6854, 542)	18449
(90, 3950)	18450
(420, 1589)	18451
(18451, 3072)	18452
(6737, 1835)	18453
(3211, 7040)	18454
(10758, 3537)	18455
(1892, 5018)	18456
(2301, 414)	18457
(289, 8740)	18458
(18458, 286)	18459
(3699, 9247)	18460
(3673, 863)	18461
(110, 428)	18462
(434, 1361)	18463
(70, 9467)	18464
(11172, 2565)	18465
(348, 9467)	18466
(4263, 1802)	18467
(1876, 108)	18468
(18468, 788)	18469
(1472, 557)	18470
(75, 5781)	18471
(13792, 4241)	18472
(4094, 9645)	18473
(307, 470)	18474
(34, 58)	18475
(10131, 266)	18476
(8715, 13804)	18477
(6432, 1287)	18478
(8223, 373)	18479
(1253, 2913)	18480
(2907, 1012)	18481
(5193, 9480)	18482
(1466, 286)	18483
(6499, 260)	18484
(8135, 10600)	18485
(729, 1708)	18486
(2266, 5520)	18487
(256, 260)	18488
(955, 114)	18489
(18489, 5817)	18490
(1279, 105)	18491
(299, 606)	18492
(18492, 8926)	18493
(299, 70)	18494
(12881, 114)	18495
(18495, 570)	18496
(18496, 399)	18497
(409, 613)	18498
(409, 5357)	18499
(1916, 115)	18500
(3868, 417)	18501
(10117, 3476)	18502
(543, 5514)	18503
(3989, 4721)	18504
(9728, 372)	18505
(4877, 271)	18506
(3989, 106)	18507
(18507, 352)	18508
(18508, 8019)	18509
(7489, 111)	18510
(324, 1444)	18511
(18511, 264)	18512
(2907, 262)	18513
(266, 676)	18514
(1285, 994)	18515
(404, 421)	18516
(4600, 11614)	18517
(1545, 116)	18518
(260, 269)	18519
(11127, 417)	18520
(80, 13824)	18521
(671, 731)	18522
(18522, 121)	18523
(4617, 121)	18524
(76, 9355)	18525
(18525, 1549)	18526
(309, 13769)	18527
(1172, 1939)	18528
(18528, 866)	18529
(9074, 109)	18530
(18530, 617)	18531
(18531, 262)	18532
(3772, 507)	18533
(13828, 1093)	18534
(5718, 291)	18535
(13083, 1161)	18536
(18536, 402)	18537
(82, 1006)	18538
(3119, 865)	18539
(1397, 97)	18540
(7344, 6969)	18541
(4199, 462)	18542
(2379, 115)	18543
(1634, 13117)	18544
(79, 120)	18545
(18545, 2055)	18546
(85, 75)	18547
(13829, 1879)	18548
(294, 495)	18549
(46, 5391)	18550
(47, 80)	18551
(410, 688)	18552
(466, 99)	18553
(10875, 715)	18554
(6225, 4642)	18555
(1391, 271)	18556
(18556, 1177)	18557
(8114, 67)	18558
(347, 334)	18559
(5062, 65)	18560
(348, 306)	18561
(2060, 1297)	18562
(2562, 628)	18563
(1447, 7399)	18564
(18564, 608)	18565
(1031, 4170)	18566
(86, 1628)	18567
(3740, 670)	18568
(3211, 5147)	18569
(3362, 2084)	18570
(8223, 291)	18571
(362, 13503)	18572
(18572, 291)	18573
(3004, 346)	18574
(4076, 7330)	18575
(2412, 782)	18576
(747, 834)	18577
(4199, 471)	18578
(6407, 6881)	18579
(430, 6559)	18580
(307, 374)	18581
(18581, 10715)	18582
(10618, 693)	18583
(4375, 5080)	18584
(13846, 2202)	18585
(13833, 930)	18586
(18586, 788)	18587
(295, 9488)	18588
(6250, 331)	18589
(4271, 1833)	18590
(80, 3327)	18591
(323, 5192)	18592
(80, 1335)	18593
(18593, 680)	18594
(4303, 573)	18595
(18595, 4950)	18596
(12088, 1910)	18597
(545, 5708)	18598
(278, 101)	18599
(18599, 493)	18600
(18600, 1499)	18601
(1831, 528)	18602
(1253, 7718)	18603
(18603, 345)	18604
(6370, 996)	18605
(1002, 9158)	18606
(1320, 3559)	18607
(73, 10794)	18608
(18608, 69)	18609
(5501, 267)	18610
(418, 13064)	18611
(18611, 478)	18612
(941, 97)	18613
(18613, 9488)	18614
(82, 10820)	18615
(75, 8238)	18616
(8027, 97)	18617
(6793, 2421)	18618
(360, 6657)	18619
(342, 1301)	18620
(18620, 390)	18621
(66, 11206)	18622
(1140, 13862)	18623
(102, 291)	18624
(3896, 54)	18625
(9280, 264)	18626
(13871, 1806)	18627
(18627, 534)	18628
(307, 3869)	18629
(8573, 1492)	18630
(324, 6439)	18631
(324, 6587)	18632
(112, 642)	18633
(298, 305)	18634
(18634, 1061)	18635
(4860, 608)	18636
(8240, 260)	18637
(1935, 7938)	18638
(527, 802)	18639
(3456, 752)	18640
(11211, 567)	18641
(18641, 111)	18642
(1045, 13875)	18643
(647, 264)	18644
(307, 2797)	18645
(265, 4815)	18646
(6861, 1969)	18647
(115, 341)	18648
(80, 262)	18649
(18649, 13877)	18650
(51, 1133)	18651
(67, 11213)	18652
(18652, 8198)	18653
(13878, 341)	18654
(68, 904)	18655
(256, 437)	18656
(315, 2815)	18657
(935, 338)	18658
(18658, 3467)	18659
(6116, 1194)	18660
(10107, 3208)	18661
(9445, 11213)	18662
(284, 1689)	18663
(259, 423)	18664
(32, 5714)	18665
(9445, 1660)	18666
(332, 2421)	18667
(13887, 264)	18668
(426, 105)	18669
(18669, 2762)	18670
(1786, 615)	18671
(303, 5189)	18672
(18672, 273)	18673
(521, 365)	18674
(18674, 102)	18675
(18675, 400)	18676
(66, 8224)	18677
(4172, 291)	18678
(39, 264)	18679
(351, 741)	18680
(18680, 7011)	18681
(103, 105)	18682
(71, 105)	18683
(18683, 13892)	18684
(8892, 3979)	18685
(290, 475)	18686
(13596, 13514)	18687
(18687, 73)	18688
(3191, 456)	18689
(18689, 2503)	18690
(999, 279)	18691
(18691, 481)	18692
(83, 4481)	18693
(18693, 5538)	18694
(71, 121)	18695
(18695, 2304)	18696
(18696, 114)	18697
(18697, 773)	18698
(13160, 13897)	18699
(10823, 341)	18700
(18700, 12410)	18701
(4791, 7129)	18702
(10178, 260)	18703
(1718, 702)	18704
(289, 658)	18705
(8242, 3303)	18706
(7347, 262)	18707
(281, 536)	18708
(18708, 262)	18709
(303, 589)	18710
(1446, 399)	18711
(18711, 562)	18712
(330, 4906)	18713
(18713, 397)	18714
(4896, 108)	18715
(18715, 8777)	18716
(2944, 1407)	18717
(18717, 546)	18718
(663, 373)	18719
(18719, 338)	18720
(18720, 294)	18721
(7823, 268)	18722
(11222, 105)	18723
(5831, 1591)	18724
(4046, 6727)	18725
(9503, 1412)	18726
(7247, 264)	18727
(434, 414)	18728
(9260, 9504)	18729
(468, 623)	18730
(2221, 97)	18731
(2984, 10632)	18732
(324, 1068)	18733
(18733, 121)	18734
(80, 3063)	18735
(67, 401)	18736
(18736, 899)	18737
(404, 7095)	18738
(404, 446)	18739
(18739, 371)	18740
(4127, 11224)	18741
(13108, 100)	18742
(18742, 414)	18743
(13919, 263)	18744
(986, 259)	18745
(6225, 259)	18746
(11211, 4258)	18747
(281, 1134)	18748
(18748, 476)	18749
(362, 385)	18750
(78, 11899)	18751
(18751, 13922)	18752
(2283, 13923)	18753
(1364, 10901)	18754
(3417, 339)	18755
(1935, 11224)	18756
(68, 1604)	18757
(355, 421)	18758
(324, 512)	18759
(350, 521)	18760
(18760, 346)	18761
(68, 271)	18762
(18762, 9293)	18763
(290, 78)	18764
(3719, 263)	18765
(1279, 319)	18766
(18766, 676)	18767
(289, 705)	18768
(47, 104)	18769
(72, 83)	18770
(2269, 653)	18771
(348, 512)	18772
(18772, 6069)	18773
(7300, 111)	18774
(70, 84)	18775
(4528, 433)	18776
(18776, 1108)	18777
(634, 259)	18778
(87, 2585)	18779
(350, 455)	18780
(791, 498)	18781
(277, 887)	18782
(18782, 12922)	18783
(13811, 438)	18784
(102, 7040)	18785
(316, 271)	18786
(360, 9510)	18787
(7099, 5821)	18788
(9512, 990)	18789
(102, 271)	18790
(7620, 715)	18791
(1391, 10381)	18792
(9513, 5168)	18793
(643, 10630)	18794
(74, 468)	18795
(18795, 397)	18796
(323, 305)	18797
(18797, 4001)	18798
(829, 670)	18799
(9329, 7109)	18800
(18800, 101)	18801
(68, 84)	18802
(257, 287)	18803
(101, 1693)	18804
(90, 467)	18805
(1517, 546)	18806
(287, 294)	18807
(2847, 291)	18808
(516, 5161)	18809
(1586, 11522)	18810
(281, 12813)	18811
(11234, 9464)	18812
(1441, 595)	18813
(271, 452)	18814
(324, 437)	18815
(2323, 97)	18816
(79, 65)	18817
(2343, 291)	18818
(1424, 115)	18819
(75, 317)	18820
(18820, 416)	18821
(272, 745)	18822
(18822, 436)	18823
(5427, 291)	18824
(13942, 13404)	18825
(2535, 505)	18826
(625, 3844)	18827
(18827, 346)	18828
(105, 71)	18829
(265, 2678)	18830
(18830, 435)	18831
(12424, 1752)	18832
(78, 2098)	18833
(4949, 1118)	18834
(7219, 715)	18835
(3803, 970)	18836
(315, 521)	18837
(115, 2354)	18838
(10895, 623)	18839
(493, 327)	18840
(18840, 121)	18841
(5618, 2539)	18842
(2986, 483)	18843
(76, 702)	18844
(8603, 9044)	18845
(52, 1897)	18846
(309, 4253)	18847
(18847, 116)	18848
(18848, 6254)	18849
(362, 1592)	18850
(299, 737)	18851
(72, 12356)	18852
(3818, 628)	18853
(307, 2026)	18854
(18854, 383)	18855
(1226, 304)	18856
(18856, 263)	18857
(112, 111)	18858
(13917, 115)	18859
(2137, 112)	18860
(360, 3276)	18861
(109, 316)	18862
(434, 3359)	18863
(203, 136)	18864
(9245, 68)	18865
(13315, 3844)	18866
(18866, 851)	18867
(84, 3243)	18868
(270, 1217)	18869
(18869, 592)	18870
(3346, 294)	18871
(314, 374)	18872
(535, 346)	18873
(3432, 6508)	18874
(4305, 376)	18875
(482, 107)	18876
(18876, 3212)	18877
(13694, 3212)	18878
(2541, 260)	18879
(2641, 3423)	18880
(1386, 339)	18881
(1112, 13955)	18882
(258, 433)	18883
(3699, 260)	18884
(5651, 5946)	18885
(347, 2211)	18886
(18886, 680)	18887
(18887, 2703)	18888
(362, 727)	18889
(409, 3842)	18890
(355, 467)	18891
(1071, 346)	18892
(9421, 336)	18893
(18893, 8208)	18894
(11030, 119)	18895
(18895, 2101)	18896
(8644, 13731)	18897
(80, 2713)	18898
(517, 5357)	18899
(1147, 121)	18900
(311, 1076)	18901
(3699, 121)	18902
(8685, 390)	18903
(298, 443)	18904
(18904, 3204)	18905
(18905, 534)	18906
(350, 73)	18907
(355, 2088)	18908
(8613, 316)	18909
(18909, 334)	18910
(1701, 5200)	18911
(3339, 833)	18912
(10631, 468)	18913
(523, 314)	18914
(18914, 1400)	18915
(9512, 449)	18916
(2060, 287)	18917
(18917, 416)	18918
(5275, 4406)	18919
(4127, 5656)	18920
(1782, 8129)	18921
(4363, 788)	18922
(290, 259)	18923
(18923, 13888)	18924
(317, 259)	18925
(1136, 3135)	18926
(2981, 1170)	18927
(11036, 546)	18928
(2755, 1861)	18929
(6996, 111)	18930
(7705, 637)	18931
(18931, 373)	18932
(7653, 338)	18933
(6983, 13968)	18934
(309, 88)	18935
(1042, 602)	18936
(307, 8901)	18937
(13973, 108)	18938
(18938, 3242)	18939
(71, 7874)	18940
(347, 1068)	18941
(7183, 428)	18942
(404, 515)	18943
(705, 264)	18944
(327, 1541)	18945
(5102, 7968)	18946
(591, 1329)	18947
(13453, 336)	18948
(8470, 1945)	18949
(2269, 2813)	18950
(1031, 706)	18951
(13974, 294)	18952
(3883, 1399)	18953
(307, 497)	18954
(18954, 294)	18955
(309, 11261)	18956
(309, 601)	18957
(3953, 1286)	18958
(18958, 13977)	18959
(1616, 435)	18960
(256, 271)	18961
(2658, 366)	18962
(3291, 728)	18963
(18963, 111)	18964
(3305, 6330)	18965
(8636, 267)	18966
(321, 98)	18967
(18967, 3249)	18968
(7621, 351)	18969
(18969, 3423)	18970
(4552, 5064)	18971
(370, 104)	18972
(18972, 114)	18973
(18973, 108)	18974
(18974, 458)	18975
(79, 11263)	18976
(13980, 782)	18977
(8711, 11267)	18978
(13981, 11267)	18979
(5162, 286)	18980
(277, 7635)	18981
(9119, 5887)	18982
(18982, 269)	18983
(3535, 11271)	18984
(6471, 11271)	18985
(4076, 825)	18986
(355, 12774)	18987
(2200, 105)	18988
(4392, 507)	18989
(2746, 260)	18990
(82, 1845)	18991
(18991, 97)	18992
(352, 1817)	18993
(209, 129)	18994
(79, 8257)	18995
(3061, 326)	18996
(18996, 1660)	18997
(67, 502)	18998
(120, 373)	18999
(1783, 260)	19000
(19000, 447)	19001
(1045, 1313)	19002
(19002, 11920)	19003
(19003, 5652)	19004
(13251, 3641)	19005
(7905, 5950)	19006
(19006, 644)	19007
(70, 680)	19008
(364, 542)	19009
(19009, 268)	19010
(8500, 974)	19011
(366, 291)	19012
(277, 745)	19013
(19013, 279)	19014
(19014, 534)	19015
(309, 5659)	19016
(74, 13988)	19017
(2595, 5820)	19018
(8177, 1793)	19019
(19019, 985)	19020
(9952, 967)	19021
(12685, 483)	19022
(299, 414)	19023
(1265, 363)	19024
(19024, 331)	19025
(8258, 863)	19026
(8259, 13994)	19027
(273, 638)	19028
(8259, 1241)	19029
(6369, 3386)	19030
(404, 2211)	19031
(19031, 260)	19032
(1415, 3182)	19033
(289, 373)	19034
(6697, 269)	19035
(821, 2941)	19036
(517, 452)	19037
(19037, 1262)	19038
(1938, 339)	19039
(5038, 573)	19040
(108, 325)	19041
(5839, 105)	19042
(19042, 4033)	19043
(7556, 623)	19044
(3892, 376)	19045
(669, 267)	19046
(1013, 109)	19047
(45, 638)	19048
(391, 115)	19049
(7480, 10940)	19050
(1831, 1597)	19051
(19051, 3167)	19052
(3953, 98)	19053
(465, 13280)	19054
(1448, 2495)	19055
(2331, 602)	19056
(3708, 1898)	19057
(323, 5974)	19058
(1922, 994)	19059
(310, 825)	19060
(14003, 685)	19061
(387, 6699)	19062
(379, 462)	19063
(1559, 1944)	19064
(19064, 1269)	19065
(270, 6699)	19066
(1559, 394)	19067
(19067, 793)	19068
(270, 11263)	19069
(47, 109)	19070
(1440, 406)	19071
(1975, 1749)	19072
(362, 1838)	19073
(77, 14009)	19074
(466, 13873)	19075
(13993, 3328)	19076
(2751, 72)	19077
(19077, 475)	19078
(2962, 1205)	19079
(1106, 7352)	19080
(3075, 901)	19081
(355, 8627)	19082
(290, 396)	19083
(484, 262)	19084
(364, 291)	19085
(3172, 269)	19086
(303, 13774)	19087
(7872, 264)	19088
(7872, 676)	19089
(307, 396)	19090
(19090, 1838)	19091
(1650, 1194)	19092
(1091, 462)	19093
(12641, 407)	19094
(19094, 383)	19095
(13754, 4208)	19096
(7943, 292)	19097
(1965, 3281)	19098
(78, 14017)	19099
(12717, 14019)	19100
(1045, 109)	19101
(19101, 1563)	19102
(19102, 260)	19103
(355, 863)	19104
(19104, 544)	19105
(19105, 12671)	19106
(4261, 1305)	19107
(2827, 2120)	19108
(19108, 4322)	19109
(1651, 944)	19110
(2344, 112)	19111
(19111, 4980)	19112
(3514, 101)	19113
(282, 101)	19114
(19114, 956)	19115
(67, 9533)	19116
(4600, 14023)	19117
(6044, 4238)	19118
(324, 3072)	19119
(19119, 105)	19120
(10199, 6167)	19121
(9269, 267)	19122
(67, 438)	19123
(19123, 676)	19124
(3365, 97)	19125
(2518, 316)	19126
(87, 257)	19127
(19127, 14027)	19128
(332, 314)	19129
(19129, 707)	19130
(7295, 65)	19131
(332, 3276)	19132
(362, 14028)	19133
(1140, 1450)	19134
(868, 50)	19135
(1673, 510)	19136
(2624, 119)	19137
(19137, 1252)	19138
(19138, 544)	19139
(19139, 101)	19140
(116, 12349)	19141
(3829, 471)	19142
(71, 305)	19143
(19143, 306)	19144
(6540, 537)	19145
(82, 273)	19146
(489, 510)	19147
(284, 1590)	19148
(6645, 3551)	19149
(2936, 115)	19150
(657, 3610)	19151
(5038, 1553)	19152
(473, 267)	19153
(2366, 2015)	19154
(3345, 13660)	19155
(11605, 78)	19156
(4140, 3639)	19157
(19157, 8101)	19158
(71, 951)	19159
(272, 446)	19160
(1965, 617)	19161
(3930, 2189)	19162
(294, 119)	19163
(2209, 2742)	19164
(1031, 6888)	19165
(7173, 112)	19166
(19166, 466)	19167
(19167, 257)	19168
(3789, 1660)	19169
(1399, 104)	19170
(303, 9533)	19171
(19171, 100)	19172
(19172, 117)	19173
(309, 4911)	19174
(19174, 159)	19175
(19175, 8798)	19176
(19176, 699)	19177
(5390, 715)	19178
(4786, 985)	19179
(350, 1686)	19180
(9874, 397)	19181
(360, 1613)	19182
(19182, 400)	19183
(67, 3497)	19184
(360, 2386)	19185
(19185, 286)	19186
(11300, 3852)	19187
(9540, 263)	19188
(2671, 645)	19189
(393, 366)	19190
(19190, 7675)	19191
(5586, 280)	19192
(848, 715)	19193
(2655, 630)	19194
(19194, 3249)	19195
(278, 11304)	19196
(121, 103)	19197
(468, 442)	19198
(9334, 573)	19199
(14049, 345)	19200
(1103, 1704)	19201
(350, 7356)	19202
(4817, 5309)	19203
(114, 601)	19204
(10751, 1898)	19205
(429, 279)	19206
(6262, 97)	19207
(1596, 741)	19208
(19208, 788)	19209
(2613, 267)	19210
(80, 101)	19211
(19211, 642)	19212
(280, 334)	19213
(19213, 8166)	19214
(1295, 280)	19215
(19215, 12017)	19216
(1620, 731)	19217
(1119, 468)	19218
(19218, 766)	19219
(71, 313)	19220
(311, 2489)	19221
(8766, 428)	19222
(112, 8268)	19223
(9123, 13030)	19224
(1528, 111)	19225
(84, 117)	19226
(19226, 1655)	19227
(855, 5599)	19228
(1463, 269)	19229
(9322, 1856)	19230
(541, 3067)	19231
(9876, 608)	19232
(9790, 9232)	19233
(1184, 13904)	19234
(1285, 1597)	19235
(19235, 264)	19236
(19236, 435)	19237
(5597, 110)	19238
(109, 705)	19239
(19239, 1128)	19240
(2417, 6494)	19241
(114, 645)	19242
(2024, 108)	19243
(19243, 414)	19244
(32, 510)	19245
(19245, 467)	19246
(19246, 416)	19247
(19247, 325)	19248
(3707, 446)	19249
(19249, 11042)	19250
(9281, 121)	19251
(76, 6025)	19252
(7629, 3559)	19253
(303, 8364)	19254
(19254, 4937)	19255
(19255, 97)	19256
(959, 4812)	19257
(852, 3551)	19258
(804, 2637)	19259
(2409, 3755)	19260
(4294, 5902)	19261
(19261, 3630)	19262
(19262, 381)	19263
(292, 1762)	19264
(4997, 10653)	19265
(13979, 718)	19266
(3028, 291)	19267
(355, 1968)	19268
(7160, 670)	19269
(2491, 696)	19270
(3616, 585)	19271
(3953, 87)	19272
(19272, 498)	19273
(826, 759)	19274
(391, 1641)	19275
(19275, 264)	19276
(82, 122)	19277
(19277, 12841)	19278
(299, 447)	19279
(447, 627)	19280
(6352, 70)	19281
(6352, 67)	19282
(1015, 390)	19283
(835, 100)	19284
(19284, 1120)	19285
(19285, 2900)	19286
(1013, 116)	19287
(19287, 6852)	19288
(298, 1113)	19289
(19289, 376)	19290
(329, 45)	19291
(10995, 1021)	19292
(5455, 5145)	19293
(74, 11321)	19294
(67, 4603)	19295
(347, 11321)	19296
(11076, 7146)	19297
(3015, 974)	19298
(284, 1294)	19299
(8320, 4627)	19300
(671, 262)	19301
(3926, 399)	19302
(5470, 825)	19303
(2523, 3167)	19304
(5111, 1151)	19305
(377, 13907)	19306
(76, 5228)	19307
(9404, 6667)	19308
(19308, 169)	19309
(19309, 99)	19310
(532, 6667)	19311
(19311, 141)	19312
(87, 264)	19313
(74, 396)	19314
(19314, 708)	19315
(8012, 257)	19316
(12405, 9296)	19317
(1588, 14068)	19318
(315, 13013)	19319
(10796, 7318)	19320
(66, 313)	19321
(1279, 291)	19322
(393, 318)	19323
(19323, 4406)	19324
(4225, 806)	19325
(350, 432)	19326
(5976, 103)	19327
(19327, 763)	19328
(8437, 830)	19329
(360, 313)	19330
(7949, 267)	19331
(1658, 496)	19332
(84, 115)	19333
(2301, 3359)	19334
(5505, 12128)	19335
(303, 669)	19336
(19336, 121)	19337
(2827, 8271)	19338
(4316, 677)	19339
(494, 802)	19340
(2945, 779)	19341
(6654, 49)	19342
(7219, 345)	19343
(1103, 107)	19344
(14078, 376)	19345
(98, 1012)	19346
(19346, 669)	19347
(347, 259)	19348
(420, 462)	19349
(6651, 1252)	19350
(1413, 1310)	19351
(1066, 110)	19352
(384, 7465)	19353
(2298, 699)	19354
(19354, 97)	19355
(1586, 275)	19356
(19356, 1083)	19357
(13940, 764)	19358
(362, 7473)	19359
(8274, 399)	19360
(8634, 287)	19361
(19361, 637)	19362
(315, 731)	19363
(19363, 1335)	19364
(338, 394)	19365
(19365, 1126)	19366
(19366, 105)	19367
(1651, 3960)	19368
(2652, 291)	19369
(14087, 269)	19370
(420, 3471)	19371
(764, 111)	19372
(3561, 10978)	19373
(1421, 645)	19374
(67, 677)	19375
(347, 11169)	19376
(87, 334)	19377
(19377, 562)	19378
(68, 9556)	19379
(3564, 6623)	19380
(7099, 1861)	19381
(303, 14096)	19382
(348, 5590)	19383
(350, 4930)	19384
(350, 658)	19385
(1347, 310)	19386
(84, 7721)	19387
(68, 1310)	19388
(72, 3641)	19389
(4690, 5309)	19390
(3191, 6747)	19391
(3535, 416)	19392
(19392, 600)	19393
(1031, 14104)	19394
(3106, 2444)	19395
(307, 464)	19396
(83, 5576)	19397
(72, 6142)	19398
(324, 13328)	19399
(2059, 319)	19400
(8261, 105)	19401
(4700, 1927)	19402
(116, 802)	19403
(14111, 592)	19404
(13883, 5491)	19405
(281, 1266)	19406
(11775, 280)	19407
(73, 109)	19408
(19408, 6143)	19409
(6483, 6143)	19410
(5822, 3306)	19411
(649, 115)	19412
(74, 4342)	19413
(6356, 104)	19414
(19414, 14115)	19415
(284, 6573)	19416
(19416, 373)	19417
(13092, 279)	19418
(19418, 6254)	19419
(1448, 6786)	19420
(7290, 692)	19421
(14116, 111)	19422
(8700, 1323)	19423
(11234, 13677)	19424
(8396, 269)	19425
(394, 314)	19426
(1764, 970)	19427
(4552, 1516)	19428
(19428, 1075)	19429
(19429, 114)	19430
(309, 4667)	19431
(82, 787)	19432
(2501, 1508)	19433
(67, 3055)	19434
(19434, 4420)	19435
(3106, 101)	19436
(484, 3495)	19437
(324, 1087)	19438
(19438, 4133)	19439
(68, 264)	19440
(2731, 1378)	19441
(466, 111)	19442
(420, 445)	19443
(4839, 825)	19444
(5413, 121)	19445
(12052, 11349)	19446
(19446, 104)	19447
(19447, 1006)	19448
(89, 301)	19449
(441, 121)	19450
(75, 279)	19451
(663, 105)	19452
(19452, 9171)	19453
(78, 14125)	19454
(5529, 1205)	19455
(1013, 273)	19456
(19456, 310)	19457
(19457, 286)	19458
(327, 280)	19459
(286, 807)	19460
(90, 13457)	19461
(19461, 4176)	19462
(19462, 5300)	19463
(300, 359)	19464
(19464, 2042)	19465
(19465, 4652)	19466
(13884, 3518)	19467
(1286, 267)	19468
(392, 291)	19469
(78, 647)	19470
(9503, 4999)	19471
(7867, 1261)	19472
(4887, 8632)	19473
(9306, 1730)	19474
(9281, 14129)	19475
(71, 13665)	19476
(1172, 122)	19477
(19477, 381)	19478
(19478, 692)	19479
(19479, 104)	19480
(19480, 341)	19481
(19481, 854)	19482
(19482, 3141)	19483
(14130, 14131)	19484
(11701, 4868)	19485
(1103, 334)	19486
(362, 1368)	19487
(360, 392)	19488
(5610, 5003)	19489
(323, 14134)	19490
(510, 97)	19491
(360, 287)	19492
(14112, 1412)	19493
(11352, 262)	19494
(71, 1038)	19495
(19495, 316)	19496
(19496, 5825)	19497
(1251, 9252)	19498
(19498, 14135)	19499
(8351, 11356)	19500
(350, 9568)	19501
(14139, 267)	19502
(1304, 1878)	19503
(2283, 628)	19504
(110, 437)	19505
(4705, 802)	19506
(69, 2930)	19507
(14147, 260)	19508
(284, 405)	19509
(14149, 6509)	19510
(2099, 3264)	19511
(19511, 956)	19512
(1786, 449)	19513
(19513, 262)	19514
(281, 379)	19515
(343, 98)	19516
(19516, 3825)	19517
(117, 291)	19518
(5780, 2546)	19519
(6425, 1220)	19520
(2586, 2868)	19521
(6126, 708)	19522
(71, 8269)	19523
(303, 2561)	19524
(13793, 14016)	19525
(1446, 10335)	19526
(6275, 97)	19527
(535, 97)	19528
(7273, 399)	19529
(7723, 14162)	19530
(361, 260)	19531
(19531, 1802)	19532
(14165, 1353)	19533
(285, 658)	19534
(11300, 112)	19535
(19535, 2604)	19536
(19536, 1435)	19537
(434, 8790)	19538
(1362, 13990)	19539
(2118, 693)	19540
(2091, 2402)	19541
(854, 116)	19542
(68, 1104)	19543
(19543, 260)	19544
(14128, 9019)	19545
(364, 14171)	19546
(484, 101)	19547
(4649, 97)	19548
(347, 67)	19549
(11147, 471)	19550
(2286, 100)	19551
(1089, 416)	19552
(7220, 5300)	19553
(2433, 464)	19554
(370, 365)	19555
(350, 535)	19556
(19556, 280)	19557
(305, 121)	19558
(364, 1150)	19559
(13144, 4825)	19560
(324, 706)	19561
(19561, 5836)	19562
(76, 8205)	19563
(6949, 1217)	19564
(19564, 111)	19565
(83, 269)	19566
(2959, 1126)	19567
(45, 2692)	19568
(19568, 291)	19569
(1223, 2199)	19570
(44, 1812)	19571
(4022, 14179)	19572
(704, 263)	19573
(4727, 97)	19574
(384, 105)	19575
(19575, 1488)	19576
(1080, 53)	19577
(290, 14183)	19578
(272, 537)	19579
(4276, 267)	19580
(5258, 510)	19581
(19581, 269)	19582
(3544, 336)	19583
(19583, 731)	19584
(9375, 262)	19585
(7853, 731)	19586
(300, 854)	19587
(1242, 11349)	19588
(377, 2084)	19589
(80, 1677)	19590
(19590, 14191)	19591
(3901, 13853)	19592
(66, 976)	19593
(311, 2591)	19594
(5881, 1655)	19595
(9989, 414)	19596
(13346, 3244)	19597
(70, 106)	19598
(19598, 10833)	19599
(19599, 3755)	19600
(19600, 97)	19601
(9406, 381)	19602
(11068, 98)	19603
(19603, 11770)	19604
(19604, 316)	19605
(477, 107)	19606
(19606, 2226)	19607
(19607, 1776)	19608
(13047, 365)	19609
(391, 4447)	19610
(364, 316)	19611
(19611, 6028)	19612
(78, 685)	19613
(3396, 115)	19614
(4027, 623)	19615
(10676, 2444)	19616
(323, 2102)	19617
(19617, 2441)	19618
(19618, 13927)	19619
(68, 11392)	19620
(907, 8294)	19621
(100, 11392)	19622
(3558, 10443)	19623
(503, 8011)	19624
(3935, 105)	19625
(1221, 105)	19626
(953, 4081)	19627
(9780, 1205)	19628
(955, 7528)	19629
(1031, 3950)	19630
(323, 330)	19631
(9572, 4999)	19632
(6641, 2615)	19633
(1831, 12240)	19634
(2677, 291)	19635
(320, 680)	19636
(19636, 3537)	19637
(74, 453)	19638
(19638, 13857)	19639
(19639, 1592)	19640
(19640, 121)	19641
(106, 438)	19642
(8110, 967)	19643
(284, 510)	19644
(13932, 122)	19645
(2836, 645)	19646
(1782, 102)	19647
(307, 567)	19648
(19648, 1783)	19649
(364, 449)	19650
(2003, 339)	19651
(337, 35)	19652
(720, 713)	19653
(19653, 11396)	19654
(19654, 6024)	19655
(532, 8837)	19656
(299, 1599)	19657
(1448, 304)	19658
(19658, 2686)	19659
(12588, 87)	19660
(19660, 73)	19661
(19661, 69)	19662
(4591, 333)	19663
(7082, 1744)	19664
(19664, 286)	19665
(13563, 788)	19666
(289, 4254)	19667
(80, 2514)	19668
(19668, 105)	19669
(3485, 279)	19670
(19670, 1297)	19671
(309, 4128)	19672
(76, 111)	19673
(11043, 784)	19674
(3156, 9069)	19675
(955, 6439)	19676
(7277, 334)	19677
(19677, 14211)	19678
(357, 102)	19679
(19679, 1471)	19680
(13703, 788)	19681
(360, 9579)	19682
(2745, 287)	19683
(19683, 7583)	19684
(351, 2762)	19685
(76, 533)	19686
(19686, 1412)	19687
(323, 7875)	19688
(9580, 399)	19689
(355, 383)	19690
(9578, 3329)	19691
(930, 268)	19692
(846, 115)	19693
(66, 6568)	19694
(19694, 4056)	19695
(11989, 268)	19696
(72, 111)	19697
(19697, 521)	19698
(489, 680)	19699
(620, 13444)	19700
(1725, 267)	19701
(468, 13373)	19702
(19702, 13603)	19703
(4246, 4144)	19704
(1030, 279)	19705
(4134, 13276)	19706
(4780, 269)	19707
(5624, 13220)	19708
(6760, 14226)	19709
(8516, 79)	19710
(9562, 7318)	19711
(19711, 1205)	19712
(384, 9699)	19713
(349, 6345)	19714
(678, 2199)	19715
(323, 5150)	19716
(303, 3998)	19717
(11217, 6052)	19718
(2256, 752)	19719
(8106, 970)	19720
(4502, 5981)	19721
(11903, 1143)	19722
(7223, 266)	19723
(9523, 1105)	19724
(4010, 190)	19725
(19725, 4010)	19726
(11410, 4010)	19727
(11410, 424)	19728
(19728, 141)	19729
(14052, 97)	19730
(356, 273)	19731
(19731, 1945)	19732
(19732, 105)	19733
(389, 262)	19734
(884, 863)	19735
(14237, 336)	19736
(459, 4576)	19737
(11894, 14238)	19738
(19738, 6132)	19739
(663, 99)	19740
(14239, 1597)	19741
(19741, 257)	19742
(1646, 642)	19743
(450, 6176)	19744
(355, 615)	19745
(19745, 3696)	19746
(324, 2161)	19747
(5914, 601)	19748
(504, 103)	19749
(2959, 2713)	19750
(19750, 97)	19751
(303, 301)	19752
(19752, 2426)	19753
(2036, 873)	19754
(517, 1146)	19755
(19755, 573)	19756
(4312, 73)	19757
(6954, 968)	19758
(19758, 1395)	19759
(19759, 105)	19760
(50, 1125)	19761
(2344, 416)	19762
(6159, 1436)	19763
(370, 9245)	19764
(19764, 78)	19765
(4378, 14243)	19766
(1519, 1261)	19767
(2880, 8446)	19768
(9008, 401)	19769
(19769, 3705)	19770
(9319, 736)	19771
(348, 956)	19772
(295, 106)	19773
(19773, 1126)	19774
(14244, 3580)	19775
(7377, 400)	19776
(547, 103)	19777
(19777, 1848)	19778
(19778, 414)	19779
(323, 266)	19780
(19780, 271)	19781
(99, 1693)	19782
(634, 6519)	19783
(523, 280)	19784
(19784, 685)	19785
(78, 271)	19786
(19786, 103)	19787
(19787, 266)	19788
(324, 4510)	19789
(290, 5087)	19790
(10811, 1128)	19791
(1030, 689)	19792
(19792, 2503)	19793
(72, 1038)	19794
(19794, 291)	19795
(7180, 510)	19796
(83, 330)	19797
(19797, 6951)	19798
(14253, 291)	19799
(309, 4151)	19800
(39, 259)	19801
(2908, 10755)	19802
(13167, 10867)	19803
(8573, 2868)	19804
(5607, 3328)	19805
(303, 7154)	19806
(1620, 304)	19807
(19807, 474)	19808
(72, 5094)	19809
(19809, 3835)	19810
(3165, 343)	19811
(924, 1108)	19812
(355, 943)	19813
(75, 11416)	19814
(434, 11416)	19815
(14070, 3044)	19816
(77, 785)	19817
(12762, 11015)	19818
(11581, 4508)	19819
(76, 336)	19820
(83, 263)	19821
(19821, 3997)	19822
(1673, 1528)	19823
(19823, 562)	19824
(19824, 122)	19825
(498, 122)	19826
(77, 2923)	19827
(387, 8249)	19828
(68, 5580)	19829
(360, 14262)	19830
(19830, 86)	19831
(67, 8301)	19832
(78, 14264)	19833
(89, 441)	19834
(19834, 438)	19835
(8106, 373)	19836
(6548, 586)	19837
(364, 1869)	19838
(459, 441)	19839
(19839, 5714)	19840
(2918, 4933)	19841
(83, 11424)	19842
(290, 11424)	19843
(4246, 9033)	19844
(6547, 2011)	19845
(281, 4132)	19846
(19846, 5194)	19847
(426, 98)	19848
(7322, 7362)	19849
(711, 12712)	19850
(83, 83)	19851
(2986, 97)	19852
(34, 8428)	19853
(13587, 2219)	19854
(2293, 14275)	19855
(348, 12398)	19856
(82, 9455)	19857
(51, 4578)	19858
(9779, 1853)	19859
(8259, 330)	19860
(10165, 615)	19861
(19861, 731)	19862
(3901, 1310)	19863
(11628, 1005)	19864
(19864, 428)	19865
(328, 7984)	19866
(5527, 121)	19867
(19867, 273)	19868
(8287, 1461)	19869
(1172, 4403)	19870
(19870, 718)	19871
(2209, 2539)	19872
(517, 713)	19873
(3771, 259)	19874
(14279, 110)	19875
(19875, 3990)	19876
(323, 14280)	19877
(1221, 2172)	19878
(19878, 267)	19879
(1343, 715)	19880
(3508, 807)	19881
(19881, 5516)	19882
(8185, 317)	19883
(9128, 280)	19884
(2564, 2903)	19885
(1596, 97)	19886
(362, 1363)	19887
(76, 1363)	19888
(11245, 327)	19889
(9430, 111)	19890
(66, 438)	19891
(19891, 3630)	19892
(826, 696)	19893
(964, 53)	19894
(82, 871)	19895
(13221, 3513)	19896
(19896, 7302)	19897
(12814, 1287)	19898
(3156, 333)	19899
(285, 498)	19900
(8240, 7593)	19901
(2959, 14289)	19902
(51, 1274)	19903
(69, 259)	19904
(3469, 118)	19905
(19905, 392)	19906
(8766, 7993)	19907
(5450, 372)	19908
(1728, 1869)	19909
(277, 1834)	19910
(84, 2392)	19911
(9574, 267)	19912
(13859, 1929)	19913
(8068, 2359)	19914
(45, 114)	19915
(19915, 414)	19916
(2269, 699)	19917
(364, 10322)	19918
(19918, 557)	19919
(560, 108)	19920
(19920, 8915)	19921
(900, 98)	19922
(4703, 478)	19923
(14169, 351)	19924
(348, 669)	19925
(19925, 105)	19926
(9595, 486)	19927
(3156, 2591)	19928
(2269, 675)	19929
(19929, 7123)	19930
(19930, 802)	19931
(1260, 685)	19932
(311, 65)	19933
(4051, 341)	19934
(19934, 1001)	19935
(3859, 2257)	19936
(801, 8564)	19937
(4609, 346)	19938
(13471, 919)	19939
(9572, 6704)	19940
(1275, 13845)	19941
(2099, 6165)	19942
(5977, 383)	19943
(1251, 8688)	19944
(75, 3641)	19945
(1735, 644)	19946
(5114, 291)	19947
(350, 9367)	19948
(10021, 264)	19949
(80, 1104)	19950
(826, 3969)	19951
(7276, 9419)	19952
(68, 5620)	19953
(3344, 677)	19954
(107, 834)	19955
(14245, 570)	19956
(19956, 119)	19957
(19957, 1087)	19958
(6413, 8306)	19959
(11622, 345)	19960
(2935, 1075)	19961
(33, 632)	19962
(67, 5869)	19963
(1513, 97)	19964
(360, 5556)	19965
(323, 1033)	19966
(19966, 985)	19967
(8764, 260)	19968
(4064, 371)	19969
(19969, 2362)	19970
(404, 14309)	19971
(360, 7702)	19972
(2905, 116)	19973
(19973, 558)	19974
(83, 14310)	19975
(71, 6855)	19976
(70, 2678)	19977
(19977, 376)	19978
(324, 1041)	19979
(71, 9604)	19980
(19980, 9676)	19981
(1364, 416)	19982
(2209, 5909)	19983
(19983, 111)	19984
(67, 327)	19985
(19985, 400)	19986
(19986, 1261)	19987
(7935, 14314)	19988
(434, 741)	19989
(19989, 264)	19990
(6540, 14315)	19991
(4888, 161)	19992
(1045, 268)	19993
(19993, 279)	19994
(10132, 115)	19995
(303, 5150)	19996
(195, 141)	19997
(3415, 568)	19998
(4271, 984)	19999
(6373, 115)	20000
(20000, 105)	20001
(454, 568)	20002
(75, 82)	20003
(1140, 105)	20004
(20004, 1208)	20005
(1446, 103)	20006
(20006, 338)	20007
(2722, 2101)	20008
(2383, 287)	20009
(76, 5764)	20010
(20010, 638)	20011
(355, 2503)	20012
(978, 14327)	20013
(32, 693)	20014
(20014, 10495)	20015
(20015, 14328)	20016
(11008, 677)	20017
(347, 14329)	20018
(71, 423)	20019
(10651, 260)	20020
(77, 1055)	20021
(20021, 8915)	20022
(885, 763)	20023
(321, 401)	20024
(20024, 469)	20025
(82, 619)	20026
(20026, 115)	20027
(3143, 14332)	20028
(2272, 2008)	20029
(11054, 67)	20030
(14334, 8273)	20031
(8878, 615)	20032
(20032, 442)	20033
(2297, 14335)	20034
(8477, 3141)	20035
(7198, 67)	20036
(510, 752)	20037
(4969, 8278)	20038
(332, 464)	20039
(20039, 346)	20040
(14340, 115)	20041
(332, 3476)	20042
(4336, 45)	20043
(32, 991)	20044
(2256, 544)	20045
(311, 107)	20046
(277, 111)	20047
(20047, 271)	20048
(5532, 2435)	20049
(20049, 2924)	20050
(324, 6006)	20051
(7142, 865)	20052
(11167, 13869)	20053
(362, 106)	20054
(20054, 609)	20055
(20055, 106)	20056
(20056, 1838)	20057
(3754, 372)	20058
(20058, 4145)	20059
(20059, 7145)	20060
(3897, 365)	20061
(20061, 390)	20062
(13998, 1083)	20063
(10753, 2199)	20064
(47, 274)	20065
(67, 14345)	20066
(73, 6272)	20067
(955, 334)	20068
(73, 2999)	20069
(20069, 8160)	20070
(394, 2860)	20071
(20071, 116)	20072
(20072, 3565)	20073
(299, 11815)	20074
(20074, 466)	20075
(420, 2895)	20076
(75, 766)	20077
(3892, 6559)	20078
(68, 11450)	20079
(355, 11450)	20080
(78, 5411)	20081
(20081, 400)	20082
(1242, 871)	20083
(303, 443)	20084
(20084, 1838)	20085
(309, 2639)	20086
(1737, 11940)	20087
(8655, 2615)	20088
(83, 66)	20089
(68, 70)	20090
(14351, 462)	20091
(84, 8981)	20092
(490, 13849)	20093
(13399, 264)	20094
(285, 2101)	20095
(2432, 291)	20096
(9270, 333)	20097
(2907, 122)	20098
(20098, 1929)	20099
(10868, 3821)	20100
(9088, 2435)	20101
(14232, 1861)	20102
(20102, 271)	20103
(10834, 11458)	20104
(9265, 11458)	20105
(4305, 764)	20106
(1015, 764)	20107
(67, 11285)	20108
(79, 607)	20109
(484, 4852)	20110
(20110, 589)	20111
(5830, 266)	20112
(1015, 4056)	20113
(14056, 4547)	20114
(20114, 313)	20115
(708, 105)	20116
(13928, 506)	20117
(20117, 9162)	20118
(489, 3640)	20119
(20119, 115)	20120
(32, 470)	20121
(20121, 318)	20122
(14362, 3249)	20123
(10675, 325)	20124
(348, 13559)	20125
(6195, 1817)	20126
(10594, 273)	20127
(704, 116)	20128
(74, 682)	20129
(20129, 3869)	20130
(1975, 8317)	20131
(1782, 115)	20132
(80, 121)	20133
(20133, 14364)	20134
(84, 731)	20135
(20135, 688)	20136
(8200, 782)	20137
(1356, 331)	20138
(9814, 4067)	20139
(7344, 5249)	20140
(20140, 275)	20141
(355, 73)	20142
(20142, 3270)	20143
(4558, 466)	20144
(20144, 4487)	20145
(347, 7393)	20146
(9716, 1351)	20147
(65, 9937)	20148
(20148, 4752)	20149
(323, 3395)	20150
(20150, 11544)	20151
(20151, 3141)	20152
(277, 436)	20153
(9845, 5481)	20154
(591, 2542)	20155
(7234, 4332)	20156
(20156, 1128)	20157
(10405, 310)	20158
(20158, 411)	20159
(370, 8235)	20160
(503, 2957)	20161
(1398, 471)	20162
(3161, 1461)	20163
(514, 2956)	20164
(663, 557)	20165
(6436, 102)	20166
(20166, 376)	20167
(8236, 2590)	20168
(1130, 53)	20169
(4233, 379)	20170
(20170, 313)	20171
(303, 401)	20172
(20172, 11029)	20173
(303, 13820)	20174
(8918, 750)	20175
(1919, 291)	20176
(2528, 116)	20177
(1773, 14050)	20178
(48, 53)	20179
(13560, 267)	20180
(3358, 6300)	20181
(20181, 331)	20182
(335, 686)	20183
(9164, 4145)	20184
(20184, 693)	20185
(362, 437)	20186
(20186, 6028)	20187
(10713, 87)	20188
(112, 1351)	20189
(1398, 462)	20190
(517, 7582)	20191
(20191, 115)	20192
(281, 1592)	20193
(20193, 11396)	20194
(1189, 50)	20195
(404, 11474)	20196
(1610, 54)	20197
(6512, 260)	20198
(20198, 262)	20199
(1362, 11474)	20200
(434, 411)	20201
(277, 521)	20202
(350, 1521)	20203
(362, 414)	20204
(370, 1476)	20205
(20205, 13164)	20206
(915, 788)	20207
(1814, 669)	20208
(6440, 645)	20209
(6003, 1473)	20210
(58, 7856)	20211
(4691, 346)	20212
(6755, 1305)	20213
(355, 6438)	20214
(309, 669)	20215
(10681, 101)	20216
(256, 283)	20217
(20217, 1243)	20218
(6442, 119)	20219
(20219, 851)	20220
(82, 271)	20221
(20221, 338)	20222
(20222, 14259)	20223
(1632, 12990)	20224
(8885, 13789)	20225
(20225, 13960)	20226
(4686, 262)	20227
(7558, 314)	20228
(20228, 1084)	20229
(4365, 14174)	20230
(4365, 2219)	20231
(90, 275)	20232
(20232, 11280)	20233
(20233, 1899)	20234
(20234, 12232)	20235
(309, 11448)	20236
(75, 334)	20237
(20237, 14290)	20238
(434, 13664)	20239
(20239, 3869)	20240
(350, 1105)	20241
(72, 809)	20242
(20242, 486)	20243
(20243, 264)	20244
(7910, 5790)	20245
(20245, 336)	20246
(68, 11977)	20247
(20247, 414)	20248
(9370, 446)	20249
(20249, 866)	20250
(67, 428)	20251
(20251, 14389)	20252
(554, 9978)	20253
(466, 428)	20254
(1695, 338)	20255
(68, 1113)	20256
(20256, 397)	20257
(1695, 13504)	20258
(65, 341)	20259
(20259, 351)	20260
(9372, 264)	20261
(5405, 14392)	20262
(407, 1730)	20263
(11634, 317)	20264
(20264, 873)	20265
(1782, 13947)	20266
(20266, 1084)	20267
(1347, 327)	20268
(20268, 3482)	20269
(84, 14397)	20270
(45, 1194)	20271
(10203, 294)	20272
(79, 6154)	20273
(80, 379)	20274
(20274, 5248)	20275
(8854, 3249)	20276
(1119, 1508)	20277
(3120, 115)	20278
(377, 909)	20279
(20279, 6704)	20280
(3441, 14399)	20281
(884, 737)	20282
(5958, 623)	20283
(3564, 100)	20284
(20284, 283)	20285
(3813, 14400)	20286
(2145, 2055)	20287
(69, 452)	20288
(20288, 14402)	20289
(9913, 97)	20290
(378, 108)	20291
(307, 2247)	20292
(14242, 659)	20293
(14396, 854)	20294
(11959, 11485)	20295
(4594, 11485)	20296
(4617, 97)	20297
(6533, 2905)	20298
(20298, 4353)	20299
(4880, 676)	20300
(20300, 6673)	20301
(1803, 105)	20302
(9154, 264)	20303
(20303, 14312)	20304
(106, 5712)	20305
(78, 483)	20306
(10880, 316)	20307
(1549, 305)	20308
(85, 7396)	20309
(66, 680)	20310
(20310, 392)	20311
(77, 400)	20312
(309, 14414)	20313
(2559, 259)	20314
(355, 197)	20315
(20315, 190)	20316
(20316, 1399)	20317
(20317, 111)	20318
(11757, 1499)	20319
(7181, 1499)	20320
(14168, 595)	20321
(678, 99)	20322
(20322, 12280)	20323
(20323, 2978)	20324
(7951, 13020)	20325
(14415, 1998)	20326
(14420, 316)	20327
(3267, 638)	20328
(4424, 2282)	20329
(1369, 116)	20330
(20330, 1911)	20331
(639, 8322)	20332
(4673, 269)	20333
(1060, 1508)	20334
(20334, 423)	20335
(4199, 414)	20336
(14428, 471)	20337
(409, 5685)	20338
(20338, 469)	20339
(20339, 8326)	20340
(20340, 534)	20341
(2523, 358)	20342
(20342, 291)	20343
(14430, 73)	20344
(20344, 5686)	20345
(14431, 5274)	20346
(835, 88)	20347
(300, 2036)	20348
(20348, 565)	20349
(1014, 8329)	20350
(300, 1436)	20351
(20351, 287)	20352
(20352, 5277)	20353
(384, 499)	20354
(11503, 115)	20355
(4200, 446)	20356
(20356, 802)	20357
(79, 1117)	20358
(9630, 3662)	20359
(11505, 823)	20360
(494, 346)	20361
(2586, 11508)	20362
(20362, 9636)	20363
(9639, 266)	20364
(20364, 263)	20365
(46, 82)	20366
(404, 9640)	20367
(14440, 115)	20368
(109, 768)	20369
(295, 331)	20370
(20370, 4950)	20371
(9642, 703)	20372
(45, 14441)	20373
(9643, 280)	20374
(20374, 669)	20375
(503, 271)	20376
(20376, 704)	20377
(3524, 9645)	20378
(303, 2587)	20379
(364, 919)	20380
(20380, 262)	20381
(1132, 799)	20382
(78, 1163)	20383
(293, 98)	20384
(20384, 14444)	20385
(5280, 97)	20386
(20386, 286)	20387
(309, 1968)	20388
(20388, 8329)	20389
(11513, 11508)	20390
(20390, 825)	20391
(14445, 331)	20392
(20392, 896)	20393
(8337, 101)	20394
(20394, 266)	20395
(2000, 97)	20396
(9658, 585)	20397
(14451, 676)	20398
(300, 11520)	20399
(20399, 763)	20400
(315, 623)	20401
(2655, 11521)	20402
(1680, 399)	20403
(298, 3278)	20404
(712, 1749)	20405
(20405, 14462)	20406
(429, 727)	20407
(20407, 453)	20408
(20408, 330)	20409
(20409, 365)	20410
(1132, 4679)	20411
(20411, 984)	20412
(20412, 4212)	20413
(20413, 269)	20414
(2407, 108)	20415
(20415, 650)	20416
(20416, 267)	20417
(6170, 120)	20418
(20418, 480)	20419
(20419, 294)	20420
(554, 6171)	20421
(20421, 1750)	20422
(282, 807)	20423
(14464, 2588)	20424
(4435, 11522)	20425
(281, 9663)	20426
(20426, 6728)	20427
(4023, 115)	20428
(50, 1133)	20429
(78, 14466)	20430
(2459, 4684)	20431
(1320, 2727)	20432
(84, 4688)	20433
(8349, 2797)	20434
(9671, 8350)	20435
(353, 1751)	20436
(639, 546)	20437
(68, 2530)	20438
(20438, 6733)	20439
(84, 483)	20440
(1239, 2730)	20441
(7418, 291)	20442
(5700, 115)	20443
(315, 9680)	20444
(324, 2532)	20445
(840, 2359)	20446
(14486, 8355)	20447
(4968, 376)	20448
(1460, 260)	20449
(295, 558)	20450
(20450, 102)	20451
(1851, 1373)	20452
(2982, 115)	20453
(384, 2593)	20454
(300, 6740)	20455
(5709, 8364)	20456
(324, 1550)	20457
(20457, 264)	20458
(20458, 706)	20459
(8366, 336)	20460
(20460, 11544)	20461
(1556, 98)	20462
(20462, 1240)	20463
(20463, 14500)	20464
(915, 336)	20465
(20465, 110)	20466
(20466, 2077)	20467
(20467, 976)	20468
(6190, 1393)	20469
(1892, 14502)	20470
(39, 273)	20471
(2880, 14505)	20472
(45, 3172)	20473
(307, 1033)	20474
(20474, 313)	20475
(20475, 6746)	20476
(450, 2004)	20477
(20477, 346)	20478
(3535, 14510)	20479
(6195, 292)	20480
(14511, 402)	20481
(711, 14513)	20482
(6196, 345)	20483
(6197, 414)	20484
(1558, 5716)	20485
(20485, 291)	20486
(2986, 374)	20487
(2199, 99)	20488
(20488, 4448)	20489
(1582, 689)	20490
(20490, 269)	20491
(1149, 9699)	20492
(554, 2361)	20493
(20493, 115)	20494
(8370, 2046)	20495
(14486, 14502)	20496
(4452, 119)	20497
(20497, 598)	20498
(14516, 345)	20499
(1637, 97)	20500
(1035, 345)	20501
(2107, 14517)	20502
(5295, 14517)	20503
(8378, 750)	20504
(11566, 692)	20505
(102, 5722)	20506
(14523, 273)	20507
(20507, 381)	20508
(14523, 283)	20509
(3291, 8380)	20510
(20510, 14500)	20511
(14524, 327)	20512
(20512, 8381)	20513
(20513, 333)	20514
(20514, 14525)	20515
(7439, 373)	20516
(20516, 943)	20517
(3400, 680)	20518
(20518, 117)	20519
(2291, 100)	20520
(20520, 1972)	20521
(4224, 273)	20522
(732, 363)	20523
(299, 586)	20524
(20524, 260)	20525
(20525, 336)	20526
(1831, 3537)	20527
(5288, 286)	20528
(2883, 273)	20529
(2869, 11572)	20530
(9708, 14532)	20531
(625, 438)	20532
(20532, 266)	20533
(320, 286)	20534
(20534, 257)	20535
(1687, 498)	20536
(5272, 449)	20537
(2991, 3292)	20538
(391, 105)	20539
(20539, 316)	20540
(20540, 904)	20541
(14543, 601)	20542
(6210, 99)	20543
(20543, 2539)	20544
(20544, 1310)	20545
(3540, 316)	20546
(20546, 14545)	20547
(2143, 410)	20548
(20548, 6757)	20549
(11581, 6212)	20550
(3084, 358)	20551
(20551, 1263)	20552
(20552, 97)	20553
(11549, 1553)	20554
(348, 619)	20555
(20555, 6213)	20556
(14548, 327)	20557
(9716, 9717)	20558
(20558, 99)	20559
(20559, 676)	20560
(14551, 327)	20561
(20561, 8329)	20562
(678, 1393)	20563
(20563, 589)	20564
(20564, 1078)	20565
(14551, 7444)	20566
(4961, 115)	20567
(14548, 9720)	20568
(3854, 121)	20569
(11588, 115)	20570
(1601, 766)	20571
(1264, 346)	20572
(8394, 260)	20573
(335, 8395)	20574
(6218, 3085)	20575
(360, 917)	20576
(20576, 286)	20577
(2243, 267)	20578
(393, 2005)	20579
(1030, 676)	20580
(490, 257)	20581
(20581, 428)	20582
(299, 435)	20583
(1546, 8398)	20584
(83, 11593)	20585
(1267, 436)	20586
(837, 3292)	20587
(3859, 4239)	20588
(309, 7447)	20589
(1549, 14562)	20590
(7450, 267)	20591
(9728, 1457)	20592
(45, 7445)	20593
(418, 283)	20594
(20594, 259)	20595
(20595, 14566)	20596
(277, 1999)	20597
(384, 374)	20598
(20598, 310)	20599
(326, 5736)	20600
(490, 3179)	20601
(20601, 8400)	20602
(11603, 2046)	20603
(11603, 271)	20604
(1548, 100)	20605
(9730, 14566)	20606
(545, 2204)	20607
(6221, 291)	20608
(1362, 3076)	20609
(20609, 267)	20610
(72, 8403)	20611
(1013, 14576)	20612
(20612, 304)	20613
(9733, 11605)	20614
(5307, 7453)	20615
(2044, 1752)	20616
(2301, 1294)	20617
(924, 396)	20618
(20618, 5309)	20619
(3408, 9735)	20620
(1320, 521)	20621
(20621, 8409)	20622
(11607, 291)	20623
(11608, 115)	20624
(7434, 2117)	20625
(315, 983)	20626
(1016, 14579)	20627
(9736, 2421)	20628
(116, 1660)	20629
(20629, 98)	20630
(20630, 4241)	20631
(1660, 118)	20632
(20632, 6770)	20633
(2118, 304)	20634
(3410, 715)	20635
(300, 589)	20636
(20636, 5744)	20637
(14589, 807)	20638
(66, 336)	20639
(20639, 271)	20640
(20640, 365)	20641
(311, 11614)	20642
(1735, 6771)	20643
(6225, 3184)	20644
(8411, 14591)	20645
(290, 828)	20646
(20646, 14592)	20647
(20647, 3687)	20648
(11618, 9737)	20649
(20649, 4243)	20650
(3550, 833)	20651
(2892, 50)	20652
(14593, 1667)	20653
(20653, 466)	20654
(2603, 4978)	20655
(2893, 271)	20656
(20656, 1205)	20657
(14594, 645)	20658
(11622, 471)	20659
(11623, 344)	20660
(20660, 692)	20661
(20661, 399)	20662
(2605, 14595)	20663
(1152, 313)	20664
(20664, 11624)	20665
(356, 9739)	20666
(2200, 14596)	20667
(9740, 314)	20668
(20668, 589)	20669
(20669, 262)	20670
(8412, 346)	20671
(668, 2008)	20672
(298, 3183)	20673
(20673, 379)	20674
(20674, 638)	20675
(20675, 1473)	20676
(1582, 98)	20677
(11628, 106)	20678
(20678, 264)	20679
(3837, 537)	20680
(20680, 1001)	20681
(560, 97)	20682
(20682, 1019)	20683
(20683, 264)	20684
(362, 530)	20685
(20685, 264)	20686
(5314, 114)	20687
(20687, 98)	20688
(5315, 2152)	20689
(20689, 117)	20690
(20690, 909)	20691
(4246, 2157)	20692
(14604, 14605)	20693
(290, 1252)	20694
(20694, 118)	20695
(20695, 399)	20696
(4247, 1323)	20697
(303, 346)	20698
(1949, 1950)	20699
(4224, 534)	20700
(20700, 14605)	20701
(324, 14606)	20702
(303, 3865)	20703
(14610, 266)	20704
(14610, 7465)	20705
(66, 97)	20706
(20706, 14591)	20707
(3188, 49)	20708
(309, 8413)	20709
(20709, 2207)	20710
(20710, 3300)	20711
(45, 6231)	20712
(3301, 264)	20713
(20713, 14620)	20714
(2669, 101)	20715
(14623, 267)	20716
(11634, 996)	20717
(1535, 121)	20718
(6779, 421)	20719
(20719, 374)	20720
(20720, 1323)	20721
(3191, 273)	20722
(20722, 257)	20723
(2606, 943)	20724
(511, 339)	20725
(1827, 336)	20726
(20726, 313)	20727
(7470, 692)	20728
(5756, 4253)	20729
(14638, 374)	20730
(20730, 3303)	20731
(39, 2209)	20732
(20732, 14639)	20733
(14640, 336)	20734
(977, 14620)	20735
(8425, 704)	20736
(20736, 402)	20737
(342, 1033)	20738
(20738, 5322)	20739
(1278, 14646)	20740
(762, 108)	20741
(20741, 266)	20742
(4028, 115)	20743
(11641, 471)	20744
(14623, 592)	20745
(6782, 345)	20746
(581, 11642)	20747
(1464, 442)	20748
(300, 530)	20749
(20749, 402)	20750
(14650, 1205)	20751
(70, 14651)	20752
(8428, 617)	20753
(20753, 394)	20754
(20754, 287)	20755
(20755, 318)	20756
(20756, 97)	20757
(11554, 1407)	20758
(11646, 676)	20759
(14658, 4254)	20760
(4046, 14659)	20761
(20761, 4721)	20762
(1442, 5758)	20763
(67, 1376)	20764
(20764, 319)	20765
(20765, 263)	20766
(20766, 676)	20767
(3413, 2426)	20768
(2886, 564)	20769
(20769, 116)	20770
(20770, 14666)	20771
(277, 1813)	20772
(20772, 1378)	20773
(282, 107)	20774
(20774, 573)	20775
(2083, 491)	20776
(4249, 1151)	20777
(321, 2164)	20778
(500, 109)	20779
(20779, 2374)	20780
(1584, 462)	20781
(9758, 283)	20782
(20782, 99)	20783
(20783, 115)	20784
(309, 1305)	20785
(3094, 1783)	20786
(362, 14670)	20787
(11654, 115)	20788
(293, 917)	20789
(20789, 3306)	20790
(1981, 728)	20791
(20791, 460)	20792
(792, 264)	20793
(835, 8433)	20794
(20794, 115)	20795
(14674, 402)	20796
(4994, 14675)	20797
(5325, 7477)	20798
(86, 14679)	20799
(9760, 573)	20800
(3666, 5761)	20801
(1501, 14687)	20802
(450, 6786)	20803
(20803, 558)	20804
(20804, 1252)	20805
(324, 2374)	20806
(20806, 97)	20807
(999, 327)	20808
(20808, 562)	20809
(6241, 399)	20810
(309, 305)	20811
(20811, 108)	20812
(20812, 2120)	20813
(4992, 392)	20814
(9769, 1220)	20815
(3557, 267)	20816
(3558, 2815)	20817
(11672, 9770)	20818
(3177, 3306)	20819
(9771, 1626)	20820
(503, 316)	20821
(20821, 343)	20822
(14701, 115)	20823
(1242, 3269)	20824
(1152, 14702)	20825
(258, 1222)	20826
(20826, 14596)	20827
(9762, 823)	20828
(9773, 264)	20829
(20829, 2999)	20830
(20830, 262)	20831
(11674, 14708)	20832
(45, 3097)	20833
(20833, 8442)	20834
(20834, 562)	20835
(14713, 1101)	20836
(2540, 763)	20837
(2085, 14719)	20838
(6788, 3869)	20839
(20839, 7465)	20840
(48, 9775)	20841
(5002, 56)	20842
(6788, 14719)	20843
(3191, 965)	20844
(20844, 14720)	20845
(20845, 2672)	20846
(434, 1626)	20847
(20847, 97)	20848
(9778, 2040)	20849
(11664, 873)	20850
(8444, 2040)	20851
(9779, 6791)	20852
(434, 1351)	20853
(1519, 107)	20854
(20854, 2427)	20855
(20855, 2744)	20856
(418, 5003)	20857
(20857, 326)	20858
(20858, 3423)	20859
(915, 102)	20860
(20860, 14727)	20861
(663, 115)	20862
(20862, 4056)	20863
(14728, 2591)	20864
(429, 3085)	20865
(20865, 107)	20866
(289, 5765)	20867
(20867, 1222)	20868
(11691, 537)	20869
(20869, 7488)	20870
(3871, 5761)	20871
(270, 318)	20872
(20872, 5767)	20873
(20873, 280)	20874
(434, 14732)	20875
(20875, 9783)	20876
(299, 6794)	20877
(20877, 4057)	20878
(8348, 442)	20879
(289, 5329)	20880
(20880, 1968)	20881
(20881, 381)	20882
(290, 688)	20883
(20883, 264)	20884
(1644, 14733)	20885
(309, 1110)	20886
(4700, 743)	20887
(300, 528)	20888
(2368, 291)	20889
(2249, 259)	20890
(20890, 1853)	20891
(14734, 113)	20892
(20892, 1376)	20893
(20893, 275)	20894
(285, 6246)	20895
(20895, 866)	20896
(7490, 3559)	20897
(11701, 82)	20898
(1949, 268)	20899
(20899, 11705)	20900
(1814, 98)	20901
(20901, 286)	20902
(11706, 686)	20903
(20903, 121)	20904
(303, 14744)	20905
(265, 498)	20906
(86, 3697)	20907
(20907, 77)	20908
(2907, 11709)	20909
(32, 681)	20910
(5698, 8451)	20911
(20911, 1108)	20912
(434, 441)	20913
(20913, 1105)	20914
(9789, 4263)	20915
(290, 7499)	20916
(20916, 107)	20917
(20917, 4487)	20918
(2984, 269)	20919
(20919, 1006)	20920
(20920, 104)	20921
(762, 101)	20922
(20922, 14757)	20923
(9790, 3281)	20924
(14758, 14759)	20925
(409, 686)	20926
(20926, 345)	20927
(3425, 345)	20928
(8453, 14762)	20929
(14763, 3872)	20930
(20930, 374)	20931
(8454, 2871)	20932
(3874, 2214)	20933
(20933, 707)	20934
(4731, 412)	20935
(20935, 389)	20936
(4491, 55)	20937
(1891, 11724)	20938
(8382, 291)	20939
(283, 530)	20940
(937, 57)	20941
(51, 694)	20942
(362, 11727)	20943
(14777, 331)	20944
(426, 608)	20945
(20945, 602)	20946
(4733, 7511)	20947
(3427, 705)	20948
(20948, 7512)	20949
(83, 428)	20950
(20950, 1120)	20951
(20951, 1817)	20952
(1401, 693)	20953
(9798, 14782)	20954
(1347, 273)	20955
(3194, 2426)	20956
(20956, 105)	20957
(726, 14783)	20958
(261, 11737)	20959
(20959, 645)	20960
(14784, 7516)	20961
(14785, 280)	20962
(6258, 445)	20963
(3171, 417)	20964
(11740, 3416)	20965
(20965, 498)	20966
(6814, 316)	20967
(377, 14786)	20968
(2553, 2161)	20969
(20969, 417)	20970
(289, 381)	20971
(20971, 109)	20972
(20972, 417)	20973
(8459, 345)	20974
(560, 562)	20975
(9802, 14790)	20976
(1815, 2667)	20977
(20977, 6815)	20978
(4268, 336)	20979
(11651, 336)	20980
(14658, 14796)	20981
(1442, 7517)	20982
(4268, 7517)	20983
(860, 7517)	20984
(348, 1032)	20985
(20985, 9803)	20986
(1646, 105)	20987
(20987, 7518)	20988
(1017, 115)	20989
(6818, 7445)	20990
(14802, 339)	20991
(1442, 1068)	20992
(45, 976)	20993
(20993, 14666)	20994
(547, 713)	20995
(1735, 9805)	20996
(2301, 4066)	20997
(284, 9806)	20998
(20998, 585)	20999
(2544, 116)	21000
(503, 8462)	21001
(353, 103)	21002
(21002, 4067)	21003
(837, 14807)	21004
(5776, 14807)	21005
(924, 3568)	21006
(21006, 623)	21007
(3079, 115)	21008
(6820, 866)	21009
(792, 1984)	21010
(21010, 9803)	21011
(532, 14811)	21012
(8468, 4021)	21013
(21013, 291)	21014
(2821, 696)	21015
(1008, 374)	21016
(21016, 271)	21017
(11748, 376)	21018
(335, 9811)	21019
(315, 5778)	21020
(8471, 708)	21021
(4270, 14816)	21022
(503, 2598)	21023
(321, 107)	21024
(503, 6821)	21025
(2737, 280)	21026
(1214, 1335)	21027
(21027, 260)	21028
(884, 1337)	21029
(920, 273)	21030
(66, 5779)	21031
(11753, 5779)	21032
(459, 3006)	21033
(348, 3696)	21034
(83, 14824)	21035
(34, 14825)	21036
(72, 1436)	21037
(21037, 260)	21038
(21038, 400)	21039
(8477, 2050)	21040
(6262, 11755)	21041
(11756, 5781)	21042
(1774, 97)	21043
(8480, 339)	21044
(14833, 2153)	21045
(326, 102)	21046
(21046, 1273)	21047
(21047, 802)	21048
(9817, 292)	21049
(5015, 7528)	21050
(2090, 115)	21051
(21051, 967)	21052
(7404, 2803)	21053
(11757, 280)	21054
(290, 5016)	21055
(955, 619)	21056
(21056, 291)	21057
(299, 512)	21058
(21058, 1025)	21059
(5315, 627)	21060
(76, 3879)	21061
(1858, 938)	21062
(2107, 1479)	21063
(300, 5018)	21064
(21064, 346)	21065
(2249, 327)	21066
(21066, 11590)	21067
(5019, 112)	21068
(21068, 645)	21069
(324, 5773)	21070
(5694, 486)	21071
(1944, 11765)	21072
(1119, 338)	21073
(21073, 1853)	21074
(489, 1488)	21075
(270, 6271)	21076
(9826, 1604)	21077
(484, 871)	21078
(21078, 6272)	21079
(21079, 101)	21080
(80, 111)	21081
(21081, 1604)	21082
(812, 11728)	21083
(71, 457)	21084
(1347, 11771)	21085
(2286, 358)	21086
(21086, 478)	21087
(6756, 478)	21088
(1013, 14847)	21089
(3886, 14847)	21090
(3710, 294)	21091
(353, 371)	21092
(21092, 570)	21093
(11773, 105)	21094
(2796, 115)	21095
(11774, 4057)	21096
(11776, 2528)	21097
(3886, 1190)	21098
(21098, 6836)	21099
(14858, 1101)	21100
(116, 615)	21101
(21101, 317)	21102
(98, 2683)	21103
(21103, 1262)	21104
(14859, 3318)	21105
(14859, 1354)	21106
(1441, 455)	21107
(21107, 336)	21108
(9829, 2528)	21109
(99, 4502)	21110
(21110, 11779)	21111
(14860, 259)	21112
(21112, 358)	21113
(21113, 442)	21114
(9829, 11780)	21115
(885, 1301)	21116
(349, 441)	21117
(2232, 11781)	21118
(1924, 263)	21119
(21119, 2528)	21120
(2407, 14861)	21121
(9829, 4057)	21122
(21122, 1252)	21123
(14862, 259)	21124
(3854, 115)	21125
(921, 267)	21126
(6744, 286)	21127
(2824, 105)	21128
(4270, 1750)	21129
(342, 1355)	21130
(1717, 996)	21131
(2586, 683)	21132
(4074, 260)	21133
(11785, 1672)	21134
(355, 6284)	21135
(21135, 1240)	21136
(21136, 105)	21137
(378, 8374)	21138
(5021, 3176)	21139
(490, 112)	21140
(21140, 572)	21141
(21141, 267)	21142
(45, 2825)	21143
(21143, 9836)	21144
(11787, 396)	21145
(9837, 1641)	21146
(347, 692)	21147
(2751, 1235)	21148
(350, 121)	21149
(21149, 104)	21150
(21150, 7537)	21151
(290, 279)	21152
(21152, 4277)	21153
(7539, 305)	21154
(21154, 1972)	21155
(450, 1001)	21156
(21156, 1531)	21157
(14879, 5790)	21158
(21158, 7540)	21159
(924, 1318)	21160
(21160, 269)	21161
(9845, 693)	21162
(47, 5023)	21163
(71, 5360)	21164
(3716, 264)	21165
(21165, 677)	21166
(83, 565)	21167
(364, 2056)	21168
(21168, 305)	21169
(21169, 331)	21170
(21170, 343)	21171
(1503, 105)	21172
(21172, 6849)	21173
(68, 330)	21174
(21174, 3438)	21175
(2171, 9820)	21176
(2016, 267)	21177
(7544, 286)	21178
(21178, 314)	21179
(21179, 263)	21180
(4270, 2217)	21181
(1112, 6851)	21182
(21182, 689)	21183
(21183, 4721)	21184
(34, 7543)	21185
(7545, 6816)	21186
(21186, 400)	21187
(2488, 573)	21188
(6294, 628)	21189
(21189, 110)	21190
(14894, 1802)	21191
(75, 8504)	21192
(290, 562)	21193
(21193, 14757)	21194
(11783, 968)	21195
(353, 902)	21196
(21196, 2871)	21197
(11754, 115)	21198
(21198, 4508)	21199
(4509, 14902)	21200
(1112, 266)	21201
(21201, 477)	21202
(7548, 14903)	21203
(6297, 1004)	21204
(9857, 283)	21205
(1786, 782)	21206
(11803, 668)	21207
(21207, 1894)	21208
(14912, 1170)	21209
(21209, 280)	21210
(2789, 692)	21211
(4750, 3072)	21212
(1891, 11805)	21213
(6857, 11807)	21214
(2491, 1043)	21215
(1924, 1361)	21216
(21216, 266)	21217
(77, 11808)	21218
(8512, 264)	21219
(21219, 402)	21220
(2288, 341)	21221
(21221, 4752)	21222
(14926, 467)	21223
(21223, 330)	21224
(434, 925)	21225
(21225, 3221)	21226
(434, 1376)	21227
(21227, 273)	21228
(21228, 11813)	21229
(75, 8516)	21230
(1219, 317)	21231
(282, 585)	21232
(265, 428)	21233
(290, 11814)	21234
(21234, 11815)	21235
(8517, 9868)	21236
(7552, 5799)	21237
(14930, 267)	21238
(7553, 97)	21239
(663, 3580)	21240
(323, 11816)	21241
(14931, 2435)	21242
(3108, 807)	21243
(8519, 718)	21244
(1919, 442)	21245
(5307, 373)	21246
(21246, 304)	21247
(9874, 693)	21248
(290, 5029)	21249
(21249, 269)	21250
(926, 264)	21251
(21251, 2219)	21252
(918, 313)	21253
(21253, 111)	21254
(9875, 788)	21255
(2883, 111)	21256
(21256, 267)	21257
(918, 111)	21258
(299, 1318)	21259
(21259, 540)	21260
(337, 14938)	21261
(44, 14938)	21262
(9876, 865)	21263
(4756, 268)	21264
(1538, 1911)	21265
(2147, 14941)	21266
(450, 4758)	21267
(21267, 339)	21268
(14944, 14945)	21269
(21269, 592)	21270
(918, 14946)	21271
(2283, 105)	21272
(409, 965)	21273
(21273, 14947)	21274
(5373, 2542)	21275
(66, 751)	21276
(21276, 9880)	21277
(9881, 2406)	21278
(9881, 3669)	21279
(3110, 2921)	21280
(1066, 267)	21281
(21281, 5804)	21282
(47, 14949)	21283
(9883, 1409)	21284
(5805, 3328)	21285
(14950, 563)	21286
(21286, 1471)	21287
(14952, 14953)	21288
(7561, 108)	21289
(21289, 400)	21290
(8528, 3329)	21291
(9887, 1407)	21292
(9888, 460)	21293
(1410, 116)	21294
(3725, 365)	21295
(21295, 1563)	21296
(9890, 112)	21297
(21297, 713)	21298
(68, 739)	21299
(21299, 271)	21300
(3111, 268)	21301
(21301, 1972)	21302
(424, 160)	21303
(929, 412)	21304
(21304, 417)	21305
(454, 354)	21306
(21306, 683)	21307
(6867, 260)	21308
(1172, 764)	21309
(21309, 534)	21310
(5380, 1563)	21311
(1570, 14967)	21312
(6308, 8532)	21313
(3901, 1461)	21314
(5038, 2565)	21315
(2220, 8465)	21316
(14741, 11837)	21317
(90, 110)	21318
(21318, 1252)	21319
(21319, 1292)	21320
(11836, 402)	21321
(11838, 400)	21322
(71, 615)	21323
(21323, 3296)	21324
(299, 1899)	21325
(21325, 6311)	21326
(21326, 118)	21327
(21327, 3902)	21328
(1295, 8535)	21329
(45, 3734)	21330
(21330, 2190)	21331
(9905, 766)	21332
(9909, 172)	21333
(21333, 8540)	21334
(14978, 216)	21335
(21335, 170)	21336
(7570, 11851)	21337
(21337, 8541)	21338
(21338, 6875)	21339
(21339, 14979)	21340
(21340, 5042)	21341
(4764, 40)	21342
(5043, 106)	21343
(5384, 334)	21344
(21344, 2362)	21345
(1924, 6321)	21346
(45, 763)	21347
(309, 106)	21348
(21348, 316)	21349
(6194, 1167)	21350
(9911, 830)	21351
(5307, 117)	21352
(21352, 8544)	21353
(8432, 1262)	21354
(115, 3447)	21355
(76, 14985)	21356
(362, 2005)	21357
(320, 9915)	21358
(348, 334)	21359
(726, 292)	21360
(77, 834)	21361
(21361, 397)	21362
(355, 14992)	21363
(6877, 14993)	21364
(67, 787)	21365
(21365, 6324)	21366
(5387, 121)	21367
(45, 262)	21368
(45, 2257)	21369
(1559, 117)	21370
(4089, 9735)	21371
(940, 703)	21372
(357, 6326)	21373
(289, 4522)	21374
(39, 909)	21375
(7559, 11860)	21376
(7576, 5387)	21377
(1045, 7577)	21378
(45, 11861)	21379
(2988, 2539)	21380
(11862, 97)	21381
(1651, 822)	21382
(5756, 397)	21383
(34, 9921)	21384
(999, 6331)	21385
(6883, 304)	21386
(21386, 2811)	21387
(320, 1110)	21388
(21388, 592)	21389
(4293, 11866)	21390
(11868, 3300)	21391
(1045, 510)	21392
(21392, 717)	21393
(21393, 1262)	21394
(290, 535)	21395
(21395, 333)	21396
(21396, 481)	21397
(765, 118)	21398
(21398, 275)	21399
(21399, 442)	21400
(6822, 402)	21401
(4294, 15008)	21402
(84, 11870)	21403
(50, 776)	21404
(32, 1346)	21405
(1075, 97)	21406
(15010, 417)	21407
(9931, 319)	21408
(21408, 3867)	21409
(1646, 411)	21410
(21410, 2762)	21411
(21411, 400)	21412
(8562, 415)	21413
(21413, 460)	21414
(21414, 400)	21415
(2459, 338)	21416
(21416, 1538)	21417
(21417, 269)	21418
(1885, 1565)	21419
(256, 9928)	21420
(21420, 462)	21421
(15012, 5821)	21422
(6885, 2199)	21423
(299, 728)	21424
(21424, 262)	21425
(21425, 15014)	21426
(21426, 97)	21427
(9935, 1429)	21428
(21428, 689)	21429
(21429, 115)	21430
(261, 6334)	21431
(1410, 291)	21432
(5051, 140)	21433
(21433, 11880)	21434
(560, 105)	21435
(21435, 2924)	21436
(5823, 15022)	21437
(289, 4066)	21438
(2060, 15022)	21439
(265, 273)	21440
(21440, 512)	21441
(21441, 421)	21442
(348, 689)	21443
(21443, 15023)	21444
(21444, 1186)	21445
(663, 573)	21446
(79, 9937)	21447
(21447, 5825)	21448
(5824, 104)	21449
(21449, 352)	21450
(21450, 121)	21451
(21451, 106)	21452
(45, 9938)	21453
(2912, 273)	21454
(21454, 373)	21455
(9623, 9939)	21456
(11884, 263)	21457
(21457, 1032)	21458
(21458, 105)	21459
(21459, 2362)	21460
(6890, 280)	21461
(21461, 292)	21462
(2485, 535)	21463
(21463, 365)	21464
(21464, 107)	21465
(15028, 273)	21466
(21466, 1599)	21467
(484, 263)	21468
(21468, 3454)	21469
(21469, 306)	21470
(21470, 352)	21471
(21471, 7583)	21472
(11740, 6337)	21473
(21473, 107)	21474
(2696, 1531)	21475
(7478, 1389)	21476
(6893, 1902)	21477
(360, 1962)	21478
(21478, 478)	21479
(2382, 8547)	21480
(14894, 15035)	21481
(21481, 5018)	21482
(4246, 9944)	21483
(21483, 15037)	21484
(21484, 116)	21485
(9946, 15039)	21486
(370, 330)	21487
(21487, 467)	21488
(21488, 2730)	21489
(978, 103)	21490
(21490, 1706)	21491
(1438, 4262)	21492
(14604, 1186)	21493
(2926, 111)	21494
(1045, 11891)	21495
(21495, 2503)	21496
(80, 371)	21497
(21497, 417)	21498
(15043, 1220)	21499
(45, 5346)	21500
(3661, 100)	21501
(21501, 1439)	21502
(11894, 8572)	21503
(8573, 708)	21504
(672, 15051)	21505
(7589, 338)	21506
(7590, 267)	21507
(348, 11899)	21508
(21508, 105)	21509
(1211, 331)	21510
(21510, 474)	21511
(11903, 99)	21512
(21512, 7593)	21513
(434, 3314)	21514
(21514, 2444)	21515
(1701, 354)	21516
(21516, 6213)	21517
(15059, 11880)	21518
(7594, 537)	21519
(21519, 330)	21520
(21520, 670)	21521
(8577, 9956)	21522
(1167, 108)	21523
(1458, 115)	21524
(500, 9959)	21525
(11910, 707)	21526
(4276, 1962)	21527
(47, 9817)	21528
(21528, 5309)	21529
(11912, 442)	21530
(1610, 50)	21531
(1250, 11915)	21532
(108, 15071)	21533
(724, 115)	21534
(21534, 3318)	21535
(384, 6803)	21536
(4097, 291)	21537
(1214, 306)	21538
(855, 381)	21539
(256, 595)	21540
(21540, 14759)	21541
(1519, 11920)	21542
(307, 4266)	21543
(21543, 359)	21544
(21544, 3208)	21545
(84, 72)	21546
(6906, 341)	21547
(21547, 359)	21548
(21548, 4098)	21549
(52, 3523)	21550
(308, 53)	21551
(6352, 296)	21552
(45, 1476)	21553
(21553, 2661)	21554
(11925, 15083)	21555
(2147, 1186)	21556
(409, 1704)	21557
(308, 56)	21558
(5839, 573)	21559
(1052, 1834)	21560
(11927, 9974)	21561
(529, 11928)	21562
(7605, 294)	21563
(1988, 6354)	21564
(5771, 260)	21565
(9977, 9978)	21566
(1060, 116)	21567
(2550, 505)	21568
(1332, 108)	21569
(21569, 2005)	21570
(5843, 267)	21571
(300, 1222)	21572
(3104, 557)	21573
(15097, 627)	21574
(256, 264)	21575
(258, 15101)	21576
(387, 7609)	21577
(21577, 15102)	21578
(14860, 11940)	21579
(2224, 4508)	21580
(116, 15111)	21581
(3928, 269)	21582
(298, 2923)	21583
(256, 15111)	21584
(272, 750)	21585
(907, 327)	21586
(21586, 802)	21587
(15114, 286)	21588
(364, 11939)	21589
(9835, 956)	21590
(11952, 2117)	21591
(315, 15071)	21592
(7462, 589)	21593
(9992, 527)	21594
(5350, 676)	21595
(65, 1540)	21596
(21596, 15118)	21597
(299, 802)	21598
(9993, 919)	21599
(4444, 15119)	21600
(1009, 1167)	21601
(307, 919)	21602
(21602, 257)	21603
(21603, 2199)	21604
(21604, 358)	21605
(2293, 268)	21606
(21606, 9994)	21607
(21607, 11955)	21608
(15125, 1006)	21609
(21609, 2135)	21610
(21610, 268)	21611
(11957, 715)	21612
(361, 15132)	21613
(11927, 411)	21614
(21614, 3903)	21615
(404, 11956)	21616
(1545, 954)	21617
(8606, 291)	21618
(8607, 3929)	21619
(21619, 645)	21620
(11959, 8609)	21621
(1778, 596)	21622
(517, 1381)	21623
(21623, 267)	21624
(4306, 279)	21625
(11962, 11963)	21626
(1915, 373)	21627
(21627, 3083)	21628
(2271, 5804)	21629
(2605, 863)	21630
(284, 6771)	21631
(1103, 317)	21632
(21632, 2190)	21633
(3928, 330)	21634
(21634, 1220)	21635
(45, 1981)	21636
(21636, 3551)	21637
(15139, 101)	21638
(998, 101)	21639
(21639, 117)	21640
(21640, 447)	21641
(21641, 291)	21642
(11968, 291)	21643
(4785, 267)	21644
(45, 3125)	21645
(8613, 1727)	21646
(323, 11970)	21647
(1013, 2333)	21648
(21648, 1318)	21649
(21649, 346)	21650
(1720, 339)	21651
(15147, 115)	21652
(1265, 6925)	21653
(21653, 477)	21654
(350, 5016)	21655
(348, 5411)	21656
(5062, 334)	21657
(1052, 432)	21658
(357, 2088)	21659
(21659, 7445)	21660
(15149, 10006)	21661
(10007, 344)	21662
(21662, 606)	21663
(11972, 103)	21664
(21664, 602)	21665
(350, 313)	21666
(21666, 1261)	21667
(362, 338)	21668
(21668, 383)	21669
(11973, 1658)	21670
(360, 2509)	21671
(21671, 15156)	21672
(7629, 2392)	21673
(357, 112)	21674
(21674, 98)	21675
(21675, 745)	21676
(4308, 3869)	21677
(3906, 1297)	21678
(6368, 5853)	21679
(3905, 5854)	21680
(323, 6928)	21681
(76, 374)	21682
(324, 1563)	21683
(21683, 1749)	21684
(21684, 557)	21685
(988, 702)	21686
(6370, 2165)	21687
(3160, 115)	21688
(21688, 2701)	21689
(1413, 667)	21690
(484, 11977)	21691
(356, 1564)	21692
(10019, 11979)	21693
(5416, 5064)	21694
(7632, 2678)	21695
(21695, 104)	21696
(21696, 627)	21697
(926, 111)	21698
(11986, 101)	21699
(67, 396)	21700
(21700, 5820)	21701
(67, 1870)	21702
(21702, 1297)	21703
(404, 1626)	21704
(2286, 11988)	21705
(281, 1497)	21706
(21706, 7633)	21707
(21707, 417)	21708
(5701, 2388)	21709
(2745, 985)	21710
(84, 3835)	21711
(21711, 627)	21712
(9686, 449)	21713
(356, 259)	21714
(21714, 2924)	21715
(15171, 573)	21716
(11989, 105)	21717
(21717, 1113)	21718
(15172, 901)	21719
(315, 325)	21720
(272, 271)	21721
(21721, 99)	21722
(21722, 3663)	21723
(21723, 452)	21724
(21724, 313)	21725
(15179, 570)	21726
(21726, 2080)	21727
(21727, 398)	21728
(21728, 105)	21729
(11787, 475)	21730
(347, 589)	21731
(21731, 493)	21732
(21732, 708)	21733
(361, 2194)	21734
(21734, 5779)	21735
(311, 4793)	21736
(284, 399)	21737
(21737, 110)	21738
(21738, 1269)	21739
(307, 11996)	21740
(21740, 115)	21741
(4089, 3281)	21742
(1517, 7638)	21743
(6760, 3208)	21744
(8635, 407)	21745
(11999, 115)	21746
(634, 2978)	21747
(112, 1608)	21748
(21748, 339)	21749
(711, 8342)	21750
(906, 1591)	21751
(21751, 8637)	21752
(21752, 5758)	21753
(12002, 12003)	21754
(4731, 101)	21755
(21755, 317)	21756
(290, 608)	21757
(21757, 117)	21758
(8640, 2441)	21759
(89, 1376)	21760
(3079, 330)	21761
(21761, 873)	21762
(12007, 1682)	21763
(7645, 462)	21764
(362, 731)	21765
(21765, 481)	21766
(3321, 441)	21767
(21767, 2744)	21768
(196, 128)	21769
(21769, 4795)	21770
(12014, 225)	21771
(21771, 184)	21772
(21772, 165)	21773
(21773, 121)	21774
(21774, 8643)	21775
(15189, 316)	21776
(21776, 264)	21777
(1544, 865)	21778
(1253, 3179)	21779
(21779, 366)	21780
(4723, 373)	21781
(15191, 305)	21782
(15191, 12017)	21783
(1815, 109)	21784
(21784, 114)	21785
(21785, 6380)	21786
(21786, 2703)	21787
(14978, 5076)	21788
(21788, 3735)	21789
(7570, 216)	21790
(21790, 163)	21791
(21791, 15193)	21792
(21792, 15194)	21793
(21793, 131)	21794
(21794, 5042)	21795
(1271, 99)	21796
(21796, 1318)	21797
(21797, 267)	21798
(12018, 122)	21799
(21799, 305)	21800
(1815, 406)	21801
(21801, 798)	21802
(21802, 101)	21803
(1782, 406)	21804
(2918, 3934)	21805
(1154, 481)	21806
(591, 379)	21807
(8644, 110)	21808
(21808, 1471)	21809
(1782, 105)	21810
(2099, 15196)	21811
(2935, 330)	21812
(21812, 1105)	21813
(1448, 15201)	21814
(15202, 110)	21815
(3128, 745)	21816
(355, 15203)	21817
(3678, 331)	21818
(6911, 104)	21819
(21819, 10037)	21820
(324, 291)	21821
(885, 1674)	21822
(2016, 279)	21823
(2272, 105)	21824
(1573, 10038)	21825
(21825, 346)	21826
(4227, 10039)	21827
(2908, 3029)	21828
(15206, 330)	21829
(21829, 585)	21830
(15114, 3083)	21831
(112, 392)	21832
(21832, 325)	21833
(962, 116)	21834
(21834, 304)	21835
(21835, 1059)	21836
(775, 5300)	21837
(100, 262)	21838
(1924, 656)	21839
(3886, 98)	21840
(655, 3660)	21841
(21841, 116)	21842
(21842, 455)	21843
(21843, 3227)	21844
(391, 530)	21845
(21845, 15211)	21846
(11912, 871)	21847
(1683, 111)	21848
(34, 15214)	21849
(9871, 3388)	21850
(15216, 5690)	21851
(3760, 259)	21852
(293, 338)	21853
(21853, 259)	21854
(1778, 8653)	21855
(634, 358)	21856
(21856, 7649)	21857
(12026, 1126)	21858
(5876, 6938)	21859
(404, 330)	21860
(21860, 1461)	21861
(2602, 527)	21862
(8654, 2117)	21863
(15222, 73)	21864
(532, 114)	21865
(21865, 4066)	21866
(84, 363)	21867
(21867, 15223)	21868
(21868, 6383)	21869
(10047, 259)	21870
(15224, 1287)	21871
(5081, 351)	21872
(21872, 306)	21873
(21873, 4548)	21874
(4094, 2080)	21875
(21875, 4297)	21876
(45, 8657)	21877
(2224, 645)	21878
(5422, 3036)	21879
(103, 611)	21880
(21880, 478)	21881
(1428, 12036)	21882
(6894, 121)	21883
(1036, 867)	21884
(4200, 5022)	21885
(21885, 267)	21886
(15231, 433)	21887
(21887, 8658)	21888
(10050, 809)	21889
(21889, 2251)	21890
(6947, 9752)	21891
(21891, 2938)	21892
(12040, 260)	21893
(277, 656)	21894
(4028, 984)	21895
(21895, 1162)	21896
(2137, 779)	21897
(21897, 392)	21898
(15236, 267)	21899
(54, 4491)	21900
(7653, 505)	21901
(3095, 715)	21902
(8593, 530)	21903
(1440, 11781)	21904
(4550, 383)	21905
(21905, 618)	21906
(4786, 8663)	21907
(290, 3221)	21908
(12052, 1660)	21909
(21909, 2396)	21910
(484, 8442)	21911
(21911, 294)	21912
(21912, 105)	21913
(4552, 1953)	21914
(70, 3381)	21915
(21915, 66)	21916
(639, 1435)	21917
(15249, 693)	21918
(3886, 7657)	21919
(3431, 6951)	21920
(21920, 428)	21921
(8448, 4239)	21922
(15251, 105)	21923
(3608, 2218)	21924
(21924, 121)	21925
(15251, 121)	21926
(15253, 498)	21927
(10065, 623)	21928
(15255, 339)	21929
(324, 3609)	21930
(21930, 6396)	21931
(355, 1252)	21932
(21932, 14708)	21933
(299, 4715)	21934
(15258, 260)	21935
(21935, 314)	21936
(15259, 260)	21937
(21937, 1779)	21938
(356, 1597)	21939
(21939, 271)	21940
(15260, 6953)	21941
(393, 271)	21942
(315, 1287)	21943
(560, 12065)	21944
(3570, 10075)	21945
(1298, 585)	21946
(15267, 262)	21947
(21947, 3067)	21948
(3769, 1927)	21949
(7659, 291)	21950
(3939, 983)	21951
(323, 3303)	21952
(21952, 680)	21953
(2087, 983)	21954
(12081, 2427)	21955
(15274, 267)	21956
(15275, 1495)	21957
(838, 103)	21958
(21958, 15276)	21959
(6960, 486)	21960
(6244, 383)	21961
(21961, 7476)	21962
(367, 1591)	21963
(21963, 381)	21964
(1320, 696)	21965
(15258, 5429)	21966
(3534, 268)	21967
(21967, 3351)	21968
(362, 310)	21969
(21969, 12083)	21970
(1448, 12084)	21971
(430, 2077)	21972
(5749, 269)	21973
(15284, 5851)	21974
(5315, 1323)	21975
(15285, 15286)	21976
(4802, 291)	21977
(315, 400)	21978
(21978, 1101)	21979
(360, 469)	21980
(21980, 262)	21981
(324, 483)	21982
(21982, 1841)	21983
(300, 488)	21984
(1609, 6195)	21985
(21985, 108)	21986
(21986, 589)	21987
(21987, 676)	21988
(529, 1337)	21989
(4323, 15290)	21990
(813, 50)	21991
(10082, 573)	21992
(115, 401)	21993
(21993, 976)	21994
(962, 5887)	21995
(21995, 449)	21996
(684, 990)	21997
(10089, 10090)	21998
(7591, 310)	21999
(21999, 558)	22000
(1701, 2022)	22001
(22001, 3611)	22002
(15059, 15286)	22003
(1552, 763)	22004
(3866, 423)	22005
(657, 4475)	22006
(22006, 336)	22007
(1356, 1995)	22008
(9885, 11624)	22009
(4562, 1354)	22010
(8528, 103)	22011
(22011, 7667)	22012
(15305, 5277)	22013
(7669, 268)	22014
(76, 15306)	22015
(8625, 4083)	22016
(12018, 7670)	22017
(22017, 365)	22018
(4064, 449)	22019
(22019, 269)	22020
(1975, 4114)	22021
(3396, 267)	22022
(10094, 449)	22023
(679, 269)	22024
(3134, 339)	22025
(3087, 15313)	22026
(962, 5080)	22027
(72, 452)	22028
(22028, 268)	22029
(12106, 5890)	22030
(5088, 468)	22031
(22031, 97)	22032
(663, 562)	22033
(10096, 3942)	22034
(299, 8695)	22035
(22035, 10097)	22036
(299, 687)	22037
(22037, 10097)	22038
(2827, 731)	22039
(22039, 114)	22040
(7539, 829)	22041
(58, 12112)	22042
(299, 1012)	22043
(22043, 504)	22044
(409, 10004)	22045
(348, 706)	22046
(10103, 3934)	22047
(7673, 3934)	22048
(15326, 118)	22049
(22049, 1331)	22050
(72, 72)	22051
(22051, 86)	22052
(1320, 262)	22053
(22053, 7674)	22054
(22054, 7675)	22055
(103, 557)	22056
(22056, 1553)	22057
(10105, 103)	22058
(22058, 7676)	22059
(3769, 326)	22060
(22060, 2639)	22061
(22061, 102)	22062
(22062, 12115)	22063
(72, 3381)	22064
(545, 1183)	22065
(22065, 495)	22066
(15331, 7528)	22067
(5443, 623)	22068
(4077, 442)	22069
(3769, 8703)	22070
(1481, 1533)	22071
(22071, 1378)	22072
(12122, 11958)	22073
(6370, 115)	22074
(690, 314)	22075
(22075, 2530)	22076
(22076, 693)	22077
(12123, 1553)	22078
(3769, 540)	22079
(15334, 460)	22080
(45, 10110)	22081
(317, 2237)	22082
(45, 267)	22083
(22083, 488)	22084
(22084, 471)	22085
(376, 12128)	22086
(1546, 346)	22087
(15343, 260)	22088
(1136, 4569)	22089
(272, 4328)	22090
(309, 12130)	22091
(22091, 346)	22092
(12132, 260)	22093
(5876, 5758)	22094
(1773, 2639)	22095
(1119, 1592)	22096
(22096, 601)	22097
(348, 6330)	22098
(978, 119)	22099
(22099, 8708)	22100
(2481, 533)	22101
(15343, 291)	22102
(5893, 291)	22103
(672, 435)	22104
(984, 5094)	22105
(1728, 614)	22106
(15354, 833)	22107
(6976, 106)	22108
(22108, 305)	22109
(22109, 259)	22110
(3270, 3774)	22111
(12144, 3774)	22112
(7539, 8711)	22113
(3241, 12141)	22114
(348, 287)	22115
(22115, 5902)	22116
(323, 1232)	22117
(22117, 400)	22118
(8715, 512)	22119
(22119, 268)	22120
(15367, 341)	22121
(810, 2563)	22122
(1847, 642)	22123
(10126, 670)	22124
(1311, 415)	22125
(303, 677)	22126
(1364, 15372)	22127
(1413, 346)	22128
(5815, 98)	22129
(22129, 2214)	22130
(22130, 930)	22131
(57, 1248)	22132
(12151, 115)	22133
(12155, 65)	22134
(484, 5904)	22135
(22135, 784)	22136
(323, 449)	22137
(22137, 363)	22138
(22138, 115)	22139
(3589, 1793)	22140
(22140, 115)	22141
(6415, 291)	22142
(6980, 2116)	22143
(939, 1553)	22144
(2273, 40)	22145
(1309, 15379)	22146
(6724, 617)	22147
(22147, 2868)	22148
(8715, 376)	22149
(1386, 715)	22150
(350, 1883)	22151
(15380, 263)	22152
(22152, 385)	22153
(22153, 109)	22154
(309, 12102)	22155
(2331, 304)	22156
(962, 1395)	22157
(22157, 121)	22158
(2485, 15383)	22159
(1112, 15383)	22160
(70, 4120)	22161
(22161, 15386)	22162
(15387, 4332)	22163
(22163, 338)	22164
(22164, 280)	22165
(22165, 266)	22166
(1644, 318)	22167
(22167, 105)	22168
(2745, 3351)	22169
(67, 2307)	22170
(22170, 645)	22171
(5907, 2894)	22172
(15389, 264)	22173
(2602, 437)	22174
(69, 733)	22175
(22175, 15392)	22176
(1031, 105)	22177
(350, 752)	22178
(265, 10067)	22179
(2064, 280)	22180
(6983, 3950)	22181
(22181, 423)	22182
(8728, 12162)	22183
(22183, 101)	22184
(2200, 381)	22185
(1441, 7635)	22186
(1258, 1435)	22187
(10136, 2762)	22188
(2893, 314)	22189
(22189, 825)	22190
(6308, 330)	22191
(22191, 773)	22192
(2613, 280)	22193
(323, 4508)	22194
(1748, 6985)	22195
(2946, 115)	22196
(12105, 1205)	22197
(22197, 3208)	22198
(51, 4794)	22199
(454, 411)	22200
(22200, 680)	22201
(49, 813)	22202
(15389, 269)	22203
(4555, 4331)	22204
(52, 5449)	22205
(434, 310)	22206
(22206, 15411)	22207
(7591, 271)	22208
(5450, 195)	22209
(22209, 191)	22210
(12018, 1399)	22211
(22211, 896)	22212
(2143, 693)	22213
(459, 10142)	22214
(1140, 10142)	22215
(639, 3479)	22216
(75, 262)	22217
(22217, 1537)	22218
(22218, 3565)	22219
(22219, 15414)	22220
(1064, 1061)	22221
(22221, 397)	22222
(22222, 107)	22223
(7645, 15415)	22224
(360, 4448)	22225
(360, 257)	22226
(22226, 2998)	22227
(22227, 1261)	22228
(10144, 6849)	22229
(6779, 111)	22230
(22230, 1473)	22231
(22231, 595)	22232
(72, 334)	22233
(22233, 269)	22234
(2253, 338)	22235
(22235, 1146)	22236
(22236, 4812)	22237
(7700, 345)	22238
(10050, 1911)	22239
(3238, 115)	22240
(2501, 10145)	22241
(8737, 106)	22242
(22242, 2092)	22243
(22243, 1205)	22244
(8524, 534)	22245
(3385, 5911)	22246
(22246, 748)	22247
(2544, 609)	22248
(22248, 267)	22249
(12181, 269)	22250
(258, 1849)	22251
(285, 5102)	22252
(256, 441)	22253
(22253, 336)	22254
(15433, 104)	22255
(22255, 2214)	22256
(22256, 1395)	22257
(22257, 264)	22258
(12184, 397)	22259
(387, 1631)	22260
(1364, 264)	22261
(355, 787)	22262
(22262, 294)	22263
(2725, 432)	22264
(2093, 105)	22265
(22265, 10152)	22266
(9802, 1207)	22267
(15437, 373)	22268
(4519, 423)	22269
(6426, 464)	22270
(22270, 317)	22271
(1052, 3318)	22272
(1596, 343)	22273
(22273, 7485)	22274
(6998, 493)	22275
(22275, 1012)	22276
(22276, 3869)	22277
(8617, 291)	22278
(2691, 14993)	22279
(10154, 1672)	22280
(22280, 294)	22281
(465, 6997)	22282
(364, 8745)	22283
(307, 12193)	22284
(4743, 406)	22285
(9643, 4676)	22286
(303, 2500)	22287
(22287, 542)	22288
(1017, 4825)	22289
(347, 74)	22290
(15448, 2399)	22291
(1500, 10160)	22292
(2747, 3680)	22293
(2501, 702)	22294
(12197, 294)	22295
(22295, 389)	22296
(1446, 493)	22297
(22297, 428)	22298
(15454, 112)	22299
(348, 371)	22300
(22300, 363)	22301
(15455, 7516)	22302
(290, 344)	22303
(22303, 7702)	22304
(7580, 433)	22305
(15456, 968)	22306
(5015, 1574)	22307
(22307, 397)	22308
(1030, 365)	22309
(22309, 968)	22310
(490, 100)	22311
(355, 12201)	22312
(22312, 1329)	22313
(2331, 3113)	22314
(1728, 650)	22315
(610, 7555)	22316
(22316, 336)	22317
(8646, 708)	22318
(547, 291)	22319
(1171, 271)	22320
(53, 308)	22321
(1221, 7006)	22322
(1392, 453)	22323
(22323, 97)	22324
(10165, 271)	22325
(7007, 121)	22326
(6361, 932)	22327
(655, 586)	22328
(89, 6431)	22329
(22329, 269)	22330
(6432, 713)	22331
(12211, 264)	22332
(22332, 416)	22333
(2880, 1186)	22334
(11503, 267)	22335
(72, 97)	22336
(22336, 713)	22337
(605, 498)	22338
(10170, 1076)	22339
(2283, 103)	22340
(22340, 967)	22341
(10171, 2399)	22342
(299, 5282)	22343
(5749, 399)	22344
(324, 3555)	22345
(657, 417)	22346
(5325, 1894)	22347
(1214, 2089)	22348
(1210, 2401)	22349
(367, 294)	22350
(22350, 398)	22351
(15498, 415)	22352
(22352, 280)	22353
(22353, 341)	22354
(22354, 343)	22355
(22355, 107)	22356
(360, 6271)	22357
(22357, 4098)	22358
(22358, 119)	22359
(22359, 263)	22360
(86, 12226)	22361
(962, 12227)	22362
(22362, 15503)	22363
(8752, 325)	22364
(15504, 122)	22365
(22365, 417)	22366
(5709, 334)	22367
(22367, 411)	22368
(2223, 564)	22369
(22369, 117)	22370
(22370, 306)	22371
(1949, 15505)	22372
(15506, 521)	22373
(22373, 562)	22374
(356, 301)	22375
(22375, 779)	22376
(22376, 294)	22377
(1815, 15507)	22378
(22378, 2008)	22379
(281, 3138)	22380
(1356, 121)	22381
(22381, 6815)	22382
(355, 497)	22383
(22383, 259)	22384
(9945, 967)	22385
(12231, 98)	22386
(348, 12232)	22387
(10096, 8738)	22388
(4830, 12234)	22389
(1441, 15512)	22390
(22390, 4831)	22391
(6437, 5685)	22392
(22392, 689)	22393
(15516, 7721)	22394
(355, 745)	22395
(22395, 291)	22396
(347, 344)	22397
(22397, 4067)	22398
(34, 6436)	22399
(380, 109)	22400
(22400, 1504)	22401
(22401, 363)	22402
(22402, 286)	22403
(2471, 766)	22404
(342, 1190)	22405
(22405, 12240)	22406
(7723, 98)	22407
(22407, 421)	22408
(8766, 12241)	22409
(309, 469)	22410
(22410, 985)	22411
(289, 392)	22412
(46, 296)	22413
(34, 12238)	22414
(289, 371)	22415
(22415, 460)	22416
(45, 455)	22417
(22417, 466)	22418
(22418, 12242)	22419
(22419, 617)	22420
(22420, 286)	22421
(67, 6439)	22422
(2880, 264)	22423
(77, 7727)	22424
(5413, 12243)	22425
(605, 6961)	22426
(7730, 317)	22427
(747, 8775)	22428
(2355, 1704)	22429
(348, 3476)	22430
(285, 10191)	22431
(2436, 291)	22432
(3301, 108)	22433
(22433, 1824)	22434
(22434, 101)	22435
(529, 971)	22436
(52, 4092)	22437
(86, 15529)	22438
(1517, 4833)	22439
(4303, 107)	22440
(22440, 2818)	22441
(22441, 100)	22442
(6162, 788)	22443
(10196, 1297)	22444
(12254, 706)	22445
(22445, 983)	22446
(22446, 110)	22447
(4727, 2954)	22448
(298, 572)	22449
(22449, 291)	22450
(5113, 115)	22451
(115, 8779)	22452
(9906, 291)	22453
(3392, 331)	22454
(285, 535)	22455
(22455, 3066)	22456
(277, 445)	22457
(22457, 2116)	22458
(1332, 291)	22459
(355, 12006)	22460
(77, 1193)	22461
(9643, 107)	22462
(22462, 343)	22463
(8781, 521)	22464
(22464, 469)	22465
(3578, 4133)	22466
(3485, 15535)	22467
(10199, 121)	22468
(360, 4953)	22469
(362, 535)	22470
(1419, 15535)	22471
(4424, 628)	22472
(22472, 4586)	22473
(70, 702)	22474
(2533, 259)	22475
(4511, 269)	22476
(377, 8787)	22477
(529, 10202)	22478
(10203, 806)	22479
(256, 12263)	22480
(1142, 696)	22481
(15546, 1377)	22482
(1735, 2532)	22483
(4134, 12264)	22484
(66, 572)	22485
(448, 3248)	22486
(22486, 759)	22487
(15547, 1353)	22488
(76, 15550)	22489
(2125, 269)	22490
(6442, 71)	22491
(22491, 697)	22492
(34, 73)	22493
(12266, 314)	22494
(22494, 841)	22495
(22495, 7743)	22496
(10205, 414)	22497
(2309, 445)	22498
(22498, 748)	22499
(15172, 291)	22500
(1519, 264)	22501
(1250, 260)	22502
(15557, 449)	22503
(1437, 263)	22504
(12267, 373)	22505
(22505, 291)	22506
(119, 8790)	22507
(1391, 4254)	22508
(256, 685)	22509
(15558, 339)	22510
(690, 828)	22511
(10209, 994)	22512
(109, 1631)	22513
(2910, 447)	22514
(3544, 260)	22515
(22515, 1167)	22516
(22516, 2117)	22517
(7018, 291)	22518
(86, 1190)	22519
(22519, 304)	22520
(977, 1540)	22521
(2955, 1932)	22522
(1183, 101)	22523
(22523, 1457)	22524
(5118, 1655)	22525
(15561, 3306)	22526
(12270, 15562)	22527
(704, 803)	22528
(22528, 2165)	22529
(984, 443)	22530
(7594, 1656)	22531
(953, 2903)	22532
(110, 446)	22533
(12273, 1004)	22534
(15569, 339)	22535
(301, 366)	22536
(98, 4029)	22537
(284, 292)	22538
(22538, 286)	22539
(795, 4470)	22540
(22540, 764)	22541
(1035, 417)	22542
(7519, 3755)	22543
(3754, 1833)	22544
(22544, 4067)	22545
(15571, 319)	22546
(22546, 2251)	22547
(272, 2101)	22548
(45, 12275)	22549
(10216, 407)	22550
(22550, 2011)	22551
(15572, 115)	22552
(12278, 383)	22553
(22553, 260)	22554
(387, 15575)	22555
(924, 305)	22556
(277, 1631)	22557
(320, 469)	22558
(22558, 121)	22559
(6295, 115)	22560
(1119, 433)	22561
(22561, 5121)	22562
(22562, 267)	22563
(3305, 486)	22564
(840, 116)	22565
(22565, 496)	22566
(377, 12280)	22567
(10221, 675)	22568
(22568, 259)	22569
(22569, 807)	22570
(2886, 268)	22571
(309, 1638)	22572
(838, 15578)	22573
(4346, 759)	22574
(3039, 325)	22575
(22575, 317)	22576
(22576, 402)	22577
(315, 1962)	22578
(384, 334)	22579
(4994, 291)	22580
(2312, 8322)	22581
(1239, 1098)	22582
(5122, 1452)	22583
(885, 3249)	22584
(4994, 115)	22585
(34, 12276)	22586
(324, 1848)	22587
(22587, 967)	22588
(5914, 8797)	22589
(4136, 1672)	22590
(5930, 317)	22591
(22591, 3044)	22592
(15585, 100)	22593
(1798, 3685)	22594
(22594, 291)	22595
(83, 6445)	22596
(22596, 10225)	22597
(418, 14853)	22598
(22598, 4835)	22599
(83, 15586)	22600
(290, 15586)	22601
(1795, 376)	22602
(348, 5777)	22603
(281, 5931)	22604
(22604, 107)	22605
(514, 8695)	22606
(22606, 2500)	22607
(940, 1660)	22608
(2595, 3083)	22609
(15592, 1118)	22610
(15593, 5022)	22611
(489, 3479)	22612
(838, 1898)	22613
(747, 12291)	22614
(15598, 267)	22615
(15593, 2215)	22616
(22616, 346)	22617
(15599, 286)	22618
(500, 2308)	22619
(12293, 499)	22620
(300, 421)	22621
(1279, 116)	22622
(285, 1335)	22623
(22623, 788)	22624
(299, 12288)	22625
(12294, 435)	22626
(2700, 105)	22627
(22627, 1068)	22628
(355, 119)	22629
(22629, 496)	22630
(370, 15602)	22631
(22631, 104)	22632
(22632, 947)	22633
(610, 109)	22634
(22634, 706)	22635
(364, 260)	22636
(22636, 119)	22637
(22637, 3276)	22638
(15605, 7032)	22639
(1505, 12302)	22640
(15607, 260)	22641
(3786, 363)	22642
(22642, 1549)	22643
(355, 1104)	22644
(12306, 291)	22645
(10234, 628)	22646
(10235, 257)	22647
(22647, 371)	22648
(15611, 1004)	22649
(554, 2181)	22650
(22650, 291)	22651
(15613, 291)	22652
(353, 733)	22653
(22653, 304)	22654
(22654, 728)	22655
(6954, 7755)	22656
(34, 7754)	22657
(1018, 12311)	22658
(721, 8501)	22659
(56, 4491)	22660
(57, 1125)	22661
(10237, 389)	22662
(22662, 1252)	22663
(5933, 267)	22664
(9990, 761)	22665
(360, 1131)	22666
(22666, 708)	22667
(15619, 752)	22668
(630, 5016)	22669
(1221, 483)	22670
(3789, 3611)	22671
(277, 4284)	22672
(22672, 4066)	22673
(7729, 603)	22674
(22674, 4689)	22675
(5127, 488)	22676
(22676, 291)	22677
(295, 12316)	22678
(6225, 2415)	22679
(1254, 3359)	22680
(484, 1043)	22681
(10241, 1266)	22682
(855, 319)	22683
(22683, 336)	22684
(22684, 2380)	22685
(70, 7757)	22686
(82, 7757)	22687
(100, 114)	22688
(22688, 442)	22689
(9995, 7759)	22690
(1517, 947)	22691
(79, 102)	22692
(350, 7757)	22693
(838, 15630)	22694
(22694, 2198)	22695
(7027, 704)	22696
(22696, 121)	22697
(2634, 3174)	22698
(256, 7040)	22699
(348, 7757)	22700
(409, 2565)	22701
(356, 326)	22702
(22702, 396)	22703
(22703, 358)	22704
(409, 10246)	22705
(52, 694)	22706
(67, 15638)	22707
(11875, 1521)	22708
(2986, 1669)	22709
(1295, 313)	22710
(22710, 112)	22711
(22711, 1565)	22712
(323, 851)	22713
(22713, 415)	22714
(1261, 595)	22715
(22715, 3162)	22716
(5478, 3755)	22717
(11926, 3755)	22718
(3094, 592)	22719
(22719, 498)	22720
(3558, 15641)	22721
(22721, 715)	22722
(1295, 658)	22723
(22723, 291)	22724
(7764, 376)	22725
(355, 8419)	22726
(34, 39)	22727
(840, 2692)	22728
(1251, 411)	22729
(22729, 4263)	22730
(4233, 449)	22731
(22731, 825)	22732
(2381, 3660)	22733
(22733, 101)	22734
(45, 717)	22735
(22735, 1399)	22736
(34, 12332)	22737
(47, 10111)	22738
(2143, 394)	22739
(2121, 373)	22740
(22740, 262)	22741
(2753, 1205)	22742
(10254, 2153)	22743
(4703, 1848)	22744
(22744, 471)	22745
(2491, 341)	22746
(8412, 291)	22747
(15224, 1187)	22748
(15516, 1569)	22749
(3271, 8823)	22750
(10255, 763)	22751
(711, 510)	22752
(265, 1770)	22753
(12292, 967)	22754
(1685, 685)	22755
(3614, 291)	22756
(10258, 115)	22757
(12132, 267)	22758
(5364, 617)	22759
(4018, 1516)	22760
(427, 2237)	22761
(1119, 1337)	22762
(12037, 2361)	22763
(7774, 1580)	22764
(22764, 121)	22765
(22765, 1205)	22766
(4113, 3046)	22767
(8827, 990)	22768
(591, 7776)	22769
(22769, 441)	22770
(22770, 15666)	22771
(356, 280)	22772
(22772, 1078)	22773
(9875, 103)	22774
(22774, 279)	22775
(4246, 1981)	22776
(22776, 2744)	22777
(4594, 354)	22778
(84, 6167)	22779
(281, 4568)	22780
(22780, 628)	22781
(12346, 286)	22782
(12347, 365)	22783
(5388, 5482)	22784
(384, 266)	22785
(22785, 2637)	22786
(323, 358)	22787
(22787, 1297)	22788
(360, 12349)	22789
(22789, 12350)	22790
(2420, 373)	22791
(370, 670)	22792
(1920, 7780)	22793
(8840, 269)	22794
(10265, 3835)	22795
(285, 262)	22796
(22796, 417)	22797
(1517, 3881)	22798
(2085, 1087)	22799
(409, 1194)	22800
(924, 330)	22801
(22801, 15677)	22802
(999, 2426)	22803
(281, 3882)	22804
(10263, 10267)	22805
(22805, 901)	22806
(265, 976)	22807
(22807, 2453)	22808
(265, 2956)	22809
(4845, 117)	22810
(22810, 601)	22811
(12355, 354)	22812
(2137, 3207)	22813
(298, 12356)	22814
(15681, 12358)	22815
(10270, 449)	22816
(1390, 9770)	22817
(439, 15682)	22818
(12360, 336)	22819
(342, 669)	22820
(22820, 101)	22821
(22821, 260)	22822
(1179, 271)	22823
(2395, 274)	22824
(1260, 12361)	22825
(517, 1563)	22826
(1035, 462)	22827
(7783, 9985)	22828
(22828, 825)	22829
(7055, 336)	22830
(22830, 346)	22831
(7783, 10273)	22832
(1496, 15689)	22833
(12364, 4846)	22834
(1392, 115)	22835
(22835, 8847)	22836
(3030, 15690)	22837
(4294, 15691)	22838
(15692, 976)	22839
(22839, 292)	22840
(11748, 4582)	22841
(765, 10275)	22842
(10276, 8847)	22843
(12365, 627)	22844
(303, 2585)	22845
(108, 467)	22846
(22846, 3663)	22847
(22847, 421)	22848
(22848, 286)	22849
(978, 3207)	22850
(5488, 3249)	22851
(5488, 3663)	22852
(22852, 15702)	22853
(15703, 705)	22854
(22854, 15702)	22855
(15704, 402)	22856
(906, 2084)	22857
(22857, 642)	22858
(22858, 358)	22859
(22859, 645)	22860
(775, 5708)	22861
(278, 1213)	22862
(1550, 874)	22863
(22863, 512)	22864
(22864, 280)	22865
(1013, 5736)	22866
(22866, 15705)	22867
(1550, 1026)	22868
(22868, 313)	22869
(22869, 8329)	22870
(3957, 5101)	22871
(5138, 1301)	22872
(22872, 5491)	22873
(79, 525)	22874
(1458, 645)	22875
(289, 488)	22876
(22876, 15706)	22877
(270, 1550)	22878
(22878, 2189)	22879
(7791, 115)	22880
(3673, 1351)	22881
(1091, 305)	22882
(9881, 122)	22883
(22883, 10281)	22884
(3603, 292)	22885
(7783, 2406)	22886
(78, 15707)	22887
(489, 2972)	22888
(1951, 280)	22889
(22889, 346)	22890
(68, 373)	22891
(22891, 15690)	22892
(6308, 346)	22893
(32, 61)	22894
(355, 782)	22895
(47, 14833)	22896
(22896, 460)	22897
(5713, 338)	22898
(22898, 4487)	22899
(22899, 645)	22900
(261, 11979)	22901
(2973, 3797)	22902
(416, 1638)	22903
(3295, 286)	22904
(22904, 1597)	22905
(22905, 842)	22906
(22906, 280)	22907
(1253, 1384)	22908
(22908, 460)	22909
(1415, 5950)	22910
(22910, 317)	22911
(22911, 1294)	22912
(22912, 271)	22913
(3039, 346)	22914
(14785, 15691)	22915
(377, 7649)	22916
(5137, 3083)	22917
(80, 358)	22918
(9822, 807)	22919
(3725, 280)	22920
(391, 101)	22921
(22921, 259)	22922
(4352, 1220)	22923
(1073, 1751)	22924
(6463, 115)	22925
(330, 498)	22926
(7787, 5951)	22927
(7540, 12383)	22928
(71, 15720)	22929
(115, 10290)	22930
(720, 8443)	22931
(681, 10)	22932
(3161, 498)	22933
(5495, 7638)	22934
(258, 1779)	22935
(22935, 592)	22936
(272, 10290)	22937
(2366, 1784)	22938
(1227, 4353)	22939
(22939, 257)	22940
(22940, 12379)	22941
(503, 1508)	22942
(342, 453)	22943
(22943, 115)	22944
(22944, 4502)	22945
(22945, 267)	22946
(8863, 693)	22947
(7783, 15726)	22948
(12388, 345)	22949
(5947, 115)	22950
(12389, 4343)	22951
(15710, 5101)	22952
(1646, 5948)	22953
(6365, 10295)	22954
(1279, 10295)	22955
(1476, 1950)	22956
(2188, 4847)	22957
(2365, 703)	22958
(12390, 4597)	22959
(7590, 4101)	22960
(2009, 372)	22961
(3522, 291)	22962
(98, 1113)	22963
(22963, 310)	22964
(15737, 267)	22965
(3725, 346)	22966
(2009, 2828)	22967
(15739, 267)	22968
(5769, 7797)	22969
(15740, 1927)	22970
(4115, 110)	22971
(22971, 15746)	22972
(8871, 15747)	22973
(70, 12398)	22974
(1079, 55)	22975
(15748, 787)	22976
(22976, 731)	22977
(7539, 782)	22978
(12400, 15751)	22979
(15752, 2871)	22980
(15754, 280)	22981
(1582, 110)	22982
(22982, 385)	22983
(22983, 1531)	22984
(404, 1376)	22985
(22985, 2402)	22986
(83, 438)	22987
(22987, 7800)	22988
(3358, 6445)	22989
(7066, 280)	22990
(69, 6859)	22991
(8878, 2503)	22992
(1224, 259)	22993
(22993, 1531)	22994
(116, 5286)	22995
(2293, 371)	22996
(3577, 119)	22997
(22997, 111)	22998
(6258, 5297)	22999
(47, 65)	23000
(23000, 909)	23001
(23001, 111)	23002
(2272, 8787)	23003
(73, 108)	23004
(23004, 5498)	23005
(360, 15766)	23006
(23006, 1710)	23007
(1782, 8787)	23008
(10309, 12406)	23009
(12408, 365)	23010
(272, 567)	23011
(23011, 283)	23012
(10007, 365)	23013
(8881, 104)	23014
(23014, 111)	23015
(9845, 365)	23016
(356, 456)	23017
(23017, 365)	23018
(45, 15768)	23019
(918, 537)	23020
(23020, 101)	23021
(2492, 1752)	23022
(12409, 12410)	23023
(2750, 260)	23024
(2332, 7445)	23025
(10311, 291)	23026
(434, 6471)	23027
(1397, 313)	23028
(309, 401)	23029
(23029, 5145)	23030
(8330, 10310)	23031
(2952, 15039)	23032
(484, 2154)	23033
(1448, 615)	23034
(23034, 692)	23035
(5959, 111)	23036
(307, 1110)	23037
(23037, 589)	23038
(810, 15386)	23039
(1646, 2441)	23040
(10313, 275)	23041
(71, 603)	23042
(23042, 10314)	23043
(791, 313)	23044
(12420, 2818)	23045
(12421, 10314)	23046
(15780, 373)	23047
(12421, 3221)	23048
(87, 5960)	23049
(309, 12422)	23050
(3756, 1749)	23051
(5502, 15787)	23052
(12424, 115)	23053
(23053, 292)	23054
(1463, 291)	23055
(384, 919)	23056
(15789, 101)	23057
(7806, 6969)	23058
(265, 10322)	23059
(23059, 1167)	23060
(15791, 334)	23061
(5831, 397)	23062
(672, 4852)	23063
(23063, 286)	23064
(6252, 264)	23065
(2024, 279)	23066
(23066, 551)	23067
(8432, 341)	23068
(2298, 109)	23069
(5326, 115)	23070
(11680, 2797)	23071
(1747, 1835)	23072
(678, 469)	23073
(23073, 983)	23074
(679, 1120)	23075
(23075, 871)	23076
(7077, 10325)	23077
(331, 802)	23078
(3312, 339)	23079
(70, 2263)	23080
(490, 99)	23081
(23081, 1890)	23082
(84, 1497)	23083
(23083, 10328)	23084
(9662, 339)	23085
(44, 39)	23086
(448, 1246)	23087
(23087, 267)	23088
(8789, 260)	23089
(654, 645)	23090
(364, 351)	23091
(23091, 98)	23092
(23092, 2048)	23093
(23093, 262)	23094
(290, 2998)	23095
(270, 1476)	23096
(23096, 2735)	23097
(23097, 317)	23098
(23098, 6476)	23099
(1827, 983)	23100
(23100, 267)	23101
(360, 4835)	23102
(5505, 2211)	23103
(23103, 1400)	23104
(2143, 97)	23105
(6216, 586)	23106
(2455, 10333)	23107
(986, 2337)	23108
(290, 358)	23109
(23109, 366)	23110
(277, 5506)	23111
(23111, 291)	23112
(2143, 343)	23113
(23113, 823)	23114
(884, 1631)	23115
(4094, 10335)	23116
(2256, 100)	23117
(23117, 376)	23118
(4949, 1084)	23119
(3165, 397)	23120
(356, 5411)	23121
(23121, 397)	23122
(6886, 310)	23123
(23123, 105)	23124
(1596, 1252)	23125
(66, 3800)	23126
(2571, 1198)	23127
(76, 8900)	23128
(362, 8901)	23129
(3567, 260)	23130
(1042, 1608)	23131
(3287, 2338)	23132
(12442, 105)	23133
(23133, 2029)	23134
(2000, 306)	23135
(23135, 412)	23136
(23136, 8904)	23137
(4509, 564)	23138
(23138, 925)	23139
(82, 15818)	23140
(350, 15818)	23141
(4265, 115)	23142
(23142, 4057)	23143
(23143, 273)	23144
(2433, 15819)	23145
(23145, 268)	23146
(15820, 423)	23147
(15822, 483)	23148
(355, 609)	23149
(23149, 259)	23150
(3055, 4603)	23151
(747, 9827)	23152
(3678, 119)	23153
(23153, 706)	23154
(12448, 6226)	23155
(2664, 51)	23156
(1293, 5022)	23157
(23157, 557)	23158
(8910, 431)	23159
(23159, 98)	23160
(23160, 2797)	23161
(532, 686)	23162
(23162, 4332)	23163
(23163, 528)	23164
(15832, 996)	23165
(1596, 291)	23166
(370, 1376)	23167
(23167, 376)	23168
(357, 317)	23169
(23169, 346)	23170
(8911, 806)	23171
(14745, 530)	23172
(23172, 280)	23173
(12273, 1262)	23174
(284, 521)	23175
(51, 5473)	23176
(1365, 115)	23177
(5062, 586)	23178
(23178, 6359)	23179
(23179, 97)	23180
(10349, 8915)	23181
(2223, 723)	23182
(7723, 112)	23183
(23183, 667)	23184
(11973, 363)	23185
(23185, 562)	23186
(1447, 273)	23187
(469, 1001)	23188
(23188, 6429)	23189
(2297, 6429)	23190
(303, 398)	23191
(23191, 15839)	23192
(1616, 12458)	23193
(23193, 573)	23194
(361, 10351)	23195
(1839, 2042)	23196
(362, 851)	23197
(99, 456)	23198
(23198, 3471)	23199
(3532, 3471)	23200
(4365, 3471)	23201
(12461, 84)	23202
(23202, 2171)	23203
(80, 5514)	23204
(23204, 968)	23205
(68, 6486)	23206
(7823, 112)	23207
(364, 7095)	23208
(6258, 467)	23209
(23209, 704)	23210
(67, 374)	23211
(23211, 12462)	23212
(23212, 2505)	23213
(7795, 670)	23214
(5115, 717)	23215
(324, 956)	23216
(8918, 15850)	23217
(78, 99)	23218
(23218, 12465)	23219
(978, 5151)	23220
(295, 909)	23221
(3965, 3389)	23222
(15852, 557)	23223
(15853, 750)	23224
(3801, 2803)	23225
(1260, 751)	23226
(53, 1433)	23227
(5703, 1563)	23228
(1045, 73)	23229
(23229, 80)	23230
(303, 2639)	23231
(116, 2380)	23232
(362, 498)	23233
(2273, 2395)	23234
(5833, 469)	23235
(6912, 269)	23236
(4344, 341)	23237
(3402, 346)	23238
(2466, 291)	23239
(15367, 1853)	23240
(277, 693)	23241
(3092, 291)	23242
(10363, 291)	23243
(384, 4576)	23244
(15859, 15860)	23245
(15692, 510)	23246
(23246, 693)	23247
(377, 100)	23248
(23248, 2903)	23249
(324, 3033)	23250
(7475, 115)	23251
(489, 7686)	23252
(15864, 383)	23253
(23253, 1412)	23254
(15866, 286)	23255
(855, 421)	23256
(503, 449)	23257
(23257, 121)	23258
(4779, 267)	23259
(7761, 109)	23260
(23260, 2931)	23261
(295, 4128)	23262
(3725, 802)	23263
(10364, 366)	23264
(2256, 2707)	23265
(23265, 414)	23266
(2242, 267)	23267
(10366, 825)	23268
(2275, 271)	23269
(2083, 8455)	23270
(3110, 4151)	23271
(439, 102)	23272
(23272, 2101)	23273
(12002, 1629)	23274
(2335, 115)	23275
(3362, 668)	23276
(23276, 1999)	23277
(284, 706)	23278
(23278, 15879)	23279
(1147, 346)	23280
(711, 2101)	23281
(384, 4864)	23282
(503, 10369)	23283
(8485, 2189)	23284
(15881, 807)	23285
(8560, 345)	23286
(4726, 6492)	23287
(409, 4356)	23288
(23288, 766)	23289
(6814, 325)	23290
(284, 686)	23291
(23291, 294)	23292
(8641, 383)	23293
(45, 527)	23294
(23294, 823)	23295
(5795, 1362)	23296
(23296, 394)	23297
(10373, 1698)	23298
(309, 7642)	23299
(34, 10370)	23300
(3255, 11876)	23301
(23301, 271)	23302
(1735, 14811)	23303
(12489, 417)	23304
(1265, 537)	23305
(23305, 111)	23306
(1391, 10202)	23307
(1648, 3979)	23308
(23308, 766)	23309
(6731, 1564)	23310
(2796, 110)	23311
(1765, 8926)	23312
(4023, 267)	23313
(3074, 100)	23314
(23314, 497)	23315
(2808, 115)	23316
(1924, 2897)	23317
(272, 4502)	23318
(23318, 336)	23319
(6867, 4586)	23320
(285, 8927)	23321
(284, 4824)	23322
(2997, 4597)	23323
(356, 441)	23324
(23324, 3630)	23325
(9708, 15896)	23326
(1045, 292)	23327
(23327, 1205)	23328
(846, 373)	23329
(792, 2598)	23330
(307, 8933)	23331
(23331, 110)	23332
(14930, 291)	23333
(14734, 649)	23334
(23334, 105)	23335
(307, 1157)	23336
(23336, 106)	23337
(295, 1217)	23338
(12002, 1128)	23339
(7684, 267)	23340
(4946, 291)	23341
(6762, 2117)	23342
(45, 505)	23343
(7846, 417)	23344
(71, 1564)	23345
(15906, 1698)	23346
(4601, 49)	23347
(838, 108)	23348
(23348, 10381)	23349
(4154, 121)	23350
(6355, 267)	23351
(1477, 283)	23352
(12503, 306)	23353
(23353, 1220)	23354
(5523, 2189)	23355
(361, 8944)	23356
(907, 564)	23357
(1570, 692)	23358
(23358, 1378)	23359
(4543, 442)	23360
(14570, 339)	23361
(5524, 10384)	23362
(10385, 2226)	23363
(23363, 752)	23364
(2818, 280)	23365
(4143, 291)	23366
(285, 3247)	23367
(15912, 3337)	23368
(473, 6500)	23369
(503, 481)	23370
(2668, 6501)	23371
(1798, 2380)	23372
(23372, 267)	23373
(2610, 291)	23374
(4946, 417)	23375
(15920, 291)	23376
(4946, 121)	23377
(852, 1318)	23378
(23378, 7058)	23379
(15922, 3248)	23380
(1623, 1381)	23381
(1735, 15924)	23382
(1428, 271)	23383
(23383, 715)	23384
(355, 1012)	23385
(23385, 6326)	23386
(560, 390)	23387
(955, 685)	23388
(5160, 2557)	23389
(10397, 394)	23390
(23390, 394)	23391
(10371, 122)	23392
(67, 751)	23393
(290, 692)	23394
(23394, 2116)	23395
(3097, 3705)	23396
(23396, 1516)	23397
(84, 745)	23398
(15932, 510)	23399
(76, 398)	23400
(23400, 670)	23401
(23401, 12523)	23402
(23402, 338)	23403
(23403, 269)	23404
(15934, 510)	23405
(23405, 7642)	23406
(15936, 715)	23407
(12231, 101)	23408
(23408, 614)	23409
(8950, 317)	23410
(473, 703)	23411
(8951, 414)	23412
(1551, 3767)	23413
(332, 110)	23414
(23414, 586)	23415
(23415, 291)	23416
(4140, 115)	23417
(23417, 464)	23418
(23418, 262)	23419
(270, 269)	23420
(23420, 3663)	23421
(23421, 627)	23422
(23422, 280)	23423
(355, 833)	23424
(23424, 336)	23425
(7853, 111)	23426
(7853, 352)	23427
(23427, 306)	23428
(323, 4144)	23429
(23429, 996)	23430
(1441, 486)	23431
(3188, 53)	23432
(8955, 498)	23433
(2606, 573)	23434
(2533, 763)	23435
(270, 341)	23436
(23436, 283)	23437
(1924, 314)	23438
(23438, 8958)	23439
(82, 507)	23440
(350, 507)	23441
(430, 1301)	23442
(12530, 2338)	23443
(23443, 994)	23444
(7770, 4320)	23445
(7747, 3680)	23446
(2365, 345)	23447
(80, 8602)	23448
(591, 12541)	23449
(10405, 4369)	23450
(347, 563)	23451
(23451, 15961)	23452
(2067, 4145)	23453
(23453, 291)	23454
(23454, 1849)	23455
(473, 455)	23456
(23456, 443)	23457
(12543, 291)	23458
(23458, 2823)	23459
(23459, 111)	23460
(324, 15967)	23461
(284, 15967)	23462
(1008, 1626)	23463
(78, 14992)	23464
(15970, 10407)	23465
(8399, 115)	23466
(15972, 280)	23467
(272, 480)	23468
(23468, 1802)	23469
(12546, 1704)	23470
(393, 373)	23471
(939, 269)	23472
(289, 3705)	23473
(12514, 98)	23474
(23474, 3259)	23475
(5443, 339)	23476
(15981, 3243)	23477
(23477, 346)	23478
(1136, 1012)	23479
(23479, 898)	23480
(2491, 3808)	23481
(23481, 117)	23482
(23482, 1838)	23483
(2515, 291)	23484
(8967, 627)	23485
(361, 3867)	23486
(2602, 480)	23487
(332, 12552)	23488
(332, 4487)	23489
(23489, 638)	23490
(4778, 1143)	23491
(679, 98)	23492
(23492, 873)	23493
(15983, 1641)	23494
(6510, 115)	23495
(1350, 442)	23496
(3110, 7735)	23497
(1350, 314)	23498
(23498, 3093)	23499
(332, 603)	23500
(23500, 601)	23501
(8971, 88)	23502
(2879, 55)	23503
(350, 83)	23504
(12558, 294)	23505
(4877, 1001)	23506
(23506, 1541)	23507
(5318, 8973)	23508
(8974, 122)	23509
(23509, 109)	23510
(23510, 327)	23511
(11683, 115)	23512
(299, 15995)	23513
(532, 951)	23514
(23514, 4042)	23515
(5318, 3187)	23516
(5530, 286)	23517
(2549, 802)	23518
(4224, 313)	23519
(23519, 314)	23520
(23520, 383)	23521
(918, 400)	23522
(1080, 54)	23523
(272, 397)	23524
(23524, 390)	23525
(9785, 1531)	23526
(7866, 573)	23527
(11753, 407)	23528
(23528, 2897)	23529
(3321, 4297)	23530
(532, 2218)	23531
(23531, 1061)	23532
(625, 15998)	23533
(23533, 3986)	23534
(3220, 1543)	23535
(1198, 98)	23536
(23536, 1518)	23537
(341, 432)	23538
(45, 1976)	23539
(7867, 3467)	23540
(23540, 294)	23541
(955, 263)	23542
(23542, 12560)	23543
(299, 12561)	23544
(78, 567)	23545
(23545, 358)	23546
(23546, 11813)	23547
(12562, 351)	23548
(23548, 4999)	23549
(16002, 12563)	23550
(348, 2120)	23551
(23551, 10419)	23552
(16004, 2396)	23553
(7869, 535)	23554
(23554, 381)	23555
(23555, 105)	23556
(955, 8975)	23557
(23557, 8976)	23558
(1392, 101)	23559
(77, 595)	23560
(23560, 351)	23561
(23561, 534)	23562
(6512, 2055)	23563
(2984, 10420)	23564
(624, 809)	23565
(2537, 505)	23566
(8983, 3248)	23567
(8986, 2686)	23568
(309, 15201)	23569
(16016, 10422)	23570
(23570, 411)	23571
(23571, 286)	23572
(67, 12574)	23573
(66, 89)	23574
(23574, 85)	23575
(3090, 715)	23576
(66, 392)	23577
(23577, 428)	23578
(72, 1578)	23579
(1320, 1967)	23580
(23580, 115)	23581
(16030, 153)	23582
(23582, 98)	23583
(23583, 1207)	23584
(8338, 3369)	23585
(23585, 310)	23586
(23586, 397)	23587
(23587, 106)	23588
(16031, 441)	23589
(16033, 2359)	23590
(16034, 111)	23591
(285, 313)	23592
(299, 438)	23593
(23593, 111)	23594
(391, 1628)	23595
(23595, 763)	23596
(16042, 2123)	23597
(332, 262)	23598
(23598, 2678)	23599
(23599, 10440)	23600
(3358, 10215)	23601
(459, 2998)	23602
(23602, 16043)	23603
(12588, 65)	23604
(16045, 534)	23605
(277, 4758)	23606
(16046, 583)	23607
(16045, 1927)	23608
(10438, 264)	23609
(4726, 1381)	23610
(23610, 292)	23611
(450, 2998)	23612
(23612, 16048)	23613
(952, 6306)	23614
(12122, 537)	23615
(23615, 9699)	23616
(23616, 825)	23617
(2949, 12218)	23618
(8995, 267)	23619
(1609, 41)	23620
(1915, 6768)	23621
(5535, 266)	23622
(23622, 476)	23623
(16056, 4679)	23624
(1364, 7670)	23625
(23625, 260)	23626
(6518, 294)	23627
(23627, 14592)	23628
(835, 66)	23629
(23629, 6000)	23630
(298, 1888)	23631
(23631, 6519)	23632
(7878, 115)	23633
(277, 550)	23634
(23634, 1911)	23635
(2239, 267)	23636
(348, 273)	23637
(23637, 5765)	23638
(337, 40)	23639
(23639, 15897)	23640
(671, 431)	23641
(16061, 967)	23642
(66, 10450)	23643
(1042, 2040)	23644
(362, 468)	23645
(23645, 262)	23646
(87, 317)	23647
(23647, 5708)	23648
(12601, 12602)	23649
(4154, 325)	23650
(23650, 6928)	23651
(15504, 283)	23652
(16069, 16070)	23653
(4975, 967)	23654
(9002, 269)	23655
(1786, 3072)	23656
(16073, 269)	23657
(9834, 279)	23658
(736, 291)	23659
(7439, 1143)	23660
(23660, 402)	23661
(16079, 2822)	23662
(23662, 498)	23663
(4306, 1563)	23664
(337, 853)	23665
(361, 314)	23666
(23666, 268)	23667
(384, 676)	23668
(23668, 310)	23669
(3713, 7080)	23670
(23670, 471)	23671
(484, 1984)	23672
(23672, 829)	23673
(2949, 728)	23674
(23674, 602)	23675
(2488, 3337)	23676
(2291, 1084)	23677
(12360, 546)	23678
(16086, 1261)	23679
(16087, 327)	23680
(23680, 283)	23681
(69, 6002)	23682
(315, 452)	23683
(23683, 1492)	23684
(269, 366)	23685
(23685, 383)	23686
(119, 336)	23687
(23687, 1409)	23688
(1130, 50)	23689
(554, 325)	23690
(1013, 7487)	23691
(324, 984)	23692
(5933, 376)	23693
(309, 12613)	23694
(16089, 381)	23695
(23695, 2964)	23696
(1582, 2444)	23697
(6004, 974)	23698
(76, 7097)	23699
(89, 269)	23700
(1219, 1435)	23701
(23701, 1252)	23702
(747, 467)	23703
(23703, 9007)	23704
(10460, 1878)	23705
(16098, 3611)	23706
(23706, 330)	23707
(66, 9006)	23708
(3301, 197)	23709
(23709, 147)	23710
(23710, 330)	23711
(6954, 397)	23712
(10459, 3978)	23713
(2232, 428)	23714
(5111, 5536)	23715
(362, 4568)	23716
(5295, 1363)	23717
(16100, 275)	23718
(2879, 51)	23719
(12621, 136)	23720
(23720, 146)	23721
(364, 10461)	23722
(67, 351)	23723
(23723, 6006)	23724
(303, 1150)	23725
(23725, 968)	23726
(23726, 1089)	23727
(284, 4758)	23728
(6528, 118)	23729
(23729, 452)	23730
(23730, 449)	23731
(12562, 873)	23732
(72, 314)	23733
(23733, 7890)	23734
(323, 381)	23735
(23735, 16112)	23736
(300, 7147)	23737
(23737, 351)	23738
(23738, 260)	23739
(3084, 107)	23740
(23740, 12626)	23741
(290, 766)	23742
(83, 457)	23743
(23743, 115)	23744
(3710, 291)	23745
(16116, 260)	23746
(82, 9010)	23747
(324, 470)	23748
(23748, 97)	23749
(295, 10466)	23750
(303, 397)	23751
(23751, 3929)	23752
(23752, 1962)	23753
(2271, 1026)	23754
(307, 16117)	23755
(23755, 5538)	23756
(32, 438)	23757
(23757, 105)	23758
(23758, 15507)	23759
(23759, 259)	23760
(45, 10289)	23761
(23761, 471)	23762
(1875, 874)	23763
(23763, 345)	23764
(10467, 2509)	23765
(3250, 268)	23766
(23766, 3934)	23767
(1031, 260)	23768
(23768, 2359)	23769
(490, 476)	23770
(532, 259)	23771
(23771, 266)	23772
(51, 2234)	23773
(9012, 466)	23774
(23774, 271)	23775
(23775, 1841)	23776
(1815, 3201)	23777
(51, 1349)	23778
(1133, 51)	23779
(9013, 474)	23780
(545, 2447)	23781
(4616, 2388)	23782
(309, 642)	23783
(23783, 2803)	23784
(1218, 97)	23785
(76, 4824)	23786
(6886, 113)	23787
(23787, 3221)	23788
(281, 333)	23789
(23789, 1641)	23790
(23790, 417)	23791
(2988, 2591)	23792
(284, 728)	23793
(23793, 696)	23794
(32, 408)	23795
(23795, 7895)	23796
(299, 4589)	23797
(23797, 799)	23798
(256, 4589)	23799
(23799, 4566)	23800
(309, 16125)	23801
(16126, 291)	23802
(12632, 116)	23803
(11603, 1473)	23804
(104, 1968)	23805
(1616, 5804)	23806
(3930, 5387)	23807
(23807, 12633)	23808
(109, 16125)	23809
(4335, 990)	23810
(4105, 56)	23811
(12348, 1093)	23812
(23812, 267)	23813
(4199, 16131)	23814
(503, 453)	23815
(23815, 15575)	23816
(6532, 392)	23817
(10207, 115)	23818
(7897, 1038)	23819
(23819, 12634)	23820
(23820, 383)	23821
(7899, 2845)	23822
(23822, 286)	23823
(946, 3669)	23824
(4990, 623)	23825
(71, 2290)	23826
(84, 12636)	23827
(76, 1962)	23828
(5985, 5497)	23829
(23829, 117)	23830
(45, 257)	23831
(23831, 366)	23832
(72, 10476)	23833
(23833, 12241)	23834
(16133, 310)	23835
(39, 2435)	23836
(4428, 106)	23837
(23837, 1012)	23838
(23838, 358)	23839
(23839, 105)	23840
(51, 1189)	23841
(1312, 51)	23842
(6535, 313)	23843
(1312, 53)	23844
(72, 537)	23845
(23845, 1012)	23846
(5021, 11572)	23847
(370, 6953)	23848
(23848, 4068)	23849
(23849, 269)	23850
(1079, 50)	23851
(15387, 1134)	23852
(10480, 16136)	23853
(10481, 345)	23854
(434, 121)	23855
(23855, 705)	23856
(23856, 105)	23857
(16138, 376)	23858
(290, 917)	23859
(23859, 266)	23860
(258, 331)	23861
(23861, 6969)	23862
(23862, 7776)	23863
(2276, 266)	23864
(12639, 1261)	23865
(2880, 1932)	23866
(23866, 7901)	23867
(299, 411)	23868
(23868, 6167)	23869
(16141, 6340)	23870
(100, 1926)	23871
(100, 1607)	23872
(23872, 101)	23873
(23873, 400)	23874
(103, 10483)	23875
(16142, 498)	23876
(7149, 1777)	23877
(307, 105)	23878
(23878, 266)	23879
(342, 1740)	23880
(23880, 901)	23881
(12641, 365)	23882
(12635, 333)	23883
(810, 932)	23884
(23884, 383)	23885
(7673, 279)	23886
(23886, 528)	23887
(4089, 9018)	23888
(16145, 16147)	23889
(23889, 313)	23890
(2854, 417)	23891
(290, 1575)	23892
(23892, 313)	23893
(5749, 4508)	23894
(4207, 269)	23895
(23895, 1108)	23896
(23896, 97)	23897
(69, 637)	23898
(23898, 10485)	23899
(459, 16152)	23900
(23900, 974)	23901
(12124, 528)	23902
(16153, 275)	23903
(1140, 16152)	23904
(23904, 400)	23905
(16155, 97)	23906
(2668, 784)	23907
(16156, 2615)	23908
(16155, 115)	23909
(6838, 115)	23910
(3846, 7157)	23911
(16158, 3663)	23912
(23912, 266)	23913
(3965, 10486)	23914
(15081, 383)	23915
(357, 16162)	23916
(23916, 373)	23917
(23917, 383)	23918
(2988, 3085)	23919
(8903, 703)	23920
(1391, 761)	23921
(16158, 333)	23922
(23922, 14783)	23923
(23923, 117)	23924
(387, 416)	23925
(23925, 341)	23926
(23926, 263)	23927
(3535, 485)	23928
(23928, 262)	23929
(299, 441)	23930
(23930, 16163)	23931
(307, 1335)	23932
(23932, 417)	23933
(23933, 101)	23934
(16164, 106)	23935
(23935, 333)	23936
(6012, 649)	23937
(23937, 2924)	23938
(23938, 438)	23939
(23939, 469)	23940
(1290, 441)	23941
(23941, 294)	23942
(23942, 12648)	23943
(72, 263)	23944
(23944, 313)	23945
(71, 656)	23946
(112, 365)	23947
(23947, 15119)	23948
(389, 114)	23949
(23949, 685)	23950
(110, 583)	23951
(83, 97)	23952
(39, 3864)	23953
(959, 4057)	23954
(16168, 1750)	23955
(404, 1777)	23956
(16169, 6011)	23957
(1552, 1805)	23958
(23958, 389)	23959
(356, 3027)	23960
(23960, 16170)	23961
(465, 16171)	23962
(23962, 2977)	23963
(115, 16173)	23964
(23964, 12241)	23965
(8365, 766)	23966
(1722, 2237)	23967
(12650, 292)	23968
(1552, 10490)	23969
(16174, 1776)	23970
(23970, 932)	23971
(69, 902)	23972
(23972, 3669)	23973
(45, 12651)	23974
(7905, 659)	23975
(23975, 2924)	23976
(289, 4852)	23977
(23977, 291)	23978
(6945, 67)	23979
(3188, 50)	23980
(55, 3721)	23981
(3226, 50)	23982
(1687, 2730)	23983
(1114, 3639)	23984
(434, 446)	23985
(23985, 1108)	23986
(324, 4470)	23987
(23987, 106)	23988
(23988, 16184)	23989
(80, 292)	23990
(23990, 2237)	23991
(15881, 1245)	23992
(23992, 354)	23993
(23993, 10495)	23994
(23994, 313)	23995
(99, 1105)	23996
(23996, 4258)	23997
(1265, 741)	23998
(23998, 262)	23999
(369, 99)	24000
(24000, 334)	24001
(24001, 3902)	24002
(9025, 1838)	24003
(7910, 259)	24004
(24004, 436)	24005
(1462, 16191)	24006
(309, 1578)	24007
(2679, 346)	24008
(10499, 101)	24009
(9030, 1019)	24010
(24010, 121)	24011
(364, 452)	24012
(24012, 1471)	24013
(7729, 338)	24014
(24014, 114)	24015
(311, 339)	24016
(24016, 458)	24017
(299, 12663)	24018
(24018, 854)	24019
(24019, 9031)	24020
(4493, 10500)	24021
(16198, 6014)	24022
(8577, 833)	24023
(24023, 441)	24024
(24024, 352)	24025
(404, 365)	24026
(24026, 1019)	24027
(299, 392)	24028
(24028, 266)	24029
(5503, 121)	24030
(16199, 317)	24031
(24031, 3990)	24032
(16200, 3969)	24033
(3358, 3220)	24034
(24034, 115)	24035
(24035, 3480)	24036
(8492, 115)	24037
(484, 12665)	24038
(324, 1665)	24039
(24039, 400)	24040
(323, 706)	24041
(24041, 521)	24042
(24042, 692)	24043
(362, 736)	24044
(24044, 567)	24045
(24045, 16208)	24046
(24046, 313)	24047
(323, 828)	24048
(24048, 456)	24049
(24049, 283)	24050
(24050, 617)	24051
(24051, 466)	24052
(24052, 466)	24053
(24053, 6885)	24054
(16209, 292)	24055
(24055, 537)	24056
(24056, 1665)	24057
(24057, 1541)	24058
(2059, 259)	24059
(24059, 2735)	24060
(24060, 759)	24061
(5548, 12668)	24062
(1552, 2923)	24063
(955, 1828)	24064
(16213, 4133)	24065
(2952, 260)	24066
(24066, 397)	24067
(678, 339)	24068
(2099, 66)	24069
(24069, 2839)	24070
(4103, 4825)	24071
(810, 358)	24072
(24072, 10505)	24073
(295, 259)	24074
(24074, 9043)	24075
(2816, 411)	24076
(24076, 1134)	24077
(324, 3902)	24078
(12343, 400)	24079
(10507, 1672)	24080
(290, 9045)	24081
(24081, 6018)	24082
(15260, 415)	24083
(24083, 264)	24084
(355, 6746)	24085
(16223, 12671)	24086
(16224, 10509)	24087
(362, 2938)	24088
(7170, 12670)	24089
(277, 325)	24090
(24090, 2110)	24091
(999, 8753)	24092
(24092, 262)	24093
(1260, 16228)	24094
(24094, 115)	24095
(347, 3495)	24096
(24096, 98)	24097
(24097, 445)	24098
(16116, 346)	24099
(10511, 12672)	24100
(356, 1104)	24101
(24101, 16231)	24102
(24102, 268)	24103
(7594, 294)	24104
(45, 1500)	24105
(24105, 104)	24106
(24106, 1981)	24107
(16232, 10515)	24108
(24108, 16233)	24109
(24109, 100)	24110
(24110, 4548)	24111
(24111, 331)	24112
(12677, 703)	24113
(4025, 12003)	24114
(514, 595)	24115
(24115, 5431)	24116
(3503, 515)	24117
(24117, 119)	24118
(24118, 8364)	24119
(591, 326)	24120
(24120, 415)	24121
(24121, 7921)	24122
(591, 9050)	24123
(9052, 346)	24124
(24124, 109)	24125
(24125, 385)	24126
(370, 713)	24127
(24127, 268)	24128
(988, 542)	24129
(1236, 2202)	24130
(4878, 645)	24131
(299, 745)	24132
(24132, 6024)	24133
(2517, 4847)	24134
(290, 968)	24135
(24135, 3986)	24136
(66, 11860)	24137
(3504, 105)	24138
(1547, 750)	24139
(362, 2596)	24140
(24140, 262)	24141
(12685, 105)	24142
(1582, 12686)	24143
(1582, 341)	24144
(24144, 1076)	24145
(16213, 317)	24146
(12266, 1758)	24147
(2269, 5855)	24148
(24148, 4262)	24149
(9972, 402)	24150
(7925, 11631)	24151
(24151, 2401)	24152
(4528, 573)	24153
(10520, 1305)	24154
(264, 569)	24155
(282, 569)	24156
(7576, 751)	24157
(299, 595)	24158
(24158, 537)	24159
(24159, 1838)	24160
(362, 1521)	24161
(24161, 899)	24162
(16247, 12694)	24163
(258, 4083)	24164
(24164, 1400)	24165
(648, 115)	24166
(16252, 122)	24167
(24167, 10524)	24168
(1129, 12358)	24169
(4516, 1752)	24170
(2358, 7506)	24171
(361, 2215)	24172
(24172, 2048)	24173
(2244, 402)	24174
(16257, 339)	24175
(450, 14796)	24176
(104, 10159)	24177
(16267, 65)	24178
(16268, 400)	24179
(840, 4628)	24180
(24180, 2342)	24181
(711, 12698)	24182
(2607, 4353)	24183
(270, 119)	24184
(24184, 267)	24185
(3892, 6028)	24186
(5137, 373)	24187
(16270, 16271)	24188
(24188, 3029)	24189
(67, 2226)	24190
(24190, 645)	24191
(16270, 383)	24192
(24192, 401)	24193
(24193, 8927)	24194
(6379, 677)	24195
(299, 313)	24196
(24196, 544)	24197
(24197, 16275)	24198
(7927, 12520)	24199
(634, 9066)	24200
(65, 9067)	24201
(16285, 2388)	24202
(9001, 6029)	24203
(24203, 498)	24204
(701, 16287)	24205
(361, 428)	24206
(24206, 310)	24207
(1851, 1533)	24208
(1045, 1569)	24209
(12486, 6353)	24210
(24210, 2360)	24211
(3505, 498)	24212
(11773, 12706)	24213
(295, 2362)	24214
(24214, 264)	24215
(7567, 10539)	24216
(360, 379)	24217
(3400, 264)	24218
(3186, 9068)	24219
(3621, 996)	24220
(54, 3422)	24221
(4092, 54)	24222
(7673, 266)	24223
(24223, 2367)	24224
(5023, 260)	24225
(33, 44)	24226
(3732, 5401)	24227
(16307, 165)	24228
(24228, 7934)	24229
(24229, 179)	24230
(24230, 9072)	24231
(24231, 16308)	24232
(24232, 169)	24233
(16307, 16308)	24234
(24234, 166)	24235
(24235, 9072)	24236
(24236, 175)	24237
(24237, 9072)	24238
(24238, 151)	24239
(24239, 7934)	24240
(24240, 175)	24241
(96, 44)	24242
(1465, 16310)	24243
(7181, 280)	24244
(3492, 99)	24245
(24245, 1108)	24246
(16311, 1656)	24247
(3236, 12712)	24248
(323, 10546)	24249
(2193, 346)	24250
(66, 10547)	24251
(16318, 208)	24252
(24252, 187)	24253
(24253, 209)	24254
(24254, 142)	24255
(24255, 209)	24256
(24256, 137)	24257
(4888, 155)	24258
(24258, 7935)	24259
(24259, 16319)	24260
(24260, 150)	24261
(24261, 16320)	24262
(4888, 134)	24263
(24263, 10550)	24264
(24264, 12717)	24265
(24265, 16321)	24266
(24266, 12718)	24267
(24267, 209)	24268
(24268, 135)	24269
(1458, 825)	24270
(2223, 352)	24271
(24271, 1104)	24272
(5044, 267)	24273
(80, 339)	24274
(24274, 10549)	24275
(356, 423)	24276
(24276, 110)	24277
(5527, 771)	24278
(24278, 535)	24279
(24279, 400)	24280
(8869, 498)	24281
(1036, 6260)	24282
(7905, 10551)	24283
(2908, 379)	24284
(24284, 1335)	24285
(543, 2958)	24286
(7937, 115)	24287
(16327, 680)	24288
(1362, 1777)	24289
(2355, 116)	24290
(24290, 3641)	24291
(12723, 115)	24292
(303, 908)	24293
(24293, 708)	24294
(311, 1985)	24295
(16329, 7776)	24296
(6554, 5184)	24297
(277, 2005)	24298
(1646, 2215)	24299
(1446, 2858)	24300
(45, 7938)	24301
(24301, 627)	24302
(420, 9974)	24303
(2283, 7517)	24304
(1616, 399)	24305
(24305, 807)	24306
(16338, 3167)	24307
(4892, 392)	24308
(679, 9086)	24309
(15222, 3530)	24310
(100, 1907)	24311
(303, 1381)	24312
(24312, 9062)	24313
(295, 341)	24314
(24314, 3296)	24315
(24315, 588)	24316
(49, 312)	24317
(1501, 16343)	24318
(290, 73)	24319
(24319, 71)	24320
(290, 5557)	24321
(355, 12734)	24322
(8600, 12730)	24323
(341, 4746)	24324
(7940, 2427)	24325
(10563, 115)	24326
(10564, 6558)	24327
(1786, 9066)	24328
(40, 115)	24329
(299, 453)	24330
(7941, 11781)	24331
(1797, 16344)	24332
(5106, 1853)	24333
(12740, 5029)	24334
(24334, 260)	24335
(4129, 390)	24336
(5558, 16343)	24337
(3490, 1220)	24338
(84, 12741)	24339
(1935, 455)	24340
(24340, 680)	24341
(1651, 16348)	24342
(4129, 1461)	24343
(45, 493)	24344
(24344, 16348)	24345
(3720, 1305)	24346
(7021, 996)	24347
(8685, 286)	24348
(24348, 379)	24349
(24349, 267)	24350
(284, 16352)	24351
(430, 433)	24352
(9089, 699)	24353
(360, 7192)	24354
(10499, 2388)	24355
(1609, 116)	24356
(16360, 16310)	24357
(986, 2169)	24358
(3270, 2580)	24359
(24359, 80)	24360
(1724, 3553)	24361
(11904, 9092)	24362
(387, 1731)	24363
(9093, 268)	24364
(24364, 2444)	24365
(624, 102)	24366
(24366, 658)	24367
(24367, 557)	24368
(16363, 16364)	24369
(448, 16366)	24370
(2671, 2406)	24371
(1530, 2189)	24372
(12753, 84)	24373
(1214, 1126)	24374
(24374, 460)	24375
(12754, 932)	24376
(24376, 1591)	24377
(24377, 2152)	24378
(391, 10434)	24379
(24379, 381)	24380
(1013, 406)	24381
(24381, 1835)	24382
(9993, 4220)	24383
(5814, 588)	24384
(2928, 373)	24385
(24385, 833)	24386
(15611, 390)	24387
(24387, 8609)	24388
(362, 2095)	24389
(24389, 16163)	24390
(295, 79)	24391
(364, 739)	24392
(24392, 506)	24393
(24393, 3259)	24394
(16372, 102)	24395
(24395, 2392)	24396
(3975, 402)	24397
(46, 4608)	24398
(2838, 16378)	24399
(323, 976)	24400
(24400, 3581)	24401
(1239, 546)	24402
(1295, 108)	24403
(24403, 475)	24404
(284, 12183)	24405
(1680, 1895)	24406
(24406, 339)	24407
(12122, 1678)	24408
(24408, 10577)	24409
(1164, 34)	24410
(10578, 267)	24411
(8938, 417)	24412
(1035, 8481)	24413
(3752, 292)	24414
(24414, 627)	24415
(2256, 16382)	24416
(16384, 345)	24417
(16385, 1323)	24418
(1030, 417)	24419
(6547, 4582)	24420
(16387, 260)	24421
(16389, 1969)	24422
(7193, 1059)	24423
(24423, 339)	24424
(15394, 4965)	24425
(12760, 339)	24426
(14912, 3247)	24427
(729, 9963)	24428
(8851, 279)	24429
(76, 1411)	24430
(24430, 4897)	24431
(69, 728)	24432
(303, 86)	24433
(24433, 79)	24434
(16395, 4635)	24435
(6044, 993)	24436
(24436, 16396)	24437
(12762, 967)	24438
(24438, 400)	24439
(10564, 12764)	24440
(3569, 480)	24441
(24441, 4487)	24442
(24442, 305)	24443
(24443, 498)	24444
(1073, 627)	24445
(311, 390)	24446
(348, 4566)	24447
(484, 1761)	24448
(24448, 428)	24449
(4385, 1660)	24450
(6504, 14782)	24451
(6045, 3482)	24452
(484, 5715)	24453
(24453, 2938)	24454
(532, 264)	24455
(3883, 273)	24456
(24456, 3306)	24457
(2706, 11765)	24458
(82, 5552)	24459
(355, 5552)	24460
(10189, 592)	24461
(747, 11765)	24462
(489, 2222)	24463
(577, 1783)	24464
(290, 2042)	24465
(24465, 267)	24466
(3331, 115)	24467
(350, 67)	24468
(299, 4253)	24469
(24469, 262)	24470
(3535, 3179)	24471
(24471, 1421)	24472
(347, 3991)	24473
(24473, 10551)	24474
(24474, 111)	24475
(2276, 400)	24476
(10594, 327)	24477
(24477, 4241)	24478
(678, 1838)	24479
(295, 1591)	24480
(24480, 97)	24481
(15853, 2686)	24482
(7919, 122)	24483
(7138, 2938)	24484
(256, 313)	24485
(24485, 696)	24486
(16426, 97)	24487
(66, 105)	24488
(24488, 3669)	24489
(12626, 1563)	24490
(264, 5456)	24491
(3162, 115)	24492
(4766, 1563)	24493
(577, 16429)	24494
(7490, 279)	24495
(24495, 996)	24496
(68, 12774)	24497
(1797, 269)	24498
(2182, 1151)	24499
(4051, 16433)	24500
(1935, 496)	24501
(1649, 9729)	24502
(115, 398)	24503
(24503, 271)	24504
(24504, 414)	24505
(575, 8868)	24506
(24506, 286)	24507
(99, 7114)	24508
(16436, 402)	24509
(2095, 376)	24510
(24510, 1081)	24511
(699, 761)	24512
(115, 415)	24513
(24513, 512)	24514
(24514, 16441)	24515
(331, 1591)	24516
(24516, 1752)	24517
(324, 10600)	24518
(24518, 10601)	24519
(8878, 16441)	24520
(6046, 7957)	24521
(3148, 97)	24522
(364, 16442)	24523
(24523, 968)	24524
(24524, 107)	24525
(350, 69)	24526
(24526, 87)	24527
(24527, 69)	24528
(591, 3594)	24529
(24529, 3869)	24530
(6565, 4795)	24531
(307, 16448)	24532
(434, 398)	24533
(24533, 734)	24534
(459, 1087)	24535
(24535, 1310)	24536
(16452, 1061)	24537
(591, 644)	24538
(24538, 102)	24539
(4018, 433)	24540
(356, 275)	24541
(24541, 327)	24542
(24542, 5825)	24543
(24543, 731)	24544
(32, 7147)	24545
(24545, 346)	24546
(16457, 7960)	24547
(315, 2166)	24548
(24548, 1549)	24549
(16459, 7960)	24550
(16460, 267)	24551
(720, 12042)	24552
(24552, 267)	24553
(16461, 759)	24554
(1095, 3501)	24555
(24555, 693)	24556
(10612, 269)	24557
(855, 433)	24558
(24558, 103)	24559
(24559, 806)	24560
(1795, 264)	24561
(24561, 631)	24562
(24562, 260)	24563
(9110, 2374)	24564
(7963, 6213)	24565
(2869, 260)	24566
(427, 314)	24567
(24567, 269)	24568
(24568, 280)	24569
(24569, 260)	24570
(350, 619)	24571
(1172, 6450)	24572
(16468, 6421)	24573
(3032, 286)	24574
(16469, 3208)	24575
(4127, 372)	24576
(10618, 304)	24577
(2266, 3696)	24578
(12788, 267)	24579
(39, 3172)	24580
(16100, 428)	24581
(2949, 670)	24582
(5106, 257)	24583
(24583, 1084)	24584
(303, 887)	24585
(24585, 389)	24586
(24586, 400)	24587
(3724, 291)	24588
(12795, 338)	24589
(4119, 1541)	24590
(281, 398)	24591
(24591, 97)	24592
(12797, 338)	24593
(367, 16479)	24594
(24594, 7512)	24595
(24595, 381)	24596
(272, 317)	24597
(24597, 1554)	24598
(1530, 115)	24599
(884, 10238)	24600
(12797, 1488)	24601
(884, 396)	24602
(24602, 4829)	24603
(281, 908)	24604
(24604, 417)	24605
(15599, 825)	24606
(45, 909)	24607
(24607, 4068)	24608
(24608, 2938)	24609
(2626, 1802)	24610
(12802, 10625)	24611
(24611, 5042)	24612
(24612, 216)	24613
(24613, 179)	24614
(24614, 12803)	24615
(12802, 10626)	24616
(24616, 10627)	24617
(16486, 399)	24618
(16486, 417)	24619
(16491, 260)	24620
(2276, 12808)	24621
(6485, 336)	24622
(24622, 301)	24623
(1448, 376)	24624
(4975, 97)	24625
(434, 283)	24626
(24626, 10632)	24627
(3003, 10225)	24628
(356, 534)	24629
(24629, 109)	24630
(24630, 2402)	24631
(360, 433)	24632
(24632, 6501)	24633
(5535, 262)	24634
(16497, 12810)	24635
(15253, 1672)	24636
(16498, 10295)	24637
(10634, 1672)	24638
(355, 2084)	24639
(24639, 10635)	24640
(3003, 12810)	24641
(76, 7199)	24642
(24642, 2503)	24643
(76, 1777)	24644
(116, 1318)	24645
(24645, 101)	24646
(6368, 105)	24647
(24647, 2503)	24648
(554, 16503)	24649
(1798, 12263)	24650
(256, 457)	24651
(24651, 1266)	24652
(320, 533)	24653
(24653, 271)	24654
(1119, 1032)	24655
(24655, 4033)	24656
(12812, 2251)	24657
(323, 115)	24658
(24658, 1170)	24659
(24659, 411)	24660
(24660, 4721)	24661
(15748, 693)	24662
(16508, 399)	24663
(1179, 887)	24664
(24664, 269)	24665
(24665, 400)	24666
(5021, 4241)	24667
(362, 16512)	24668
(1724, 5297)	24669
(315, 1777)	24670
(6827, 1262)	24671
(24671, 12813)	24672
(12814, 101)	24673
(3501, 1531)	24674
(14892, 2735)	24675
(307, 1139)	24676
(24676, 2503)	24677
(1045, 271)	24678
(24678, 1758)	24679
(24679, 3066)	24680
(295, 9118)	24681
(4428, 268)	24682
(24682, 266)	24683
(2607, 12817)	24684
(24684, 268)	24685
(24685, 399)	24686
(853, 1812)	24687
(324, 16525)	24688
(272, 305)	24689
(24689, 535)	24690
(24690, 100)	24691
(24691, 273)	24692
(364, 2423)	24693
(16526, 16527)	24694
(86, 12820)	24695
(4750, 2539)	24696
(4428, 2390)	24697
(7203, 1205)	24698
(6576, 108)	24699
(24699, 2198)	24700
(4140, 112)	24701
(24701, 1025)	24702
(16536, 10295)	24703
(430, 108)	24704
(24704, 12823)	24705
(2944, 306)	24706
(24706, 12823)	24707
(663, 114)	24708
(24708, 12824)	24709
(3989, 3960)	24710
(7971, 9122)	24711
(3241, 336)	24712
(24712, 257)	24713
(16541, 497)	24714
(1350, 1752)	24715
(290, 668)	24716
(24716, 279)	24717
(1700, 10642)	24718
(1045, 110)	24719
(24719, 6372)	24720
(24720, 930)	24721
(24721, 105)	24722
(4727, 7972)	24723
(24723, 97)	24724
(16545, 3066)	24725
(328, 15512)	24726
(2195, 589)	24727
(24727, 109)	24728
(3883, 12822)	24729
(24729, 2077)	24730
(24730, 317)	24731
(24731, 269)	24732
(14760, 352)	24733
(5450, 497)	24734
(9123, 6016)	24735
(2669, 2615)	24736
(2366, 4086)	24737
(459, 3497)	24738
(490, 7006)	24739
(24739, 637)	24740
(24740, 2015)	24741
(82, 5192)	24742
(7919, 121)	24743
(45, 304)	24744
(24744, 823)	24745
(16556, 1043)	24746
(51, 4092)	24747
(102, 7118)	24748
(16557, 112)	24749
(24749, 346)	24750
(342, 3162)	24751
(24751, 267)	24752
(1251, 453)	24753
(24753, 287)	24754
(24754, 563)	24755
(76, 4589)	24756
(12829, 585)	24757
(2634, 442)	24758
(3843, 3306)	24759
(361, 1508)	24760
(4200, 474)	24761
(24761, 267)	24762
(434, 5869)	24763
(362, 2539)	24764
(10096, 2135)	24765
(678, 3630)	24766
(3635, 967)	24767
(83, 12834)	24768
(12835, 339)	24769
(560, 259)	24770
(12836, 16569)	24771
(309, 266)	24772
(24772, 589)	24773
(24773, 1222)	24774
(24774, 573)	24775
(14931, 116)	24776
(24776, 565)	24777
(303, 5576)	24778
(418, 115)	24779
(4550, 410)	24780
(86, 268)	24781
(24781, 313)	24782
(72, 7980)	24783
(24783, 259)	24784
(4140, 3593)	24785
(5193, 14675)	24786
(16574, 267)	24787
(1402, 807)	24788
(835, 118)	24789
(24789, 7212)	24790
(24790, 269)	24791
(835, 2077)	24792
(115, 799)	24793
(6053, 269)	24794
(434, 339)	24795
(24795, 488)	24796
(24796, 12841)	24797
(24797, 1899)	24798
(24798, 3997)	24799
(290, 394)	24800
(24800, 1849)	24801
(3898, 52)	24802
(7632, 16575)	24803
(24803, 3860)	24804
(10651, 291)	24805
(16576, 1488)	24806
(24806, 7743)	24807
(7211, 3669)	24808
(370, 10652)	24809
(24809, 400)	24810
(360, 829)	24811
(24811, 3171)	24812
(7894, 115)	24813
(24813, 10653)	24814
(68, 2150)	24815
(16583, 305)	24816
(24816, 266)	24817
(409, 901)	24818
(24818, 477)	24819
(7211, 1205)	24820
(5876, 12847)	24821
(32, 126)	24822
(1767, 597)	24823
(1767, 41)	24824
(347, 5526)	24825
(24825, 731)	24826
(2848, 400)	24827
(12493, 4067)	24828
(7983, 85)	24829
(3469, 8728)	24830
(3935, 1864)	24831
(24831, 608)	24832
(294, 316)	24833
(484, 843)	24834
(4396, 4980)	24835
(12033, 262)	24836
(11917, 4739)	24837
(5756, 2226)	24838
(15922, 699)	24839
(24839, 557)	24840
(83, 14505)	24841
(3704, 527)	24842
(24842, 16601)	24843
(14740, 3564)	24844
(24844, 103)	24845
(2706, 16605)	24846
(12855, 7214)	24847
(884, 267)	24848
(10664, 5150)	24849
(290, 5150)	24850
(47, 5580)	24851
(47, 263)	24852
(1915, 1287)	24853
(5038, 2415)	24854
(24854, 396)	24855
(24855, 344)	24856
(24856, 414)	24857
(2890, 3781)	24858
(387, 2509)	24859
(560, 6363)	24860
(24860, 266)	24861
(12860, 113)	24862
(24862, 105)	24863
(24863, 8364)	24864
(24864, 310)	24865
(24865, 535)	24866
(24866, 105)	24867
(281, 2587)	24868
(24868, 1641)	24869
(83, 3902)	24870
(24870, 7215)	24871
(819, 411)	24872
(24872, 2651)	24873
(6297, 101)	24874
(1851, 1287)	24875
(4811, 291)	24876
(2890, 567)	24877
(24877, 585)	24878
(4110, 52)	24879
(1119, 436)	24880
(364, 72)	24881
(24881, 79)	24882
(12865, 417)	24883
(24883, 262)	24884
(360, 9142)	24885
(24885, 2444)	24886
(2424, 383)	24887
(24887, 3118)	24888
(16623, 535)	24889
(24889, 692)	24890
(71, 7993)	24891
(24891, 428)	24892
(16278, 449)	24893
(2580, 16626)	24894
(3270, 15080)	24895
(82, 1235)	24896
(1935, 396)	24897
(24897, 346)	24898
(16631, 260)	24899
(307, 6928)	24900
(4975, 2903)	24901
(3769, 3416)	24902
(24902, 990)	24903
(459, 467)	24904
(24904, 967)	24905
(309, 568)	24906
(500, 16637)	24907
(6586, 267)	24908
(1295, 3537)	24909
(3780, 567)	24910
(24910, 1590)	24911
(6528, 7399)	24912
(24912, 10670)	24913
(11892, 97)	24914
(819, 97)	24915
(332, 1888)	24916
(24916, 97)	24917
(819, 275)	24918
(67, 79)	24919
(24919, 12838)	24920
(9829, 1686)	24921
(99, 1449)	24922
(104, 2247)	24923
(6452, 623)	24924
(12181, 101)	24925
(16640, 592)	24926
(285, 12876)	24927
(24927, 6429)	24928
(80, 1506)	24929
(24929, 763)	24930
(8988, 466)	24931
(24931, 3705)	24932
(24932, 325)	24933
(4260, 354)	24934
(1623, 468)	24935
(264, 1193)	24936
(16642, 645)	24937
(1616, 7156)	24938
(2478, 291)	24939
(320, 1727)	24940
(6726, 8329)	24941
(429, 68)	24942
(24942, 97)	24943
(15864, 2015)	24944
(824, 100)	24945
(24945, 267)	24946
(6218, 602)	24947
(58, 83)	24948
(58, 77)	24949
(12502, 291)	24950
(320, 109)	24951
(3874, 1444)	24952
(324, 887)	24953
(24953, 2505)	24954
(12881, 4031)	24955
(690, 268)	24956
(24956, 6055)	24957
(24957, 269)	24958
(2107, 1414)	24959
(2363, 319)	24960
(24960, 1305)	24961
(2283, 754)	24962
(7218, 408)	24963
(320, 6419)	24964
(10675, 108)	24965
(24965, 15751)	24966
(678, 3986)	24967
(24967, 1319)	24968
(44, 1477)	24969
(387, 67)	24970
(7219, 267)	24971
(16638, 269)	24972
(16662, 85)	24973
(348, 4278)	24974
(277, 4278)	24975
(1221, 11520)	24976
(24976, 497)	24977
(24977, 474)	24978
(10344, 373)	24979
(2125, 750)	24980
(71, 16668)	24981
(360, 16668)	24982
(3874, 283)	24983
(24983, 10500)	24984
(801, 99)	24985
(24985, 2538)	24986
(311, 264)	24987
(7221, 515)	24988
(24988, 615)	24989
(24989, 291)	24990
(12691, 292)	24991
(634, 467)	24992
(11788, 3913)	24993
(24993, 291)	24994
(1152, 1351)	24995
(9800, 260)	24996
(517, 1561)	24997
(24997, 3174)	24998
(988, 381)	24999
(24999, 2402)	25000
(324, 505)	25001
(25001, 116)	25002
(25002, 708)	25003
(7223, 3662)	25004
(9154, 3580)	25005
(323, 3467)	25006
(25006, 264)	25007
(4094, 98)	25008
(25008, 763)	25009
(332, 4369)	25010
(16689, 1393)	25011
(16690, 7214)	25012
(114, 7996)	25013
(16693, 46)	25014
(320, 15707)	25015
(110, 109)	25016
(76, 4290)	25017
(3699, 5274)	25018
(10681, 9007)	25019
(7063, 445)	25020
(25020, 117)	25021
(78, 5157)	25022
(25022, 118)	25023
(25023, 117)	25024
(6886, 441)	25025
(25025, 117)	25026
(16698, 396)	25027
(3644, 105)	25028
(25028, 67)	25029
(25029, 1108)	25030
(3258, 829)	25031
(1745, 41)	25032
(1680, 325)	25033
(5725, 267)	25034
(309, 572)	25035
(25035, 259)	25036
(25036, 411)	25037
(1728, 583)	25038
(5503, 2055)	25039
(678, 3825)	25040
(25040, 4508)	25041
(7749, 9158)	25042
(7927, 14720)	25043
(25043, 120)	25044
(25044, 1796)	25045
(4106, 97)	25046
(16268, 292)	25047
(3160, 117)	25048
(25048, 1987)	25049
(4633, 5690)	25050
(655, 336)	25051
(51, 308)	25052
(4583, 280)	25053
(6197, 2039)	25054
(4219, 3755)	25055
(1699, 7793)	25056
(3646, 1063)	25057
(25057, 703)	25058
(7584, 1205)	25059
(448, 954)	25060
(25060, 292)	25061
(2321, 1205)	25062
(15139, 2902)	25063
(11801, 843)	25064
(25064, 1205)	25065
(10687, 16715)	25066
(12913, 970)	25067
(1350, 843)	25068
(25068, 373)	25069
(1045, 267)	25070
(25070, 457)	25071
(812, 447)	25072
(307, 1407)	25073
(25073, 3201)	25074
(12911, 373)	25075
(5589, 16719)	25076
(3400, 114)	25077
(25077, 16715)	25078
(7084, 713)	25079
(3098, 397)	25080
(1988, 7230)	25081
(25081, 685)	25082
(80, 521)	25083
(25083, 3630)	25084
(16721, 9161)	25085
(7045, 1006)	25086
(25086, 1105)	25087
(1140, 6062)	25088
(812, 728)	25089
(25089, 313)	25090
(16729, 313)	25091
(1468, 317)	25092
(25092, 2598)	25093
(3534, 1381)	25094
(25094, 8637)	25095
(25095, 12922)	25096
(25096, 341)	25097
(350, 4132)	25098
(25098, 280)	25099
(25099, 268)	25100
(87, 6063)	25101
(7562, 3986)	25102
(85, 3279)	25103
(25103, 80)	25104
(83, 314)	25105
(25105, 4627)	25106
(892, 339)	25107
(69, 4315)	25108
(25108, 1711)	25109
(1646, 3244)	25110
(1066, 4290)	25111
(2459, 318)	25112
(25112, 262)	25113
(3102, 373)	25114
(5912, 1812)	25115
(6954, 120)	25116
(45, 1362)	25117
(25117, 316)	25118
(25118, 116)	25119
(4614, 512)	25120
(25120, 432)	25121
(9165, 873)	25122
(9168, 677)	25123
(309, 656)	25124
(25124, 101)	25125
(1413, 8011)	25126
(1265, 2402)	25127
(1030, 86)	25128
(25128, 5200)	25129
(1935, 3800)	25130
(2991, 267)	25131
(68, 10697)	25132
(2249, 6849)	25133
(356, 6958)	25134
(25134, 119)	25135
(4246, 260)	25136
(25136, 3734)	25137
(16745, 268)	25138
(25138, 909)	25139
(25139, 268)	25140
(484, 16746)	25141
(6776, 268)	25142
(25142, 10699)	25143
(2861, 82)	25144
(1362, 374)	25145
(25145, 428)	25146
(7406, 16748)	25147
(5823, 12937)	25148
(16749, 346)	25149
(4385, 12944)	25150
(25150, 594)	25151
(25151, 16751)	25152
(11680, 317)	25153
(25153, 110)	25154
(16753, 267)	25155
(309, 16754)	25156
(15852, 4740)	25157
(290, 1208)	25158
(2232, 685)	25159
(362, 12935)	25160
(2121, 798)	25161
(8012, 104)	25162
(25162, 110)	25163
(12618, 111)	25164
(3625, 537)	25165
(25165, 269)	25166
(8694, 3183)	25167
(3301, 310)	25168
(25168, 2546)	25169
(999, 3830)	25170
(16758, 3027)	25171
(360, 1186)	25172
(350, 271)	25173
(25173, 731)	25174
(25174, 117)	25175
(2491, 4692)	25176
(68, 2390)	25177
(356, 4401)	25178
(25178, 1409)	25179
(391, 16761)	25180
(25180, 8381)	25181
(25181, 10701)	25182
(25182, 336)	25183
(25183, 98)	25184
(25184, 16762)	25185
(25185, 649)	25186
(25186, 280)	25187
(8482, 807)	25188
(10703, 12948)	25189
(1957, 1323)	25190
(16768, 4868)	25191
(15454, 6532)	25192
(25192, 111)	25193
(3324, 3951)	25194
(25194, 703)	25195
(25195, 7235)	25196
(25196, 365)	25197
(434, 16772)	25198
(404, 16779)	25199
(25199, 107)	25200
(1221, 97)	25201
(434, 480)	25202
(25202, 488)	25203
(25203, 10440)	25204
(67, 9176)	25205
(25205, 400)	25206
(104, 16785)	25207
(83, 12954)	25208
(12956, 262)	25209
(1356, 97)	25210
(1442, 466)	25211
(25211, 546)	25212
(10704, 400)	25213
(16789, 787)	25214
(25214, 1672)	25215
(309, 98)	25216
(25216, 10706)	25217
(9179, 110)	25218
(794, 346)	25219
(835, 1751)	25220
(25220, 703)	25221
(12961, 2921)	25222
(1623, 970)	25223
(434, 317)	25224
(25224, 788)	25225
(360, 10351)	25226
(1924, 2850)	25227
(25227, 97)	25228
(71, 10351)	25229
(324, 12963)	25230
(1571, 68)	25231
(7905, 12968)	25232
(25232, 481)	25233
(884, 4812)	25234
(1035, 15051)	25235
(3977, 267)	25236
(986, 1626)	25237
(5204, 1043)	25238
(465, 16804)	25239
(307, 67)	25240
(25240, 73)	25241
(1253, 10110)	25242
(1253, 12810)	25243
(1596, 396)	25244
(25244, 266)	25245
(355, 3972)	25246
(2093, 103)	25247
(25247, 464)	25248
(25248, 263)	25249
(25249, 600)	25250
(25250, 260)	25251
(2261, 3951)	25252
(25252, 1128)	25253
(6065, 589)	25254
(801, 1361)	25255
(25255, 291)	25256
(654, 693)	25257
(369, 559)	25258
(25258, 115)	25259
(25259, 4369)	25260
(307, 3530)	25261
(1031, 1833)	25262
(25262, 731)	25263
(370, 1899)	25264
(25264, 306)	25265
(25265, 331)	25266
(25266, 3580)	25267
(6368, 10281)	25268
(9178, 189)	25269
(25269, 70)	25270
(25270, 75)	25271
(8027, 441)	25272
(11925, 338)	25273
(25273, 974)	25274
(1700, 1756)	25275
(25275, 294)	25276
(2271, 449)	25277
(1501, 291)	25278
(25278, 480)	25279
(66, 5203)	25280
(2121, 16829)	25281
(25281, 397)	25282
(356, 798)	25283
(2854, 704)	25284
(25284, 11593)	25285
(75, 16772)	25286
(6067, 410)	25287
(25287, 2304)	25288
(348, 70)	25289
(625, 2924)	25290
(1573, 8920)	25291
(12977, 291)	25292
(15285, 1068)	25293
(12886, 262)	25294
(25294, 1068)	25295
(1728, 452)	25296
(25296, 680)	25297
(16834, 269)	25298
(11607, 990)	25299
(1739, 16836)	25300
(4697, 802)	25301
(6068, 269)	25302
(2696, 280)	25303
(45, 1485)	25304
(25304, 6909)	25305
(355, 5598)	25306
(25306, 8570)	25307
(663, 2817)	25308
(1596, 752)	25309
(25309, 259)	25310
(25310, 117)	25311
(324, 562)	25312
(25312, 105)	25313
(1701, 107)	25314
(1582, 16853)	25315
(82, 338)	25316
(25316, 333)	25317
(370, 102)	25318
(25318, 1040)	25319
(560, 3416)	25320
(25320, 11626)	25321
(362, 1313)	25322
(25322, 365)	25323
(484, 10721)	25324
(25324, 1335)	25325
(25325, 9197)	25326
(7919, 114)	25327
(25327, 6069)	25328
(369, 16860)	25329
(355, 106)	25330
(25330, 1716)	25331
(25331, 12938)	25332
(25332, 692)	25333
(74, 10723)	25334
(529, 1592)	25335
(25335, 505)	25336
(529, 466)	25337
(25337, 544)	25338
(1030, 327)	25339
(25339, 279)	25340
(6927, 97)	25341
(16869, 274)	25342
(2518, 7511)	25343
(6286, 680)	25344
(12434, 398)	25345
(25345, 3639)	25346
(284, 310)	25347
(25347, 1783)	25348
(434, 9922)	25349
(2619, 696)	25350
(9008, 1540)	25351
(285, 438)	25352
(355, 5706)	25353
(429, 513)	25354
(25354, 317)	25355
(10372, 267)	25356
(1362, 12990)	25357
(364, 3594)	25358
(25358, 264)	25359
(1031, 398)	25360
(25360, 259)	25361
(362, 116)	25362
(25362, 100)	25363
(5058, 269)	25364
(941, 294)	25365
(25365, 1590)	25366
(1428, 383)	25367
(25367, 279)	25368
(25368, 1777)	25369
(11671, 339)	25370
(2486, 286)	25371
(25371, 802)	25372
(3155, 85)	25373
(3295, 12706)	25374
(332, 1040)	25375
(25375, 266)	25376
(360, 16875)	25377
(47, 76)	25378
(25378, 259)	25379
(25379, 3660)	25380
(3209, 1287)	25381
(4302, 304)	25382
(4424, 5022)	25383
(25383, 478)	25384
(46, 120)	25385
(494, 4847)	25386
(68, 16876)	25387
(6890, 1802)	25388
(332, 7243)	25389
(80, 2198)	25390
(503, 5690)	25391
(8566, 417)	25392
(6930, 455)	25393
(10737, 3184)	25394
(12996, 2683)	25395
(25395, 1686)	25396
(265, 873)	25397
(12026, 98)	25398
(25398, 291)	25399
(3698, 105)	25400
(360, 1824)	25401
(25401, 1528)	25402
(8338, 6272)	25403
(13000, 330)	25404
(9013, 10741)	25405
(25405, 10721)	25406
(2982, 594)	25407
(9154, 493)	25408
(25408, 1186)	25409
(16898, 16900)	25410
(2980, 109)	25411
(25411, 2557)	25412
(284, 338)	25413
(25413, 536)	25414
(3030, 996)	25415
(8048, 262)	25416
(2980, 2845)	25417
(348, 686)	25418
(68, 453)	25419
(25419, 98)	25420
(25420, 4369)	25421
(8759, 452)	25422
(25422, 7931)	25423
(7919, 638)	25424
(25424, 263)	25425
(357, 1335)	25426
(25426, 334)	25427
(1260, 68)	25428
(299, 743)	25429
(1403, 830)	25430
(360, 310)	25431
(25431, 677)	25432
(8517, 16914)	25433
(16789, 2929)	25434
(311, 74)	25435
(25435, 1800)	25436
(25436, 73)	25437
(484, 3197)	25438
(25438, 118)	25439
(25439, 271)	25440
(34, 10745)	25441
(360, 1128)	25442
(11513, 2868)	25443
(1364, 558)	25444
(25444, 4381)	25445
(34, 5495)	25446
(16915, 1704)	25447
(353, 76)	25448
(25448, 537)	25449
(25449, 10039)	25450
(305, 116)	25451
(25451, 743)	25452
(46, 411)	25453
(25453, 109)	25454
(46, 263)	25455
(25455, 103)	25456
(47, 586)	25457
(25457, 428)	25458
(95, 119)	25459
(25459, 944)	25460
(25460, 346)	25461
(47, 16917)	25462
(52, 308)	25463
(16919, 102)	25464
(25464, 109)	25465
(46, 7633)	25466
(25466, 925)	25467
(25467, 974)	25468
(13008, 66)	25469
(25469, 968)	25470
(25470, 930)	25471
(25471, 267)	25472
(47, 7609)	25473
(25473, 286)	25474
(2879, 56)	25475
(47, 10745)	25476
(7539, 267)	25477
(25477, 1730)	25478
(16922, 15193)	25479
(16923, 8540)	25480
(25480, 9218)	25481
(25481, 5042)	25482
(523, 1355)	25483
(316, 104)	25484
(25484, 108)	25485
(838, 16924)	25486
(25486, 105)	25487
(25487, 693)	25488
(1036, 1289)	25489
(810, 280)	25490
(10758, 13013)	25491
(1814, 3296)	25492
(25492, 2165)	25493
(3909, 414)	25494
(2137, 5818)	25495
(846, 402)	25496
(16929, 6605)	25497
(25497, 66)	25498
(8786, 10759)	25499
(364, 4290)	25500
(364, 1128)	25501
(25501, 267)	25502
(1392, 379)	25503
(25503, 9994)	25504
(25504, 983)	25505
(39, 316)	25506
(13015, 2902)	25507
(1919, 618)	25508
(69, 85)	25509
(7198, 6471)	25510
(1015, 381)	25511
(16934, 618)	25512
(11851, 5076)	25513
(25513, 8540)	25514
(16923, 13017)	25515
(25515, 218)	25516
(25516, 175)	25517
(25517, 3735)	25518
(8500, 273)	25519
(45, 16936)	25520
(25520, 105)	25521
(12401, 5596)	25522
(2928, 2447)	25523
(65, 16860)	25524
(25524, 84)	25525
(285, 381)	25526
(25526, 2199)	25527
(1168, 115)	25528
(4544, 373)	25529
(25529, 2435)	25530
(323, 4098)	25531
(25531, 586)	25532
(25532, 271)	25533
(16940, 8541)	25534
(25534, 13017)	25535
(16940, 3735)	25536
(2830, 175)	25537
(25537, 9218)	25538
(25538, 8541)	25539
(25539, 5076)	25540
(25540, 10625)	25541
(25541, 13017)	25542
(307, 9908)	25543
(370, 6025)	25544
(5362, 504)	25545
(25545, 105)	25546
(3400, 316)	25547
(25547, 3808)	25548
(25548, 273)	25549
(25549, 379)	25550
(16199, 365)	25551
(309, 2903)	25552
(16153, 1105)	25553
(309, 1105)	25554
(25554, 119)	25555
(25555, 13020)	25556
(409, 1658)	25557
(25557, 117)	25558
(25558, 4171)	25559
(77, 2903)	25560
(4775, 6371)	25561
(5183, 115)	25562
(8757, 317)	25563
(25563, 1929)	25564
(5531, 101)	25565
(25565, 341)	25566
(85, 8057)	25567
(7867, 259)	25568
(25568, 3201)	25569
(86, 101)	25570
(25570, 2924)	25571
(4496, 3476)	25572
(8022, 638)	25573
(307, 513)	25574
(25574, 13030)	25575
(16955, 595)	25576
(25576, 97)	25577
(50, 694)	25578
(77, 1828)	25579
(1219, 365)	25580
(11868, 2441)	25581
(295, 15766)	25582
(25582, 4752)	25583
(3789, 99)	25584
(25584, 9225)	25585
(10007, 287)	25586
(2093, 9944)	25587
(6077, 326)	25588
(25588, 3337)	25589
(6734, 10201)	25590
(25590, 115)	25591
(13033, 379)	25592
(25592, 865)	25593
(15547, 807)	25594
(350, 1669)	25595
(1782, 257)	25596
(25596, 98)	25597
(25597, 13035)	25598
(12144, 84)	25599
(25599, 79)	25600
(78, 381)	25601
(25601, 16043)	25602
(68, 305)	25603
(25603, 110)	25604
(591, 264)	25605
(25605, 544)	25606
(25606, 269)	25607
(362, 3662)	25608
(8613, 406)	25609
(299, 1631)	25610
(86, 13038)	25611
(303, 379)	25612
(25612, 447)	25613
(75, 351)	25614
(8493, 9227)	25615
(941, 325)	25616
(108, 614)	25617
(3502, 899)	25618
(348, 1669)	25619
(25619, 107)	25620
(25620, 1471)	25621
(299, 1553)	25622
(25622, 7073)	25623
(10438, 498)	25624
(12650, 2705)	25625
(434, 16973)	25626
(12740, 3448)	25627
(1036, 103)	25628
(25628, 2042)	25629
(10265, 417)	25630
(2049, 680)	25631
(1265, 1845)	25632
(25632, 908)	25633
(25633, 358)	25634
(25634, 400)	25635
(711, 2730)	25636
(347, 75)	25637
(25637, 4312)	25638
(16461, 354)	25639
(2209, 416)	25640
(285, 13045)	25641
(8454, 7487)	25642
(3718, 592)	25643
(17001, 3249)	25644
(12812, 3292)	25645
(300, 17003)	25646
(25646, 1563)	25647
(335, 445)	25648
(25648, 16275)	25649
(529, 866)	25650
(112, 17004)	25651
(25651, 680)	25652
(13047, 5211)	25653
(672, 417)	25654
(284, 16208)	25655
(25655, 105)	25656
(489, 17005)	25657
(6780, 8579)	25658
(758, 17006)	25659
(25659, 970)	25660
(2461, 696)	25661
(3646, 267)	25662
(8686, 802)	25663
(10780, 2080)	25664
(25664, 264)	25665
(17009, 2042)	25666
(2481, 9232)	25667
(5405, 108)	25668
(25668, 1592)	25669
(4154, 12302)	25670
(454, 2113)	25671
(420, 1113)	25672
(25672, 291)	25673
(494, 3946)	25674
(258, 3632)	25675
(935, 437)	25676
(25676, 478)	25677
(17014, 339)	25678
(10254, 373)	25679
(2890, 1337)	25680
(17016, 122)	25681
(25681, 267)	25682
(17017, 1205)	25683
(575, 271)	25684
(1728, 104)	25685
(25685, 752)	25686
(45, 17018)	25687
(65, 6306)	25688
(6296, 1793)	25689
(262, 354)	25690
(387, 557)	25691
(102, 442)	25692
(65, 318)	25693
(25693, 15132)	25694
(12543, 1105)	25695
(459, 259)	25696
(17019, 16719)	25697
(393, 110)	25698
(25698, 354)	25699
(3156, 16112)	25700
(25700, 1012)	25701
(8536, 267)	25702
(75, 6786)	25703
(25703, 1026)	25704
(25704, 264)	25705
(25705, 1756)	25706
(25706, 104)	25707
(77, 7993)	25708
(25708, 291)	25709
(5049, 17020)	25710
(1091, 2039)	25711
(517, 17021)	25712
(1111, 677)	25713
(77, 1750)	25714
(309, 1750)	25715
(350, 1968)	25716
(25716, 2692)	25717
(1475, 2692)	25718
(9233, 525)	25719
(5388, 1995)	25720
(3880, 7477)	25721
(726, 1704)	25722
(450, 273)	25723
(13064, 4689)	25724
(395, 4978)	25725
(265, 2198)	25726
(1135, 4965)	25727
(6893, 9103)	25728
(775, 4825)	25729
(4537, 291)	25730
(4671, 15101)	25731
(13068, 623)	25732
(3720, 471)	25733
(6084, 1883)	25734
(4428, 601)	25735
(2045, 345)	25736
(4233, 6824)	25737
(10644, 383)	25738
(2162, 2319)	25739
(311, 1730)	25740
(25740, 859)	25741
(25741, 115)	25742
(362, 381)	25743
(25743, 9083)	25744
(4777, 346)	25745
(5856, 291)	25746
(7719, 267)	25747
(1036, 976)	25748
(355, 371)	25749
(25749, 9081)	25750
(70, 1148)	25751
(1410, 331)	25752
(25752, 4031)	25753
(82, 499)	25754
(1344, 291)	25755
(3104, 6445)	25756
(25756, 447)	25757
(482, 692)	25758
(4972, 116)	25759
(1924, 485)	25760
(2550, 10225)	25761
(265, 8790)	25762
(885, 5200)	25763
(25763, 1706)	25764
(11941, 967)	25765
(256, 540)	25766
(74, 4475)	25767
(10265, 16170)	25768
(5132, 115)	25769
(71, 3447)	25770
(17043, 718)	25771
(79, 1477)	25772
(25772, 859)	25773
(25773, 111)	25774
(2269, 1861)	25775
(4528, 259)	25776
(3897, 260)	25777
(17044, 6722)	25778
(5062, 650)	25779
(7576, 106)	25780
(25780, 291)	25781
(10790, 4067)	25782
(25782, 117)	25783
(307, 8071)	25784
(25784, 1105)	25785
(76, 6063)	25786
(45, 333)	25787
(25787, 4833)	25788
(4121, 2639)	25789
(1831, 374)	25790
(25790, 269)	25791
(25791, 1494)	25792
(119, 2084)	25793
(1965, 279)	25794
(8815, 557)	25795
(13083, 608)	25796
(77, 854)	25797
(25797, 8073)	25798
(300, 17048)	25799
(65, 2782)	25800
(13088, 165)	25801
(25801, 138)	25802
(25802, 233)	25803
(25803, 186)	25804
(25804, 151)	25805
(2232, 17051)	25806
(13088, 157)	25807
(25807, 168)	25808
(25808, 17052)	25809
(25809, 189)	25810
(362, 399)	25811
(25811, 121)	25812
(25812, 326)	25813
(25813, 9122)	25814
(323, 82)	25815
(3809, 7555)	25816
(5546, 4752)	25817
(13092, 275)	25818
(364, 475)	25819
(16768, 87)	25820
(25820, 10794)	25821
(364, 13094)	25822
(25822, 76)	25823
(1114, 105)	25824
(1571, 76)	25825
(45, 2945)	25826
(25826, 1056)	25827
(1112, 546)	25828
(87, 1684)	25829
(9240, 557)	25830
(76, 3511)	25831
(3876, 1326)	25832
(25832, 3135)	25833
(307, 1283)	25834
(25834, 510)	25835
(5980, 573)	25836
(5084, 3662)	25837
(25837, 313)	25838
(17058, 499)	25839
(83, 901)	25840
(25840, 111)	25841
(844, 6492)	25842
(3886, 112)	25843
(25843, 3227)	25844
(8076, 381)	25845
(844, 4343)	25846
(364, 17062)	25847
(1042, 101)	25848
(25848, 267)	25849
(17067, 7518)	25850
(3321, 3565)	25851
(25851, 7518)	25852
(81, 8071)	25853
(25853, 13102)	25854
(3534, 314)	25855
(25855, 7518)	25856
(87, 17062)	25857
(9005, 471)	25858
(356, 828)	25859
(25859, 326)	25860
(25860, 373)	25861
(378, 677)	25862
(2261, 115)	25863
(12460, 802)	25864
(17074, 1810)	25865
(17075, 4980)	25866
(13108, 262)	25867
(999, 259)	25868
(25868, 17076)	25869
(17077, 9680)	25870
(16141, 14953)	25871
(45, 7199)	25872
(25872, 4864)	25873
(2448, 3187)	25874
(8764, 823)	25875
(6572, 3669)	25876
(1687, 546)	25877
(6003, 266)	25878
(25878, 1004)	25879
(11944, 1176)	25880
(3075, 16352)	25881
(1588, 469)	25882
(25882, 287)	25883
(25883, 705)	25884
(25884, 286)	25885
(1588, 15896)	25886
(6418, 326)	25887
(25887, 275)	25888
(67, 305)	25889
(25889, 17080)	25890
(16749, 352)	25891
(25891, 816)	25892
(83, 306)	25893
(25893, 330)	25894
(25894, 399)	25895
(68, 1984)	25896
(25896, 7901)	25897
(4891, 262)	25898
(6949, 1841)	25899
(25899, 412)	25900
(25900, 3304)	25901
(1447, 280)	25902
(3883, 275)	25903
(25903, 1412)	25904
(80, 512)	25905
(25905, 399)	25906
(323, 512)	25907
(4649, 260)	25908
(25908, 851)	25909
(309, 1450)	25910
(25910, 1101)	25911
(1891, 275)	25912
(4639, 319)	25913
(25913, 843)	25914
(2944, 2860)	25915
(25915, 115)	25916
(13114, 3669)	25917
(10807, 3669)	25918
(924, 1578)	25919
(4843, 291)	25920
(1891, 17082)	25921
(8474, 345)	25922
(2702, 736)	25923
(25923, 7477)	25924
(17085, 344)	25925
(25925, 1618)	25926
(25926, 121)	25927
(324, 658)	25928
(25928, 423)	25929
(17085, 6907)	25930
(1251, 2319)	25931
(71, 83)	25932
(25932, 9245)	25933
(591, 6519)	25934
(17089, 417)	25935
(7827, 269)	25936
(68, 3085)	25937
(25937, 9247)	25938
(25938, 97)	25939
(765, 13117)	25940
(6243, 400)	25941
(5302, 3978)	25942
(25942, 1667)	25943
(543, 469)	25944
(25944, 267)	25945
(1267, 435)	25946
(2147, 3359)	25947
(2883, 306)	25948
(25948, 267)	25949
(284, 5014)	25950
(936, 17090)	25951
(2147, 471)	25952
(5169, 346)	25953
(835, 1183)	25954
(25954, 336)	25955
(3780, 17092)	25956
(25956, 115)	25957
(8081, 1853)	25958
(3173, 317)	25959
(5273, 692)	25960
(393, 1305)	25961
(285, 330)	25962
(25962, 2795)	25963
(514, 6519)	25964
(360, 330)	25965
(25965, 562)	25966
(25966, 101)	25967
(5204, 10810)	25968
(949, 17096)	25969
(1030, 5817)	25970
(67, 13121)	25971
(591, 428)	25972
(25972, 788)	25973
(10662, 105)	25974
(104, 1963)	25975
(25975, 121)	25976
(324, 1538)	25977
(25977, 268)	25978
(10811, 102)	25979
(25979, 656)	25980
(7900, 708)	25981
(303, 466)	25982
(25982, 6770)	25983
(4983, 317)	25984
(25984, 4508)	25985
(10305, 967)	25986
(357, 121)	25987
(25987, 562)	25988
(299, 1068)	25989
(25989, 17117)	25990
(16030, 155)	25991
(25991, 13128)	25992
(25992, 6069)	25993
(732, 704)	25994
(25994, 103)	25995
(17118, 8658)	25996
(2349, 1473)	25997
(4602, 17127)	25998
(2387, 383)	25999
(10254, 1205)	26000
(10815, 3660)	26001
(434, 4056)	26002
(490, 4031)	26003
(26003, 471)	26004
(2677, 623)	26005
(10815, 676)	26006
(2706, 262)	26007
(26007, 3294)	26008
(1786, 676)	26009
(26009, 2427)	26010
(67, 17129)	26011
(299, 1208)	26012
(4633, 1108)	26013
(634, 264)	26014
(1438, 8392)	26015
(7715, 585)	26016
(285, 534)	26017
(324, 2536)	26018
(47, 6870)	26019
(17133, 331)	26020
(26020, 105)	26021
(26021, 5829)	26022
(15932, 291)	26023
(8083, 4547)	26024
(26024, 557)	26025
(6258, 338)	26026
(26026, 807)	26027
(26027, 107)	26028
(26028, 1292)	26029
(26029, 107)	26030
(26030, 264)	26031
(1455, 9257)	26032
(7094, 267)	26033
(26033, 486)	26034
(2271, 2338)	26035
(26035, 105)	26036
(15934, 291)	26037
(8050, 291)	26038
(639, 695)	26039
(3883, 3929)	26040
(26040, 286)	26041
(13144, 291)	26042
(1140, 371)	26043
(26043, 1793)	26044
(54, 1079)	26045
(2232, 268)	26046
(26046, 262)	26047
(68, 396)	26048
(26048, 417)	26049
(6264, 930)	26050
(26050, 1240)	26051
(4028, 12435)	26052
(387, 13146)	26053
(270, 122)	26054
(26054, 685)	26055
(2099, 65)	26056
(26056, 573)	26057
(26057, 366)	26058
(6723, 10820)	26059
(66, 13150)	26060
(26060, 619)	26061
(307, 2531)	26062
(1171, 9220)	26063
(6934, 102)	26064
(11623, 1569)	26065
(17153, 799)	26066
(1788, 10822)	26067
(10823, 1261)	26068
(2069, 116)	26069
(1920, 2686)	26070
(489, 16569)	26071
(923, 279)	26072
(634, 793)	26073
(6258, 13152)	26074
(1745, 296)	26075
(3049, 4825)	26076
(34, 7266)	26077
(2271, 12817)	26078
(1642, 901)	26079
(1798, 12761)	26080
(12697, 12817)	26081
(67, 8089)	26082
(3287, 17162)	26083
(347, 1243)	26084
(17164, 984)	26085
(26085, 17165)	26086
(45, 829)	26087
(26087, 267)	26088
(13155, 259)	26089
(5479, 1400)	26090
(39, 632)	26091
(4271, 9811)	26092
(2890, 13156)	26093
(26093, 477)	26094
(15557, 1412)	26095
(4119, 264)	26096
(2981, 1378)	26097
(1683, 383)	26098
(265, 3243)	26099
(855, 326)	26100
(26100, 3212)	26101
(7434, 260)	26102
(33, 41)	26103
(5364, 741)	26104
(26104, 121)	26105
(9137, 115)	26106
(332, 502)	26107
(283, 707)	26108
(26108, 268)	26109
(26109, 4551)	26110
(350, 739)	26111
(3864, 5875)	26112
(71, 2217)	26113
(360, 537)	26114
(26114, 1081)	26115
(26115, 1078)	26116
(5912, 8499)	26117
(984, 10369)	26118
(459, 628)	26119
(26119, 122)	26120
(26120, 456)	26121
(26121, 310)	26122
(10687, 9181)	26123
(26123, 119)	26124
(26124, 99)	26125
(26125, 3066)	26126
(3698, 784)	26127
(10831, 400)	26128
(26128, 122)	26129
(26129, 100)	26130
(26130, 17175)	26131
(295, 9937)	26132
(26132, 1878)	26133
(2223, 401)	26134
(26134, 506)	26135
(26135, 423)	26136
(1112, 122)	26137
(26137, 11802)	26138
(26138, 197)	26139
(26139, 155)	26140
(26140, 108)	26141
(17176, 17177)	26142
(12865, 115)	26143
(71, 741)	26144
(26144, 7577)	26145
(17176, 17175)	26146
(68, 6623)	26147
(26147, 1038)	26148
(26148, 854)	26149
(309, 2029)	26150
(26150, 100)	26151
(323, 423)	26152
(26152, 1899)	26153
(26153, 458)	26154
(3156, 314)	26155
(13160, 1157)	26156
(26156, 110)	26157
(26157, 2860)	26158
(364, 1190)	26159
(26159, 5340)	26160
(434, 408)	26161
(26161, 317)	26162
(369, 5790)	26163
(26163, 106)	26164
(26164, 5212)	26165
(17180, 114)	26166
(26166, 3066)	26167
(26167, 17181)	26168
(6067, 103)	26169
(26169, 407)	26170
(26170, 8092)	26171
(1179, 5212)	26172
(2974, 291)	26173
(328, 410)	26174
(26174, 4548)	26175
(26175, 10635)	26176
(5318, 667)	26177
(15552, 5497)	26178
(7926, 802)	26179
(4289, 14786)	26180
(77, 5886)	26181
(26181, 313)	26182
(74, 11814)	26183
(74, 651)	26184
(26184, 9745)	26185
(678, 17183)	26186
(70, 333)	26187
(289, 1292)	26188
(26188, 263)	26189
(17184, 114)	26190
(884, 260)	26191
(17184, 110)	26192
(277, 121)	26193
(26193, 365)	26194
(664, 13164)	26195
(26195, 366)	26196
(1448, 5576)	26197
(1448, 2214)	26198
(26198, 110)	26199
(26199, 110)	26200
(26200, 1944)	26201
(26201, 2304)	26202
(26202, 109)	26203
(10050, 17185)	26204
(83, 10833)	26205
(26205, 1899)	26206
(26206, 3705)	26207
(26207, 410)	26208
(26208, 264)	26209
(9049, 2823)	26210
(429, 264)	26211
(26211, 280)	26212
(32, 3641)	26213
(484, 333)	26214
(3712, 103)	26215
(430, 5751)	26216
(8083, 331)	26217
(26217, 1110)	26218
(26218, 854)	26219
(17187, 6363)	26220
(489, 1025)	26221
(2952, 565)	26222
(13167, 4950)	26223
(307, 659)	26224
(26224, 1962)	26225
(10645, 483)	26226
(6624, 333)	26227
(82, 739)	26228
(26228, 260)	26229
(26229, 1261)	26230
(26230, 1693)	26231
(6879, 618)	26232
(9270, 493)	26233
(26233, 2954)	26234
(10836, 1838)	26235
(8607, 629)	26236
(8093, 260)	26237
(448, 1806)	26238
(26238, 623)	26239
(4622, 12552)	26240
(26240, 3230)	26241
(26241, 84)	26242
(6414, 909)	26243
(26243, 892)	26244
(26244, 1704)	26245
(17203, 75)	26246
(26246, 2066)	26247
(356, 4332)	26248
(9275, 374)	26249
(78, 4332)	26250
(26250, 373)	26251
(2167, 402)	26252
(10216, 9018)	26253
(17204, 291)	26254
(5054, 2257)	26255
(355, 338)	26256
(369, 984)	26257
(26257, 17205)	26258
(71, 2850)	26259
(7986, 2687)	26260
(11910, 488)	26261
(26261, 121)	26262
(315, 3447)	26263
(26263, 397)	26264
(7905, 102)	26265
(26265, 121)	26266
(4046, 3574)	26267
(303, 7268)	26268
(65, 1194)	26269
(13170, 77)	26270
(17208, 1943)	26271
(2085, 12663)	26272
(356, 2545)	26273
(26273, 6260)	26274
(26274, 111)	26275
(4697, 267)	26276
(303, 13172)	26277
(4791, 449)	26278
(2195, 111)	26279
(3678, 535)	26280
(26280, 262)	26281
(26281, 558)	26282
(16200, 1084)	26283
(90, 101)	26284
(26284, 544)	26285
(9281, 510)	26286
(87, 268)	26287
(15610, 601)	26288
(5615, 275)	26289
(355, 90)	26290
(80, 983)	26291
(15609, 601)	26292
(484, 589)	26293
(26293, 9252)	26294
(2880, 1313)	26295
(26295, 108)	26296
(26296, 9282)	26297
(3194, 9282)	26298
(1413, 280)	26299
(26299, 313)	26300
(26300, 400)	26301
(45, 15083)	26302
(2602, 510)	26303
(2772, 13179)	26304
(3872, 4652)	26305
(591, 105)	26306
(7269, 615)	26307
(26307, 1796)	26308
(26308, 102)	26309
(34, 9284)	26310
(1242, 119)	26311
(26311, 3318)	26312
(271, 16503)	26313
(2256, 457)	26314
(26314, 471)	26315
(7056, 592)	26316
(97, 260)	26317
(26317, 2077)	26318
(26318, 111)	26319
(26319, 306)	26320
(284, 1626)	26321
(897, 358)	26322
(328, 2823)	26323
(484, 565)	26324
(12487, 260)	26325
(5407, 2957)	26326
(5407, 2921)	26327
(434, 13196)	26328
(26328, 115)	26329
(39, 544)	26330
(17226, 341)	26331
(13197, 97)	26332
(924, 271)	26333
(26333, 1061)	26334
(7913, 17228)	26335
(15380, 2042)	26336
(836, 17229)	26337
(26337, 462)	26338
(10804, 279)	26339
(924, 304)	26340
(3720, 97)	26341
(1588, 17237)	26342
(13200, 400)	26343
(26343, 354)	26344
(26344, 2042)	26345
(7805, 17237)	26346
(4121, 515)	26347
(26347, 10440)	26348
(285, 586)	26349
(315, 851)	26350
(3544, 119)	26351
(285, 908)	26352
(277, 9044)	26353
(6364, 449)	26354
(15334, 1541)	26355
(12502, 115)	26356
(911, 17242)	26357
(1988, 115)	26358
(3413, 103)	26359
(26359, 1335)	26360
(684, 703)	26361
(315, 887)	26362
(26362, 120)	26363
(26363, 269)	26364
(13204, 267)	26365
(285, 1068)	26366
(9708, 5029)	26367
(1391, 1932)	26368
(16436, 1479)	26369
(2126, 260)	26370
(26370, 399)	26371
(13000, 260)	26372
(26372, 1604)	26373
(949, 1025)	26374
(26374, 266)	26375
(5571, 2055)	26376
(17246, 2008)	26377
(1646, 1524)	26378
(663, 2822)	26379
(26379, 10822)	26380
(1198, 8975)	26381
(1179, 1710)	26382
(4585, 115)	26383
(430, 477)	26384
(12819, 16433)	26385
(6572, 111)	26386
(404, 97)	26387
(26387, 316)	26388
(1447, 383)	26389
(1556, 10085)	26390
(26390, 4057)	26391
(26391, 333)	26392
(1616, 12552)	26393
(303, 4689)	26394
(356, 619)	26395
(26395, 4923)	26396
(26396, 5779)	26397
(855, 374)	26398
(26398, 313)	26399
(10854, 816)	26400
(2195, 3609)	26401
(17255, 264)	26402
(26402, 4353)	26403
(76, 401)	26404
(26404, 257)	26405
(5619, 692)	26406
(26406, 3221)	26407
(7007, 269)	26408
(83, 7004)	26409
(7900, 8101)	26410
(26410, 264)	26411
(26411, 2954)	26412
(1045, 379)	26413
(26413, 1604)	26414
(2501, 13209)	26415
(1392, 271)	26416
(26416, 5145)	26417
(8805, 269)	26418
(1855, 1151)	26419
(7272, 750)	26420
(1460, 287)	26421
(1271, 279)	26422
(362, 4098)	26423
(26423, 7642)	26424
(5109, 6623)	26425
(290, 9282)	26426
(12462, 595)	26427
(26427, 13213)	26428
(17266, 595)	26429
(26429, 1849)	26430
(13214, 352)	26431
(26431, 13213)	26432
(12462, 262)	26433
(26433, 2703)	26434
(17266, 262)	26435
(26435, 7743)	26436
(4074, 346)	26437
(258, 1944)	26438
(26438, 334)	26439
(16046, 904)	26440
(459, 443)	26441
(2185, 6095)	26442
(6762, 121)	26443
(13215, 115)	26444
(16126, 4098)	26445
(26445, 2290)	26446
(9224, 486)	26447
(364, 435)	26448
(26448, 17268)	26449
(26449, 1217)	26450
(108, 866)	26451
(3430, 346)	26452
(87, 3150)	26453
(16389, 304)	26454
(335, 5817)	26455
(1955, 259)	26456
(26456, 317)	26457
(17270, 263)	26458
(26458, 705)	26459
(6169, 7805)	26460
(277, 659)	26461
(26461, 115)	26462
(12041, 2199)	26463
(353, 919)	26464
(12996, 102)	26465
(1274, 51)	26466
(5152, 628)	26467
(2054, 1084)	26468
(26468, 2444)	26469
(14952, 685)	26470
(634, 271)	26471
(26471, 3027)	26472
(300, 13220)	26473
(5709, 867)	26474
(1311, 267)	26475
(2918, 316)	26476
(26476, 2388)	26477
(6297, 763)	26478
(26478, 268)	26479
(355, 292)	26480
(26480, 562)	26481
(13221, 851)	26482
(2433, 10865)	26483
(323, 17277)	26484
(324, 2500)	26485
(17278, 271)	26486
(26486, 595)	26487
(12865, 266)	26488
(299, 2653)	26489
(324, 745)	26490
(26490, 115)	26491
(6496, 9293)	26492
(17280, 1540)	26493
(6539, 3849)	26494
(1392, 316)	26495
(26495, 397)	26496
(6539, 2077)	26497
(66, 13219)	26498
(12431, 589)	26499
(32, 13223)	26500
(26500, 10625)	26501
(26501, 17284)	26502
(7570, 10626)	26503
(26503, 6875)	26504
(26504, 11851)	26505
(26505, 5042)	26506
(8106, 1205)	26507
(7274, 111)	26508
(2488, 97)	26509
(26509, 8101)	26510
(26510, 111)	26511
(678, 118)	26512
(26512, 2841)	26513
(993, 17291)	26514
(17292, 2008)	26515
(15912, 17293)	26516
(6900, 112)	26517
(26517, 673)	26518
(86, 1319)	26519
(289, 6953)	26520
(26520, 558)	26521
(2459, 111)	26522
(484, 1528)	26523
(26523, 1682)	26524
(5749, 602)	26525
(2085, 106)	26526
(26526, 275)	26527
(6512, 111)	26528
(5190, 1061)	26529
(26529, 10075)	26530
(9961, 70)	26531
(26531, 69)	26532
(8108, 110)	26533
(309, 17307)	26534
(26534, 17117)	26535
(26535, 965)	26536
(26536, 316)	26537
(26537, 17308)	26538
(13239, 75)	26539
(348, 75)	26540
(434, 1105)	26541
(4046, 10869)	26542
(17315, 152)	26543
(26543, 5221)	26544
(26544, 153)	26545
(5221, 177)	26546
(26546, 5221)	26547
(26547, 170)	26548
(26548, 5221)	26549
(26549, 150)	26550
(26550, 17316)	26551
(17315, 138)	26552
(26552, 17316)	26553
(26553, 5221)	26554
(26554, 167)	26555
(26555, 5221)	26556
(26556, 135)	26557
(26557, 5221)	26558
(26558, 169)	26559
(224, 185)	26560
(26560, 140)	26561
(8109, 17317)	26562
(26562, 686)	26563
(26563, 115)	26564
(2825, 759)	26565
(26565, 1261)	26566
(8110, 17319)	26567
(66, 510)	26568
(26568, 17319)	26569
(8444, 680)	26570
(2517, 11915)	26571
(15179, 1208)	26572
(9178, 158)	26573
(26573, 731)	26574
(26574, 259)	26575
(17331, 458)	26576
(85, 78)	26577
(26577, 17334)	26578
(5870, 2080)	26579
(26579, 985)	26580
(7105, 17334)	26581
(7787, 291)	26582
(26582, 1269)	26583
(6533, 383)	26584
(17337, 8111)	26585
(356, 17338)	26586
(26586, 3902)	26587
(1695, 262)	26588
(7277, 17339)	26589
(1295, 3641)	26590
(17340, 414)	26591
(13206, 259)	26592
(9630, 17341)	26593
(3172, 102)	26594
(26594, 15924)	26595
(4533, 266)	26596
(3804, 5972)	26597
(9973, 267)	26598
(736, 3174)	26599
(10875, 414)	26600
(4640, 115)	26601
(8689, 351)	26602
(26602, 476)	26603
(962, 112)	26604
(26604, 1108)	26605
(897, 414)	26606
(26606, 773)	26607
(14428, 414)	26608
(500, 5014)	26609
(5505, 3184)	26610
(355, 601)	26611
(3143, 313)	26612
(66, 1351)	26613
(7221, 809)	26614
(26614, 267)	26615
(45, 7279)	26616
(17346, 3610)	26617
(26617, 618)	26618
(17347, 7876)	26619
(26619, 728)	26620
(1557, 1021)	26621
(26621, 5417)	26622
(26622, 5121)	26623
(13251, 3318)	26624
(404, 2876)	26625
(5833, 1488)	26626
(17353, 9218)	26627
(26627, 17284)	26628
(4182, 1354)	26629
(955, 13257)	26630
(278, 17021)	26631
(11927, 1932)	26632
(73, 17291)	26633
(3287, 432)	26634
(307, 2929)	26635
(3400, 371)	26636
(26636, 301)	26637
(26637, 109)	26638
(84, 267)	26639
(2945, 5728)	26640
(9309, 2039)	26641
(3859, 2604)	26642
(26642, 101)	26643
(360, 79)	26644
(26644, 80)	26645
(9742, 2596)	26646
(13259, 1929)	26647
(4113, 466)	26648
(26648, 345)	26649
(4617, 291)	26650
(6547, 3187)	26651
(347, 1377)	26652
(290, 9827)	26653
(324, 683)	26654
(664, 6040)	26655
(67, 1360)	26656
(2984, 114)	26657
(26657, 412)	26658
(26658, 1162)	26659
(9190, 3593)	26660
(3754, 5821)	26661
(4178, 109)	26662
(26662, 1126)	26663
(7834, 715)	26664
(309, 9317)	26665
(26665, 2460)	26666
(77, 5476)	26667
(1343, 4597)	26668
(258, 1976)	26669
(26669, 588)	26670
(26670, 292)	26671
(26671, 267)	26672
(6079, 5174)	26673
(82, 374)	26674
(360, 1981)	26675
(270, 705)	26676
(26676, 16637)	26677
(26677, 109)	26678
(26678, 2871)	26679
(10887, 1802)	26680
(14982, 17376)	26681
(13264, 17377)	26682
(26682, 346)	26683
(6956, 802)	26684
(671, 5728)	26685
(8512, 713)	26686
(4511, 537)	26687
(26687, 9066)	26688
(26688, 291)	26689
(324, 603)	26690
(26690, 110)	26691
(26691, 264)	26692
(348, 4852)	26693
(26693, 313)	26694
(26694, 262)	26695
(3054, 268)	26696
(1798, 8809)	26697
(78, 437)	26698
(2383, 1289)	26699
(26699, 105)	26700
(311, 76)	26701
(26701, 71)	26702
(26702, 65)	26703
(83, 912)	26704
(3408, 464)	26705
(26705, 996)	26706
(17386, 588)	26707
(3911, 2543)	26708
(560, 1261)	26709
(2121, 405)	26710
(26710, 2445)	26711
(929, 4582)	26712
(765, 10568)	26713
(17392, 602)	26714
(17394, 17076)	26715
(729, 279)	26716
(26716, 478)	26717
(17399, 376)	26718
(77, 702)	26719
(13273, 267)	26720
(2880, 720)	26721
(26721, 1796)	26722
(821, 13276)	26723
(817, 110)	26724
(26724, 3747)	26725
(284, 5270)	26726
(17133, 10901)	26727
(8122, 291)	26728
(6083, 373)	26729
(2104, 71)	26730
(26730, 352)	26731
(47, 34)	26732
(65, 2460)	26733
(47, 10902)	26734
(26734, 67)	26735
(4162, 2302)	26736
(285, 4095)	26737
(3123, 3581)	26738
(72, 17409)	26739
(17410, 4186)	26740
(7142, 345)	26741
(541, 447)	26742
(11932, 291)	26743
(9309, 291)	26744
(1295, 2034)	26745
(26745, 291)	26746
(1649, 513)	26747
(26747, 478)	26748
(1415, 1089)	26749
(26749, 734)	26750
(26750, 495)	26751
(897, 381)	26752
(26752, 3135)	26753
(8473, 7502)	26754
(72, 737)	26755
(672, 433)	26756
(26756, 291)	26757
(1827, 3581)	26758
(66, 17415)	26759
(377, 14579)	26760
(377, 530)	26761
(1924, 392)	26762
(1398, 1205)	26763
(12829, 1499)	26764
(3522, 260)	26765
(17417, 460)	26766
(6090, 1499)	26767
(13285, 115)	26768
(290, 334)	26769
(26769, 291)	26770
(289, 449)	26771
(26771, 294)	26772
(12007, 10275)	26773
(13065, 291)	26774
(523, 331)	26775
(26775, 259)	26776
(26776, 693)	26777
(45, 9329)	26778
(13287, 715)	26779
(5531, 1638)	26780
(4162, 1823)	26781
(17421, 609)	26782
(26782, 419)	26783
(26783, 115)	26784
(17422, 606)	26785
(13288, 381)	26786
(65, 1899)	26787
(10086, 6942)	26788
(2379, 100)	26789
(26789, 279)	26790
(335, 410)	26791
(26791, 4978)	26792
(115, 286)	26793
(3362, 7087)	26794
(5589, 417)	26795
(278, 1963)	26796
(26796, 287)	26797
(26797, 12268)	26798
(490, 3306)	26799
(2368, 3867)	26800
(2890, 279)	26801
(26801, 1853)	26802
(17429, 983)	26803
(26803, 339)	26804
(1015, 406)	26805
(17430, 263)	26806
(17431, 1429)	26807
(710, 1565)	26808
(4793, 5431)	26809
(3789, 102)	26810
(26810, 3610)	26811
(26811, 317)	26812
(12638, 2941)	26813
(3057, 115)	26814
(4199, 345)	26815
(1962, 17432)	26816
(9336, 115)	26817
(45, 3350)	26818
(7712, 1477)	26819
(17433, 336)	26820
(1362, 17434)	26821
(404, 17434)	26822
(5106, 366)	26823
(285, 407)	26824
(26824, 1541)	26825
(4138, 97)	26826
(775, 17432)	26827
(7708, 967)	26828
(2223, 903)	26829
(10904, 3903)	26830
(1103, 283)	26831
(26831, 683)	26832
(3194, 4369)	26833
(17444, 1411)	26834
(26834, 17445)	26835
(299, 73)	26836
(26836, 4846)	26837
(45, 13300)	26838
(1392, 4045)	26839
(1133, 49)	26840
(52, 4251)	26841
(37, 520)	26842
(16223, 118)	26843
(26843, 1817)	26844
(4880, 3869)	26845
(70, 9720)	26846
(26846, 544)	26847
(9001, 863)	26848
(26848, 13213)	26849
(2890, 105)	26850
(26850, 567)	26851
(26851, 5716)	26852
(26852, 2337)	26853
(3410, 608)	26854
(6279, 317)	26855
(26855, 969)	26856
(45, 416)	26857
(26857, 455)	26858
(11842, 6647)	26859
(26859, 12944)	26860
(26860, 101)	26861
(45, 13306)	26862
(6776, 111)	26863
(26863, 12944)	26864
(3321, 283)	26865
(26865, 266)	26866
(2318, 156)	26867
(26867, 2828)	26868
(26868, 12560)	26869
(26869, 1329)	26870
(15456, 1749)	26871
(347, 445)	26872
(26872, 464)	26873
(26873, 17453)	26874
(26874, 1067)	26875
(26875, 3179)	26876
(26876, 266)	26877
(710, 3476)	26878
(7055, 550)	26879
(1045, 333)	26880
(26880, 259)	26881
(1218, 13307)	26882
(2412, 4237)	26883
(66, 863)	26884
(26884, 327)	26885
(298, 325)	26886
(356, 6648)	26887
(625, 106)	26888
(26888, 381)	26889
(26889, 264)	26890
(11542, 3979)	26891
(26891, 267)	26892
(3956, 1543)	26893
(2919, 115)	26894
(690, 379)	26895
(26895, 9978)	26896
(361, 17468)	26897
(3028, 2189)	26898
(3707, 12180)	26899
(14858, 865)	26900
(2586, 383)	26901
(26901, 631)	26902
(26902, 1969)	26903
(837, 17470)	26904
(5682, 97)	26905
(3321, 443)	26906
(26906, 445)	26907
(26907, 6290)	26908
(324, 1186)	26909
(17475, 4056)	26910
(26910, 397)	26911
(9874, 304)	26912
(13315, 111)	26913
(360, 17476)	26914
(17477, 901)	26915
(26915, 334)	26916
(13316, 118)	26917
(26917, 273)	26918
(26918, 481)	26919
(7277, 5609)	26920
(303, 2876)	26921
(26921, 2055)	26922
(6893, 407)	26923
(26923, 313)	26924
(77, 9344)	26925
(3392, 965)	26926
(26926, 271)	26927
(1300, 1182)	26928
(342, 257)	26929
(26929, 1335)	26930
(26930, 280)	26931
(289, 445)	26932
(26932, 1262)	26933
(377, 788)	26934
(3324, 6309)	26935
(10564, 7287)	26936
(3729, 271)	26937
(26937, 544)	26938
(3729, 809)	26939
(6914, 330)	26940
(26940, 264)	26941
(67, 13322)	26942
(299, 1120)	26943
(26943, 488)	26944
(26944, 344)	26945
(26945, 280)	26946
(26946, 3639)	26947
(420, 7838)	26948
(45, 8134)	26949
(955, 3351)	26950
(484, 537)	26951
(26951, 104)	26952
(26952, 16914)	26953
(2665, 279)	26954
(26954, 14967)	26955
(11776, 3601)	26956
(1500, 17487)	26957
(625, 17487)	26958
(12421, 567)	26959
(26959, 294)	26960
(915, 470)	26961
(577, 3389)	26962
(284, 2172)	26963
(26963, 3029)	26964
(3365, 3618)	26965
(1051, 116)	26966
(915, 3618)	26967
(2986, 373)	26968
(26968, 677)	26969
(657, 305)	26970
(26970, 1704)	26971
(2880, 313)	26972
(26972, 3300)	26973
(87, 428)	26974
(26974, 510)	26975
(360, 5229)	26976
(26976, 16876)	26977
(26977, 78)	26978
(290, 12748)	26979
(26979, 69)	26980
(17496, 17497)	26981
(26981, 6583)	26982
(17498, 84)	26983
(362, 65)	26984
(362, 12734)	26985
(26985, 6583)	26986
(13326, 68)	26987
(324, 69)	26988
(26988, 13327)	26989
(323, 10601)	26990
(26990, 17500)	26991
(26991, 82)	26992
(17496, 76)	26993
(26993, 68)	26994
(10924, 13328)	26995
(16234, 89)	26996
(303, 65)	26997
(26997, 78)	26998
(362, 79)	26999
(26999, 4635)	27000
(10925, 10925)	27001
(27001, 33)	27002
(27002, 274)	27003
(309, 17501)	27004
(17502, 346)	27005
(2234, 50)	27006
(6216, 1488)	27007
(44, 17495)	27008
(55, 937)	27009
(2243, 346)	27010
(1897, 53)	27011
(335, 2900)	27012
(46, 545)	27013
(2952, 10929)	27014
(753, 116)	27015
(27015, 7174)	27016
(311, 103)	27017
(27017, 4166)	27018
(27018, 4369)	27019
(77, 17501)	27020
(73, 10931)	27021
(17510, 705)	27022
(27022, 708)	27023
(3672, 291)	27024
(3589, 346)	27025
(2273, 296)	27026
(13333, 866)	27027
(323, 9349)	27028
(1130, 51)	27029
(1130, 57)	27030
(17518, 351)	27031
(82, 486)	27032
(27032, 105)	27033
(3980, 351)	27034
(86, 374)	27035
(27035, 101)	27036
(5106, 271)	27037
(27037, 305)	27038
(290, 9940)	27039
(27039, 502)	27040
(331, 338)	27041
(27041, 365)	27042
(1677, 17520)	27043
(541, 602)	27044
(10018, 286)	27045
(1140, 1033)	27046
(27046, 10937)	27047
(426, 16853)	27048
(17522, 1217)	27049
(7218, 8695)	27050
(27050, 339)	27051
(1445, 462)	27052
(2162, 1682)	27053
(75, 449)	27054
(27054, 8976)	27055
(434, 449)	27056
(27056, 111)	27057
(307, 680)	27058
(27058, 104)	27059
(27059, 197)	27060
(27060, 171)	27061
(1737, 2941)	27062
(3463, 279)	27063
(27063, 1523)	27064
(434, 264)	27065
(27065, 452)	27066
(27066, 2929)	27067
(5961, 2845)	27068
(284, 304)	27069
(1517, 449)	27070
(27070, 267)	27071
(299, 685)	27072
(299, 533)	27073
(27073, 7512)	27074
(272, 5817)	27075
(1086, 7635)	27076
(66, 9351)	27077
(2928, 3386)	27078
(27078, 1879)	27079
(17542, 17544)	27080
(70, 6771)	27081
(17545, 17544)	27082
(2044, 6500)	27083
(717, 1148)	27084
(261, 114)	27085
(27085, 2037)	27086
(27086, 273)	27087
(17548, 83)	27088
(12601, 352)	27089
(27089, 715)	27090
(4749, 5708)	27091
(4892, 371)	27092
(13342, 399)	27093
(27093, 759)	27094
(16138, 1043)	27095
(6483, 452)	27096
(27096, 291)	27097
(11936, 699)	27098
(3362, 8398)	27099
(9353, 346)	27100
(4323, 863)	27101
(17550, 286)	27102
(2890, 741)	27103
(27103, 269)	27104
(13343, 376)	27105
(17202, 10901)	27106
(55, 4744)	27107
(7187, 423)	27108
(300, 17552)	27109
(4678, 1835)	27110
(11933, 10085)	27111
(27111, 2661)	27112
(5149, 5516)	27113
(7544, 262)	27114
(13346, 16382)	27115
(38, 69)	27116
(17556, 294)	27117
(10557, 2444)	27118
(3874, 119)	27119
(27119, 371)	27120
(27120, 5902)	27121
(27121, 1929)	27122
(17559, 642)	27123
(7468, 301)	27124
(1814, 867)	27125
(7768, 499)	27126
(13349, 1578)	27127
(4733, 260)	27128
(10030, 115)	27129
(9786, 260)	27130
(272, 10948)	27131
(655, 1287)	27132
(393, 562)	27133
(27133, 493)	27134
(27134, 268)	27135
(1214, 327)	27136
(8435, 17567)	27137
(265, 1126)	27138
(27138, 267)	27139
(256, 1945)	27140
(529, 4833)	27141
(281, 287)	27142
(27142, 968)	27143
(27143, 5431)	27144
(17574, 99)	27145
(27145, 2153)	27146
(801, 104)	27147
(27147, 314)	27148
(27148, 331)	27149
(27149, 806)	27150
(17575, 754)	27151
(27151, 269)	27152
(4504, 262)	27153
(16491, 346)	27154
(2677, 267)	27155
(7442, 2042)	27156
(27156, 3669)	27157
(3451, 1220)	27158
(12267, 111)	27159
(2143, 339)	27160
(2496, 535)	27161
(27161, 715)	27162
(1571, 83)	27163
(384, 344)	27164
(27164, 7797)	27165
(543, 112)	27166
(27166, 446)	27167
(27167, 5191)	27168
(3793, 55)	27169
(1924, 10100)	27170
(4743, 1727)	27171
(2030, 1853)	27172
(9798, 2095)	27173
(27173, 417)	27174
(9356, 5621)	27175
(2575, 13362)	27176
(355, 10951)	27177
(70, 8786)	27178
(1416, 260)	27179
(1300, 2913)	27180
(295, 4846)	27181
(309, 85)	27182
(27182, 3530)	27183
(46, 10952)	27184
(7545, 17594)	27185
(1517, 432)	27186
(5019, 2591)	27187
(27187, 3066)	27188
(1179, 339)	27189
(472, 559)	27190
(27190, 428)	27191
(1142, 2637)	27192
(10499, 498)	27193
(1814, 5576)	27194
(47, 17601)	27195
(484, 397)	27196
(27196, 2841)	27197
(355, 3303)	27198
(350, 400)	27199
(27199, 341)	27200
(27200, 383)	27201
(9643, 16748)	27202
(17605, 7013)	27203
(284, 1378)	27204
(10955, 264)	27205
(72, 17606)	27206
(27206, 1828)	27207
(6294, 2929)	27208
(68, 3594)	27209
(27209, 379)	27210
(27210, 117)	27211
(3194, 441)	27212
(9063, 275)	27213
(27213, 259)	27214
(1179, 586)	27215
(27215, 2441)	27216
(4138, 1208)	27217
(362, 7294)	27218
(82, 10954)	27219
(4247, 111)	27220
(2298, 9355)	27221
(4224, 14503)	27222
(4614, 446)	27223
(27223, 9174)	27224
(285, 17609)	27225
(7846, 263)	27226
(17610, 267)	27227
(10956, 75)	27228
(884, 441)	27229
(17611, 1495)	27230
(5061, 2977)	27231
(298, 546)	27232
(1397, 273)	27233
(27233, 713)	27234
(15985, 115)	27235
(375, 3680)	27236
(17615, 727)	27237
(27237, 97)	27238
(8144, 1710)	27239
(27239, 7540)	27240
(27240, 497)	27241
(8144, 122)	27242
(27242, 13373)	27243
(27243, 5992)	27244
(5709, 1006)	27245
(17617, 761)	27246
(494, 627)	27247
(2364, 291)	27248
(2451, 115)	27249
(377, 339)	27250
(360, 485)	27251
(27251, 3201)	27252
(17622, 9361)	27253
(16107, 10333)	27254
(13200, 106)	27255
(27255, 1329)	27256
(5713, 466)	27257
(27257, 10333)	27258
(465, 66)	27259
(27259, 17624)	27260
(14593, 116)	27261
(27261, 659)	27262
(72, 5707)	27263
(27263, 115)	27264
(6244, 17627)	27265
(1634, 3096)	27266
(290, 2237)	27267
(391, 14679)	27268
(3845, 339)	27269
(67, 7595)	27270
(258, 649)	27271
(27271, 16117)	27272
(27272, 5706)	27273
(835, 1217)	27274
(27274, 1287)	27275
(1253, 6337)	27276
(48, 56)	27277
(356, 13327)	27278
(13380, 1853)	27279
(923, 702)	27280
(2279, 9162)	27281
(2562, 3351)	27282
(1362, 504)	27283
(27283, 4320)	27284
(303, 5016)	27285
(10961, 112)	27286
(27286, 2437)	27287
(350, 2705)	27288
(27288, 108)	27289
(9945, 2402)	27290
(77, 822)	27291
(83, 13382)	27292
(17632, 286)	27293
(27293, 1113)	27294
(835, 1198)	27295
(87, 7296)	27296
(9362, 471)	27297
(13384, 9171)	27298
(1442, 5629)	27299
(1031, 103)	27300
(27300, 606)	27301
(85, 81)	27302
(27302, 12101)	27303
(2044, 4917)	27304
(17634, 373)	27305
(17636, 273)	27306
(39, 17637)	27307
(27307, 103)	27308
(27308, 1969)	27309
(10199, 103)	27310
(27310, 1879)	27311
(2456, 588)	27312
(1571, 73)	27313
(27313, 3279)	27314
(299, 1146)	27315
(27315, 115)	27316
(1112, 13386)	27317
(27317, 304)	27318
(350, 119)	27319
(27319, 4114)	27320
(459, 9045)	27321
(27321, 275)	27322
(17639, 274)	27323
(3901, 385)	27324
(1468, 262)	27325
(3339, 267)	27326
(67, 557)	27327
(27327, 376)	27328
(27328, 763)	27329
(918, 11947)	27330
(690, 447)	27331
(27331, 807)	27332
(324, 1911)	27333
(17641, 460)	27334
(27334, 3960)	27335
(75, 316)	27336
(27336, 9363)	27337
(1609, 268)	27338
(27338, 102)	27339
(27339, 449)	27340
(16385, 273)	27341
(4671, 10783)	27342
(517, 637)	27343
(27343, 313)	27344
(27344, 3174)	27345
(5015, 1849)	27346
(17642, 550)	27347
(27347, 346)	27348
(1745, 58)	27349
(555, 101)	27350
(11496, 394)	27351
(367, 112)	27352
(27352, 5147)	27353
(4734, 269)	27354
(1609, 65)	27355
(27355, 733)	27356
(27356, 527)	27357
(7700, 1376)	27358
(27358, 111)	27359
(3724, 10259)	27360
(13384, 8688)	27361
(27361, 442)	27362
(83, 1524)	27363
(2436, 13393)	27364
(2619, 433)	27365
(27365, 7627)	27366
(4614, 2903)	27367
(17646, 10964)	27368
(84, 505)	27369
(27369, 269)	27370
(17648, 13386)	27371
(309, 9367)	27372
(6886, 748)	27373
(295, 6602)	27374
(27374, 316)	27375
(17649, 1021)	27376
(27376, 102)	27377
(27377, 619)	27378
(68, 343)	27379
(27379, 12771)	27380
(1408, 283)	27381
(27381, 807)	27382
(8759, 97)	27383
(1265, 2615)	27384
(70, 799)	27385
(2981, 267)	27386
(1413, 5282)	27387
(6641, 996)	27388
(65, 266)	27389
(27389, 257)	27390
(27390, 268)	27391
(1362, 421)	27392
(678, 442)	27393
(13398, 1871)	27394
(27394, 316)	27395
(3577, 8826)	27396
(835, 257)	27397
(2485, 799)	27398
(290, 1968)	27399
(27399, 534)	27400
(13399, 676)	27401
(591, 2489)	27402
(13400, 317)	27403
(835, 6501)	27404
(27404, 115)	27405
(309, 77)	27406
(27406, 65)	27407
(77, 7208)	27408
(1673, 460)	27409
(81, 5921)	27410
(27410, 708)	27411
(320, 527)	27412
(429, 280)	27413
(27413, 863)	27414
(27414, 8092)	27415
(27415, 352)	27416
(27416, 115)	27417
(835, 2950)	27418
(1364, 5946)	27419
(13081, 326)	27420
(56, 776)	27421
(295, 1461)	27422
(2936, 267)	27423
(11685, 498)	27424
(364, 13132)	27425
(9369, 10967)	27426
(299, 9363)	27427
(75, 2304)	27428
(27428, 5751)	27429
(355, 9774)	27430
(17660, 15414)	27431
(17661, 114)	27432
(356, 17665)	27433
(27433, 76)	27434
(1500, 13401)	27435
(14862, 9086)	27436
(8916, 17667)	27437
(7406, 397)	27438
(1501, 122)	27439
(27439, 967)	27440
(459, 13404)	27441
(459, 17668)	27442
(350, 2895)	27443
(418, 1319)	27444
(360, 9811)	27445
(3522, 507)	27446
(5436, 766)	27447
(67, 4013)	27448
(27448, 1305)	27449
(17674, 339)	27450
(10739, 259)	27451
(3886, 1494)	27452
(27452, 17470)	27453
(1766, 326)	27454
(27454, 2637)	27455
(3625, 705)	27456
(27456, 400)	27457
(364, 1805)	27458
(27458, 527)	27459
(8563, 471)	27460
(3186, 2543)	27461
(1949, 114)	27462
(27462, 589)	27463
(27463, 280)	27464
(465, 84)	27465
(27465, 114)	27466
(27466, 1923)	27467
(27467, 1252)	27468
(3321, 437)	27469
(27469, 1084)	27470
(6358, 115)	27471
(357, 266)	27472
(27472, 967)	27473
(3005, 3755)	27474
(12366, 802)	27475
(115, 618)	27476
(1250, 802)	27477
(285, 339)	27478
(27478, 2686)	27479
(8482, 2048)	27480
(5933, 260)	27481
(738, 291)	27482
(17685, 802)	27483
(2866, 273)	27484
(27484, 802)	27485
(12281, 667)	27486
(2866, 471)	27487
(643, 667)	27488
(27488, 263)	27489
(303, 11869)	27490
(27490, 1220)	27491
(258, 119)	27492
(27492, 107)	27493
(27493, 596)	27494
(1778, 5346)	27495
(32, 445)	27496
(27496, 339)	27497
(77, 17686)	27498
(309, 17686)	27499
(7265, 3729)	27500
(27500, 432)	27501
(6625, 10978)	27502
(2984, 7288)	27503
(27503, 572)	27504
(57, 3896)	27505
(17693, 17694)	27506
(299, 458)	27507
(17646, 806)	27508
(2880, 6029)	27509
(27509, 117)	27510
(17695, 1752)	27511
(3670, 291)	27512
(924, 4406)	27513
(13419, 283)	27514
(434, 10979)	27515
(27515, 260)	27516
(2143, 822)	27517
(258, 1235)	27518
(27518, 833)	27519
(3863, 1995)	27520
(10649, 471)	27521
(6336, 103)	27522
(5062, 13418)	27523
(3245, 1423)	27524
(8365, 3210)	27525
(17703, 267)	27526
(47, 2580)	27527
(6949, 3464)	27528
(3108, 17162)	27529
(7053, 291)	27530
(15806, 97)	27531
(290, 872)	27532
(27532, 291)	27533
(360, 84)	27534
(10254, 336)	27535
(27535, 3882)	27536
(3523, 53)	27537
(51, 3700)	27538
(295, 354)	27539
(1077, 2046)	27540
(1707, 10985)	27541
(12278, 1061)	27542
(27542, 292)	27543
(3464, 346)	27544
(6415, 260)	27545
(17579, 965)	27546
(27546, 615)	27547
(45, 111)	27548
(27548, 13425)	27549
(1253, 7657)	27550
(3105, 7797)	27551
(4276, 346)	27552
(1080, 57)	27553
(289, 659)	27554
(27554, 17716)	27555
(2283, 670)	27556
(3097, 7618)	27557
(671, 6326)	27558
(27558, 4628)	27559
(8938, 373)	27560
(4127, 17718)	27561
(9375, 1974)	27562
(27562, 8658)	27563
(7186, 118)	27564
(27564, 344)	27565
(4335, 291)	27566
(17723, 103)	27567
(356, 2924)	27568
(27568, 97)	27569
(962, 17724)	27570
(27570, 3479)	27571
(1169, 766)	27572
(1015, 692)	27573
(27573, 286)	27574
(17723, 17726)	27575
(5416, 10979)	27576
(27576, 268)	27577
(350, 15638)	27578
(27578, 17730)	27579
(3032, 2040)	27580
(4425, 1151)	27581
(8128, 366)	27582
(27582, 967)	27583
(13434, 8826)	27584
(324, 2008)	27585
(348, 7040)	27586
(27586, 530)	27587
(355, 9678)	27588
(1447, 2956)	27589
(5530, 3593)	27590
(66, 1033)	27591
(27591, 4895)	27592
(3177, 108)	27593
(27593, 412)	27594
(27594, 366)	27595
(12956, 12858)	27596
(17153, 13436)	27597
(1701, 733)	27598
(27598, 7301)	27599
(1214, 341)	27600
(27600, 294)	27601
(27601, 271)	27602
(17740, 990)	27603
(353, 428)	27604
(27604, 943)	27605
(2433, 301)	27606
(27606, 99)	27607
(27607, 376)	27608
(27608, 346)	27609
(27609, 7302)	27610
(1651, 851)	27611
(387, 12234)	27612
(27612, 105)	27613
(295, 1521)	27614
(27614, 557)	27615
(3502, 713)	27616
(1782, 13437)	27617
(387, 5711)	27618
(27618, 449)	27619
(10050, 271)	27620
(6428, 2388)	27621
(13440, 967)	27622
(69, 14902)	27623
(6043, 294)	27624
(2272, 13437)	27625
(4974, 115)	27626
(54, 599)	27627
(13339, 608)	27628
(342, 1423)	27629
(9004, 400)	27630
(323, 1208)	27631
(27631, 493)	27632
(27632, 334)	27633
(1295, 2437)	27634
(27634, 7855)	27635
(514, 260)	27636
(27636, 3630)	27637
(517, 618)	27638
(27638, 267)	27639
(552, 344)	27640
(27640, 115)	27641
(577, 98)	27642
(73, 1813)	27643
(7303, 117)	27644
(27644, 2615)	27645
(27645, 10164)	27646
(40, 1500)	27647
(17756, 471)	27648
(1345, 761)	27649
(818, 766)	27650
(17758, 99)	27651
(27651, 631)	27652
(27652, 4175)	27653
(5530, 6324)	27654
(27654, 111)	27655
(16545, 2396)	27656
(17759, 111)	27657
(732, 326)	27658
(27658, 99)	27659
(27659, 292)	27660
(2115, 2020)	27661
(3678, 17730)	27662
(5695, 346)	27663
(323, 469)	27664
(27664, 569)	27665
(17761, 8653)	27666
(17417, 260)	27667
(100, 957)	27668
(27668, 291)	27669
(5700, 9029)	27670
(6973, 376)	27671
(1369, 557)	27672
(420, 97)	27673
(27673, 499)	27674
(953, 1538)	27675
(27675, 411)	27676
(27676, 373)	27677
(3718, 260)	27678
(298, 414)	27679
(10995, 5355)	27680
(1714, 291)	27681
(277, 2374)	27682
(298, 727)	27683
(107, 669)	27684
(27684, 115)	27685
(17776, 114)	27686
(27686, 689)	27687
(1556, 649)	27688
(27688, 341)	27689
(27689, 13425)	27690
(347, 5634)	27691
(4200, 352)	27692
(27692, 471)	27693
(5574, 455)	27694
(27694, 477)	27695
(7277, 676)	27696
(4507, 17778)	27697
(13450, 2135)	27698
(678, 5825)	27699
(27699, 1984)	27700
(17550, 825)	27701
(8967, 2189)	27702
(7221, 5276)	27703
(27703, 806)	27704
(11002, 263)	27705
(27705, 865)	27706
(12553, 267)	27707
(4912, 476)	27708
(66, 2158)	27709
(684, 397)	27710
(370, 6371)	27711
(1588, 280)	27712
(27712, 521)	27713
(27713, 1266)	27714
(348, 2596)	27715
(27715, 195)	27716
(27716, 187)	27717
(27717, 108)	27718
(27718, 15037)	27719
(655, 7638)	27720
(289, 7638)	27721
(13453, 1068)	27722
(2407, 2785)	27723
(7941, 17051)	27724
(32, 233)	27725
(27725, 131)	27726
(27726, 173)	27727
(27727, 17791)	27728
(27728, 230)	27729
(27729, 162)	27730
(27730, 133)	27731
(307, 536)	27732
(27732, 117)	27733
(285, 5497)	27734
(27734, 259)	27735
(1501, 8976)	27736
(347, 4911)	27737
(27737, 160)	27738
(27738, 110)	27739
(27739, 12945)	27740
(27740, 105)	27741
(307, 4241)	27742
(3291, 264)	27743
(1846, 117)	27744
(1045, 13457)	27745
(27745, 326)	27746
(2261, 121)	27747
(27747, 346)	27748
(3892, 2913)	27749
(10019, 1942)	27750
(347, 2964)	27751
(27751, 383)	27752
(671, 649)	27753
(2318, 142)	27754
(27754, 294)	27755
(45, 10965)	27756
(8159, 13463)	27757
(356, 8160)	27758
(27758, 11880)	27759
(295, 310)	27760
(27760, 7199)	27761
(8976, 122)	27762
(27762, 1399)	27763
(27763, 105)	27764
(1924, 480)	27765
(27765, 313)	27766
(11008, 4157)	27767
(323, 1294)	27768
(27768, 967)	27769
(8162, 108)	27770
(27770, 1762)	27771
(3634, 3513)	27772
(655, 2628)	27773
(3400, 351)	27774
(27774, 2703)	27775
(17812, 453)	27776
(27776, 400)	27777
(27777, 104)	27778
(1214, 6345)	27779
(1116, 294)	27780
(27780, 1056)	27781
(5374, 57)	27782
(8654, 967)	27783
(391, 1335)	27784
(27784, 402)	27785
(11773, 4236)	27786
(290, 637)	27787
(27787, 260)	27788
(27788, 7675)	27789
(13349, 9282)	27790
(17812, 10706)	27791
(2830, 165)	27792
(27792, 15194)	27793
(27793, 129)	27794
(27794, 5076)	27795
(12802, 6875)	27796
(27796, 9218)	27797
(17353, 4763)	27798
(27798, 5076)	27799
(27799, 9218)	27800
(27800, 12803)	27801
(1416, 766)	27802
(639, 266)	27803
(27803, 680)	27804
(13471, 1656)	27805
(309, 535)	27806
(27806, 264)	27807
(59, 70)	27808
(27808, 437)	27809
(27809, 3306)	27810
(38, 17821)	27811
(59, 274)	27812
(8445, 105)	27813
(3238, 14451)	27814
(27814, 5491)	27815
(6181, 766)	27816
(17825, 339)	27817
(810, 109)	27818
(27818, 11814)	27819
(17828, 608)	27820
(840, 108)	27821
(27821, 9680)	27822
(1745, 39)	27823
(8122, 2123)	27824
(13483, 291)	27825
(98, 2158)	27826
(2824, 3831)	27827
(13485, 435)	27828
(384, 15602)	27829
(70, 101)	27830
(27830, 1163)	27831
(17831, 6561)	27832
(835, 7487)	27833
(835, 378)	27834
(835, 17832)	27835
(1183, 1163)	27836
(835, 8799)	27837
(835, 3986)	27838
(27838, 676)	27839
(835, 389)	27840
(27840, 766)	27841
(13488, 17834)	27842
(10773, 1163)	27843
(835, 11015)	27844
(27844, 3083)	27845
(835, 6561)	27846
(835, 9061)	27847
(835, 638)	27848
(6581, 688)	27849
(27849, 12706)	27850
(8081, 3380)	27851
(13490, 3306)	27852
(1338, 12243)	27853
(936, 17834)	27854
(6344, 7477)	27855
(13364, 2333)	27856
(27856, 17836)	27857
(5113, 291)	27858
(13487, 477)	27859
(835, 2389)	27860
(27860, 5274)	27861
(6581, 601)	27862
(6539, 3978)	27863
(27863, 793)	27864
(5333, 3683)	27865
(12589, 291)	27866
(289, 2921)	27867
(6581, 702)	27868
(835, 968)	27869
(27869, 455)	27870
(835, 104)	27871
(27871, 431)	27872
(5333, 680)	27873
(27873, 325)	27874
(27874, 823)	27875
(13492, 5177)	27876
(27876, 115)	27877
(80, 1429)	27878
(27878, 1102)	27879
(331, 2514)	27880
(2630, 345)	27881
(109, 615)	27882
(657, 6587)	27883
(543, 1871)	27884
(332, 306)	27885
(27885, 967)	27886
(2664, 50)	27887
(384, 100)	27888
(55, 2892)	27889
(57, 1433)	27890
(2368, 4829)	27891
(3544, 15677)	27892
(281, 4589)	27893
(27893, 111)	27894
(16069, 476)	27895
(3054, 4042)	27896
(277, 7208)	27897
(8611, 498)	27898
(484, 9391)	27899
(1721, 17848)	27900
(801, 13371)	27901
(3911, 1287)	27902
(82, 1621)	27903
(7548, 358)	27904
(27904, 310)	27905
(27905, 2931)	27906
(70, 4312)	27907
(5502, 464)	27908
(27908, 799)	27909
(17857, 115)	27910
(303, 4536)	27911
(27911, 677)	27912
(17860, 471)	27913
(17860, 345)	27914
(295, 9317)	27915
(298, 13503)	27916
(4100, 534)	27917
(311, 3998)	27918
(15145, 13504)	27919
(5407, 13501)	27920
(3607, 99)	27921
(27921, 1335)	27922
(1350, 12698)	27923
(342, 7100)	27924
(116, 1126)	27925
(27925, 345)	27926
(17703, 291)	27927
(11685, 784)	27928
(1724, 766)	27929
(17865, 267)	27930
(350, 17866)	27931
(370, 2199)	27932
(27932, 13508)	27933
(3194, 537)	27934
(27934, 117)	27935
(13510, 267)	27936
(76, 17869)	27937
(4159, 1378)	27938
(45, 2361)	27939
(362, 89)	27940
(362, 17871)	27941
(315, 17869)	27942
(3469, 66)	27943
(27943, 3303)	27944
(16698, 111)	27945
(6877, 3337)	27946
(591, 262)	27947
(5749, 17667)	27948
(362, 2029)	27949
(27949, 734)	27950
(27950, 122)	27951
(988, 2095)	27952
(27952, 97)	27953
(1701, 379)	27954
(27954, 602)	27955
(9623, 1326)	27956
(17877, 331)	27957
(27957, 2539)	27958
(15028, 692)	27959
(27959, 1849)	27960
(13517, 6532)	27961
(27961, 2214)	27962
(27962, 17317)	27963
(27963, 107)	27964
(27964, 455)	27965
(27965, 268)	27966
(1695, 331)	27967
(27967, 3568)	27968
(355, 11024)	27969
(27969, 1899)	27970
(27970, 480)	27971
(27971, 268)	27972
(4880, 659)	27973
(459, 457)	27974
(27974, 257)	27975
(2145, 317)	27976
(756, 344)	27977
(27977, 3243)	27978
(27978, 363)	27979
(434, 326)	27980
(27980, 493)	27981
(290, 381)	27982
(27982, 1471)	27983
(1584, 8146)	27984
(2064, 6728)	27985
(9396, 396)	27986
(27986, 2169)	27987
(9706, 345)	27988
(17347, 280)	27989
(6088, 108)	27990
(27990, 301)	27991
(3786, 567)	27992
(27992, 397)	27993
(1814, 414)	27994
(27994, 1167)	27995
(2982, 267)	27996
(459, 5462)	27997
(4731, 8927)	27998
(65, 117)	27999
(27999, 1871)	28000
(17759, 373)	28001
(4781, 1120)	28002
(28002, 117)	28003
(28003, 428)	28004
(28004, 291)	28005
(6245, 2421)	28006
(5235, 970)	28007
(17904, 9361)	28008
(17904, 42)	28009
(28009, 9361)	28010
(45, 720)	28011
(28011, 6283)	28012
(369, 5686)	28013
(5455, 1523)	28014
(4983, 11029)	28015
(16745, 3329)	28016
(4520, 98)	28017
(28017, 563)	28018
(4791, 374)	28019
(83, 341)	28020
(28020, 13529)	28021
(380, 17919)	28022
(2083, 6771)	28023
(2286, 11031)	28024
(988, 468)	28025
(28025, 291)	28026
(1394, 476)	28027
(1064, 17919)	28028
(17920, 3151)	28029
(13326, 17921)	28030
(941, 11624)	28031
(84, 394)	28032
(16224, 843)	28033
(78, 1993)	28034
(1277, 345)	28035
(362, 291)	28036
(28036, 105)	28037
(28037, 2615)	28038
(10460, 262)	28039
(28039, 7815)	28040
(17421, 777)	28041
(28041, 345)	28042
(2310, 260)	28043
(72, 11034)	28044
(28044, 447)	28045
(28045, 119)	28046
(28046, 1981)	28047
(28047, 1329)	28048
(28048, 115)	28049
(28049, 294)	28050
(28050, 1451)	28051
(39, 41)	28052
(355, 310)	28053
(28053, 376)	28054
(28054, 286)	28055
(1545, 5357)	28056
(360, 68)	28057
(28057, 82)	28058
(75, 310)	28059
(28059, 406)	28060
(28060, 122)	28061
(28061, 17935)	28062
(7869, 7399)	28063
(28063, 708)	28064
(28064, 1329)	28065
(11036, 11036)	28066
(404, 11971)	28067
(17937, 17938)	28068
(1198, 10500)	28069
(1935, 351)	28070
(28070, 271)	28071
(5914, 2978)	28072
(6003, 2374)	28073
(28073, 263)	28074
(71, 9045)	28075
(362, 8175)	28076
(28076, 161)	28077
(28077, 13536)	28078
(290, 198)	28079
(28079, 161)	28080
(28080, 110)	28081
(17941, 178)	28082
(28082, 97)	28083
(9404, 105)	28084
(28084, 17943)	28085
(28085, 110)	28086
(324, 4911)	28087
(28087, 170)	28088
(28088, 110)	28089
(1260, 6667)	28090
(28090, 167)	28091
(299, 17944)	28092
(28092, 116)	28093
(370, 1693)	28094
(307, 6667)	28095
(28095, 147)	28096
(459, 1528)	28097
(9405, 17943)	28098
(28098, 116)	28099
(6859, 17946)	28100
(484, 9403)	28101
(7715, 13443)	28102
(484, 197)	28103
(28103, 169)	28104
(28104, 13536)	28105
(459, 195)	28106
(28106, 185)	28107
(28107, 97)	28108
(9404, 13541)	28109
(28109, 111)	28110
(591, 17944)	28111
(28111, 110)	28112
(1651, 13541)	28113
(28113, 13536)	28114
(356, 11042)	28115
(3704, 105)	28116
(324, 1105)	28117
(6465, 446)	28118
(28118, 334)	28119
(355, 457)	28120
(625, 104)	28121
(532, 117)	28122
(300, 5634)	28123
(2935, 2216)	28124
(65, 438)	28125
(28125, 5950)	28126
(915, 5514)	28127
(45, 573)	28128
(2880, 301)	28129
(28129, 1704)	28130
(28130, 5462)	28131
(77, 280)	28132
(28132, 17955)	28133
(84, 421)	28134
(12601, 17956)	28135
(17957, 13542)	28136
(357, 6096)	28137
(320, 3300)	28138
(6983, 2921)	28139
(87, 13094)	28140
(1250, 1118)	28141
(2879, 50)	28142
(1957, 708)	28143
(309, 400)	28144
(776, 56)	28145
(1392, 1540)	28146
(364, 2004)	28147
(28147, 595)	28148
(256, 585)	28149
(4877, 279)	28150
(2745, 279)	28151
(5995, 1492)	28152
(3173, 9959)	28153
(17963, 1461)	28154
(307, 2534)	28155
(45, 12895)	28156
(678, 14639)	28157
(51, 4601)	28158
(66, 264)	28159
(28159, 117)	28160
(356, 310)	28161
(28161, 11046)	28162
(2283, 2828)	28163
(79, 1081)	28164
(5422, 467)	28165
(28165, 104)	28166
(1045, 14510)	28167
(4189, 6849)	28168
(17973, 486)	28169
(9411, 399)	28170
(1142, 497)	28171
(28171, 115)	28172
(2747, 1068)	28173
(9762, 2913)	28174
(7900, 11051)	28175
(270, 1590)	28176
(3324, 4866)	28177
(7457, 8462)	28178
(347, 97)	28179
(28179, 1411)	28180
(28180, 271)	28181
(16329, 521)	28182
(28182, 970)	28183
(6918, 263)	28184
(28184, 1220)	28185
(15820, 280)	28186
(28186, 2040)	28187
(265, 374)	28188
(28188, 823)	28189
(265, 15746)	28190
(73, 98)	28191
(28191, 110)	28192
(284, 110)	28193
(8577, 280)	28194
(28194, 3501)	28195
(290, 822)	28196
(3236, 3471)	28197
(4022, 259)	28198
(729, 3831)	28199
(517, 1118)	28200
(28200, 1715)	28201
(1819, 115)	28202
(8851, 1784)	28203
(529, 496)	28204
(28204, 267)	28205
(4192, 932)	28206
(284, 469)	28207
(28207, 428)	28208
(15284, 17990)	28209
(17991, 414)	28210
(10532, 267)	28211
(1428, 339)	28212
(68, 2876)	28213
(324, 85)	28214
(28214, 84)	28215
(1272, 78)	28216
(28216, 68)	28217
(362, 3381)	28218
(28218, 73)	28219
(28219, 11054)	28220
(28220, 13327)	28221
(28221, 3055)	28222
(28222, 69)	28223
(5501, 260)	28224
(369, 106)	28225
(28225, 13559)	28226
(299, 659)	28227
(28227, 536)	28228
(28228, 5890)	28229
(332, 2514)	28230
(28230, 267)	28231
(2083, 8409)	28232
(15883, 345)	28233
(256, 481)	28234
(68, 4973)	28235
(2107, 909)	28236
(978, 4551)	28237
(775, 6559)	28238
(5397, 280)	28239
(1588, 14532)	28240
(6506, 57)	28241
(835, 17996)	28242
(724, 112)	28243
(28243, 456)	28244
(2879, 54)	28245
(13492, 673)	28246
(6555, 304)	28247
(4561, 2040)	28248
(1095, 10267)	28249
(28249, 1059)	28250
(10819, 286)	28251
(18002, 119)	28252
(28252, 421)	28253
(9801, 623)	28254
(7221, 3495)	28255
(28255, 267)	28256
(489, 111)	28257
(28257, 1098)	28258
(490, 2333)	28259
(28259, 18004)	28260
(28260, 379)	28261
(28261, 592)	28262
(10269, 103)	28263
(28263, 627)	28264
(18006, 565)	28265
(6090, 608)	28266
(28266, 400)	28267
(758, 2427)	28268
(28268, 477)	28269
(350, 117)	28270
(28270, 119)	28271
(28271, 4144)	28272
(28272, 7199)	28273
(1230, 4037)	28274
(256, 1376)	28275
(28275, 1400)	28276
(18007, 2427)	28277
(4899, 267)	28278
(6258, 12824)	28279
(393, 327)	28280
(427, 266)	28281
(28281, 1655)	28282
(16327, 537)	28283
(28283, 703)	28284
(2982, 109)	28285
(28285, 601)	28286
(300, 3537)	28287
(6554, 534)	28288
(300, 343)	28289
(28289, 628)	28290
(1016, 469)	28291
(1919, 346)	28292
(256, 5778)	28293
(529, 9661)	28294
(265, 786)	28295
(13483, 376)	28296
(28296, 2437)	28297
(28297, 115)	28298
(300, 2098)	28299
(1218, 2817)	28300
(18023, 327)	28301
(28301, 2489)	28302
(360, 12406)	28303
(8577, 741)	28304
(28304, 3395)	28305
(3156, 453)	28306
(28306, 3395)	28307
(77, 1693)	28308
(28308, 17778)	28309
(387, 1081)	28310
(295, 1710)	28311
(28311, 105)	28312
(566, 2046)	28313
(13483, 267)	28314
(332, 9680)	28315
(4182, 8886)	28316
(10527, 1400)	28317
(1919, 260)	28318
(1496, 287)	28319
(28319, 98)	28320
(28320, 3208)	28321
(300, 3727)	28322
(28322, 2048)	28323
(6886, 1205)	28324
(28324, 385)	28325
(4520, 1376)	28326
(897, 445)	28327
(28327, 965)	28328
(28328, 291)	28329
(5786, 390)	28330
(1079, 53)	28331
(3431, 354)	28332
(28332, 1167)	28333
(1786, 18029)	28334
(1035, 397)	28335
(28335, 1414)	28336
(10687, 480)	28337
(28337, 101)	28338
(6539, 4279)	28339
(324, 1176)	28340
(28340, 339)	28341
(3461, 4066)	28342
(18033, 1289)	28343
(28343, 460)	28344
(309, 1157)	28345
(28345, 376)	28346
(28346, 121)	28347
(18034, 18035)	28348
(8765, 17548)	28349
(6857, 1497)	28350
(45, 803)	28351
(11654, 306)	28352
(924, 408)	28353
(28353, 1167)	28354
(3876, 2629)	28355
(303, 2281)	28356
(28356, 2954)	28357
(277, 456)	28358
(28358, 2661)	28359
(1557, 330)	28360
(28360, 685)	28361
(3704, 12972)	28362
(1501, 3072)	28363
(28363, 2972)	28364
(2934, 3902)	28365
(70, 10979)	28366
(3110, 18040)	28367
(72, 2500)	28368
(8185, 8026)	28369
(328, 614)	28370
(12170, 10635)	28371
(76, 9417)	28372
(10205, 601)	28373
(6258, 601)	28374
(2091, 930)	28375
(9398, 5018)	28376
(747, 550)	28377
(71, 8180)	28378
(303, 339)	28379
(28379, 2958)	28380
(2540, 498)	28381
(5062, 376)	28382
(28382, 10495)	28383
(28383, 400)	28384
(9159, 325)	28385
(28385, 601)	28386
(453, 18051)	28387
(1219, 264)	28388
(28388, 1313)	28389
(9184, 76)	28390
(1827, 294)	28391
(28391, 478)	28392
(28392, 267)	28393
(2061, 262)	28394
(28394, 2735)	28395
(2486, 419)	28396
(28396, 807)	28397
(1947, 1305)	28398
(8851, 3247)	28399
(391, 376)	28400
(28400, 537)	28401
(28401, 1553)	28402
(362, 1761)	28403
(28403, 2198)	28404
(48, 5406)	28405
(10532, 833)	28406
(8561, 17409)	28407
(18057, 18058)	28408
(11513, 2406)	28409
(3191, 114)	28410
(28410, 2938)	28411
(5682, 1543)	28412
(855, 708)	28413
(48, 868)	28414
(54, 1676)	28415
(48, 50)	28416
(4246, 365)	28417
(28417, 1958)	28418
(28418, 399)	28419
(6883, 4657)	28420
(28420, 264)	28421
(9024, 399)	28422
(2000, 15372)	28423
(28423, 115)	28424
(2137, 9419)	28425
(70, 17921)	28426
(45, 9184)	28427
(28427, 18065)	28428
(3463, 111)	28429
(4187, 99)	28430
(28430, 2247)	28431
(18066, 2029)	28432
(28432, 105)	28433
(375, 2707)	28434
(28434, 13584)	28435
(16890, 3221)	28436
(926, 13424)	28437
(28437, 3537)	28438
(738, 313)	28439
(1909, 18065)	28440
(560, 18067)	28441
(28441, 3322)	28442
(7300, 410)	28443
(370, 2098)	28444
(18066, 18040)	28445
(5830, 535)	28446
(9249, 708)	28447
(11740, 2841)	28448
(356, 1668)	28449
(2060, 685)	28450
(1438, 101)	28451
(28451, 105)	28452
(28452, 1089)	28453
(9358, 909)	28454
(28454, 2841)	28455
(11655, 449)	28456
(28456, 306)	28457
(5384, 1353)	28458
(10934, 13586)	28459
(323, 6849)	28460
(3789, 11075)	28461
(2162, 5353)	28462
(90, 4906)	28463
(28463, 602)	28464
(18069, 1672)	28465
(2093, 97)	28466
(28466, 269)	28467
(11076, 2320)	28468
(28468, 97)	28469
(13587, 5145)	28470
(8878, 18072)	28471
(348, 4798)	28472
(3953, 1005)	28473
(28473, 6396)	28474
(11077, 259)	28475
(10957, 115)	28476
(7256, 97)	28477
(16004, 105)	28478
(13592, 7318)	28479
(100, 3574)	28480
(315, 259)	28481
(28481, 437)	28482
(7452, 17601)	28483
(3422, 55)	28484
(1362, 273)	28485
(28485, 854)	28486
(2060, 306)	28487
(7669, 854)	28488
(68, 74)	28489
(4103, 1793)	28490
(4686, 4979)	28491
(324, 925)	28492
(28492, 2903)	28493
(272, 352)	28494
(28494, 470)	28495
(28495, 530)	28496
(1892, 1087)	28497
(6652, 449)	28498
(5530, 338)	28499
(28499, 10440)	28500
(3102, 2871)	28501
(426, 13586)	28502
(28502, 1727)	28503
(4854, 3316)	28504
(3782, 121)	28505
(14673, 402)	28506
(289, 7727)	28507
(7167, 5337)	28508
(3678, 286)	28509
(28509, 544)	28510
(72, 659)	28511
(28511, 379)	28512
(32, 237)	28513
(28513, 148)	28514
(28514, 132)	28515
(28515, 235)	28516
(28516, 161)	28517
(28517, 156)	28518
(28518, 235)	28519
(28519, 147)	28520
(28520, 128)	28521
(28521, 236)	28522
(28522, 130)	28523
(28523, 172)	28524
(290, 3555)	28525
(459, 97)	28526
(299, 2042)	28527
(6837, 111)	28528
(45, 106)	28529
(28529, 259)	28530
(434, 3063)	28531
(264, 10160)	28532
(581, 967)	28533
(12007, 1325)	28534
(256, 8559)	28535
(28535, 7675)	28536
(256, 358)	28537
(28537, 263)	28538
(18108, 114)	28539
(28539, 374)	28540
(1253, 13603)	28541
(28541, 304)	28542
(18109, 498)	28543
(5413, 5644)	28544
(4727, 111)	28545
(299, 259)	28546
(28546, 2402)	28547
(28547, 268)	28548
(545, 331)	28549
(28549, 4091)	28550
(450, 3513)	28551
(11926, 291)	28552
(1278, 938)	28553
(14926, 1828)	28554
(342, 675)	28555
(28555, 1550)	28556
(28556, 267)	28557
(13606, 4091)	28558
(2312, 1473)	28559
(115, 334)	28560
(2884, 115)	28561
(1132, 668)	28562
(28562, 468)	28563
(490, 15206)	28564
(28564, 9150)	28565
(4562, 9717)	28566
(28566, 5145)	28567
(258, 3268)	28568
(28568, 266)	28569
(2233, 9029)	28570
(8652, 3972)	28571
(3104, 121)	28572
(1391, 16924)	28573
(361, 2897)	28574
(28574, 18121)	28575
(285, 506)	28576
(8808, 2730)	28577
(7307, 114)	28578
(28578, 9803)	28579
(4270, 1088)	28580
(332, 1222)	28581
(1202, 607)	28582
(28582, 486)	28583
(4270, 2972)	28584
(503, 16917)	28585
(1119, 5779)	28586
(634, 18124)	28587
(3061, 8465)	28588
(284, 4278)	28589
(1570, 401)	28590
(28590, 1305)	28591
(320, 376)	28592
(15217, 573)	28593
(320, 2913)	28594
(2610, 280)	28595
(369, 72)	28596
(28596, 70)	28597
(3598, 3495)	28598
(7897, 1758)	28599
(360, 925)	28600
(28600, 1240)	28601
(364, 990)	28602
(309, 1346)	28603
(28603, 97)	28604
(28604, 564)	28605
(82, 595)	28606
(28606, 2386)	28607
(2270, 12150)	28608
(10666, 2971)	28609
(364, 67)	28610
(28610, 11088)	28611
(2448, 8973)	28612
(8743, 15290)	28613
(362, 8639)	28614
(4046, 3389)	28615
(8644, 264)	28616
(356, 269)	28617
(28617, 98)	28618
(28618, 1170)	28619
(3128, 1981)	28620
(311, 262)	28621
(295, 6647)	28622
(1295, 483)	28623
(28623, 764)	28624
(1045, 1411)	28625
(28625, 2841)	28626
(8971, 86)	28627
(7320, 115)	28628
(47, 15238)	28629
(2137, 120)	28630
(10262, 97)	28631
(11094, 108)	28632
(28632, 18138)	28633
(28633, 103)	28634
(256, 201)	28635
(28635, 170)	28636
(28636, 109)	28637
(28637, 11094)	28638
(28638, 202)	28639
(28639, 131)	28640
(28640, 18138)	28641
(39, 110)	28642
(28642, 107)	28643
(28643, 11094)	28644
(450, 4812)	28645
(5268, 816)	28646
(11009, 708)	28647
(84, 8194)	28648
(434, 1538)	28649
(28649, 8811)	28650
(18140, 695)	28651
(1362, 7603)	28652
(362, 445)	28653
(28653, 9940)	28654
(1445, 1305)	28655
(671, 689)	28656
(28656, 1762)	28657
(484, 944)	28658
(28658, 121)	28659
(28659, 807)	28660
(28660, 400)	28661
(387, 4170)	28662
(360, 4502)	28663
(28663, 2705)	28664
(28664, 118)	28665
(5034, 1540)	28666
(6405, 291)	28667
(74, 8195)	28668
(3140, 260)	28669
(664, 1682)	28670
(28670, 414)	28671
(2607, 18145)	28672
(6596, 3630)	28673
(28673, 799)	28674
(3321, 275)	28675
(3301, 4369)	28676
(28676, 266)	28677
(355, 8395)	28678
(71, 2644)	28679
(290, 2565)	28680
(28680, 15860)	28681
(71, 13617)	28682
(18153, 122)	28683
(8577, 469)	28684
(28684, 317)	28685
(2934, 18145)	28686
(364, 397)	28687
(28687, 4057)	28688
(18109, 784)	28689
(9776, 4721)	28690
(100, 3113)	28691
(2417, 2557)	28692
(2805, 4091)	28693
(28693, 442)	28694
(10065, 263)	28695
(835, 266)	28696
(835, 12642)	28697
(4578, 56)	28698
(5504, 54)	28699
(4251, 52)	28700
(678, 638)	28701
(3502, 1833)	28702
(28702, 5145)	28703
(28703, 2999)	28704
(28704, 3438)	28705
(10737, 3438)	28706
(918, 9440)	28707
(28707, 111)	28708
(2344, 310)	28709
(28709, 374)	28710
(28710, 317)	28711
(11098, 3136)	28712
(28712, 493)	28713
(28713, 1208)	28714
(12147, 408)	28715
(28715, 111)	28716
(3030, 13210)	28717
(1392, 11101)	28718
(52, 4491)	28719
(13623, 589)	28720
(2331, 5228)	28721
(28721, 115)	28722
(560, 8787)	28723
(4311, 49)	28724
(1042, 1105)	28725
(28725, 1313)	28726
(34, 11102)	28727
(4614, 117)	28728
(28728, 271)	28729
(28729, 2435)	28730
(320, 1389)	28731
(356, 14651)	28732
(762, 104)	28733
(28733, 6015)	28734
(300, 275)	28735
(355, 3867)	28736
(560, 9440)	28737
(28737, 3221)	28738
(1219, 1313)	28739
(48, 4409)	28740
(16396, 71)	28741
(28741, 69)	28742
(8885, 466)	28743
(28743, 2557)	28744
(34, 18164)	28745
(453, 1313)	28746
(336, 589)	28747
(1549, 3630)	28748
(303, 437)	28749
(28749, 1313)	28750
(671, 752)	28751
(347, 13630)	28752
(28752, 602)	28753
(290, 7685)	28754
(28754, 602)	28755
(68, 13631)	28756
(256, 2179)	28757
(28757, 5761)	28758
(765, 351)	28759
(28759, 1641)	28760
(387, 1667)	28761
(838, 4793)	28762
(28762, 267)	28763
(79, 1667)	28764
(5600, 400)	28765
(55, 1610)	28766
(17649, 1412)	28767
(4537, 115)	28768
(2809, 1473)	28769
(18172, 402)	28770
(9104, 1412)	28771
(18172, 1151)	28772
(12068, 376)	28773
(28773, 1592)	28774
(1460, 703)	28775
(299, 14816)	28776
(18175, 802)	28777
(8701, 121)	28778
(1446, 7315)	28779
(2721, 833)	28780
(15572, 121)	28781
(560, 7315)	28782
(393, 100)	28783
(28783, 4320)	28784
(1623, 1068)	28785
(290, 6728)	28786
(28786, 399)	28787
(1728, 1684)	28788
(364, 7411)	28789
(28789, 8198)	28790
(3793, 52)	28791
(454, 267)	28792
(1221, 6334)	28793
(2443, 291)	28794
(18188, 441)	28795
(2329, 5550)	28796
(16508, 400)	28797
(326, 3979)	28798
(28798, 5003)	28799
(28799, 2251)	28800
(11032, 18191)	28801
(3298, 111)	28802
(5795, 18191)	28803
(1919, 802)	28804
(8368, 2307)	28805
(575, 1400)	28806
(924, 17836)	28807
(77, 269)	28808
(28808, 6670)	28809
(14638, 101)	28810
(28810, 3808)	28811
(17776, 108)	28812
(28812, 1608)	28813
(17067, 6670)	28814
(18199, 13645)	28815
(12231, 115)	28816
(6966, 286)	28817
(28817, 4721)	28818
(1002, 3471)	28819
(7691, 269)	28820
(17044, 1421)	28821
(28821, 291)	28822
(18202, 291)	28823
(17016, 5151)	28824
(2549, 383)	28825
(28825, 99)	28826
(28826, 266)	28827
(1695, 6805)	28828
(16764, 339)	28829
(5786, 18204)	28830
(420, 411)	28831
(28831, 15014)	28832
(28832, 115)	28833
(32, 458)	28834
(28834, 18205)	28835
(28835, 4652)	28836
(28836, 115)	28837
(5280, 275)	28838
(28838, 1941)	28839
(28839, 115)	28840
(1924, 114)	28841
(28841, 1351)	28842
(28842, 291)	28843
(10840, 2588)	28844
(2602, 5094)	28845
(4845, 12698)	28846
(4775, 341)	28847
(28847, 467)	28848
(28848, 1750)	28849
(1935, 441)	28850
(28850, 339)	28851
(1915, 286)	28852
(7846, 8958)	28853
(884, 483)	28854
(28854, 1400)	28855
(1517, 496)	28856
(28856, 376)	28857
(1798, 878)	28858
(3392, 18222)	28859
(1154, 13654)	28860
(14854, 1205)	28861
(489, 262)	28862
(28862, 390)	28863
(15097, 2198)	28864
(384, 6928)	28865
(4302, 6969)	28866
(473, 453)	28867
(28867, 3388)	28868
(5487, 539)	28869
(28869, 339)	28870
(278, 984)	28871
(28871, 481)	28872
(10364, 102)	28873
(5204, 6205)	28874
(10519, 546)	28875
(721, 12798)	28876
(299, 2646)	28877
(17014, 2158)	28878
(852, 6345)	28879
(17605, 1143)	28880
(15149, 341)	28881
(420, 1323)	28882
(320, 3281)	28883
(7142, 18029)	28884
(1924, 358)	28885
(28885, 3842)	28886
(918, 112)	28887
(28887, 10333)	28888
(2986, 338)	28889
(547, 269)	28890
(7277, 1323)	28891
(9445, 13660)	28892
(17937, 5685)	28893
(28893, 435)	28894
(69, 11120)	28895
(324, 410)	28896
(28896, 108)	28897
(28897, 1252)	28898
(1430, 287)	28899
(18244, 1019)	28900
(28900, 399)	28901
(323, 483)	28902
(17475, 502)	28903
(28903, 101)	28904
(1892, 15747)	28905
(678, 468)	28906
(28906, 4752)	28907
(66, 11122)	28908
(5528, 111)	28909
(69, 1183)	28910
(28910, 279)	28911
(28911, 383)	28912
(86, 466)	28913
(28913, 5228)	28914
(7894, 301)	28915
(77, 5329)	28916
(284, 466)	28917
(28917, 9439)	28918
(34, 40)	28919
(67, 5228)	28920
(12296, 101)	28921
(2256, 97)	28922
(353, 117)	28923
(1980, 301)	28924
(1620, 1838)	28925
(3550, 4406)	28926
(324, 82)	28927
(12683, 13664)	28928
(28928, 383)	28929
(3114, 13665)	28930
(4049, 109)	28931
(28931, 1693)	28932
(66, 2361)	28933
(28933, 562)	28934
(10237, 257)	28935
(28935, 313)	28936
(76, 1252)	28937
(835, 116)	28938
(28938, 2585)	28939
(2298, 464)	28940
(28940, 1335)	28941
(355, 462)	28942
(6755, 471)	28943
(15832, 449)	28944
(835, 12943)	28945
(1251, 739)	28946
(28946, 280)	28947
(355, 2042)	28948
(28948, 12811)	28949
(28949, 381)	28950
(66, 481)	28951
(28951, 381)	28952
(28952, 2509)	28953
(28953, 280)	28954
(459, 644)	28955
(28955, 563)	28956
(2534, 2415)	28957
(2935, 106)	28958
(28958, 944)	28959
(28959, 280)	28960
(11882, 1869)	28961
(591, 433)	28962
(28962, 117)	28963
(459, 306)	28964
(28964, 477)	28965
(28965, 563)	28966
(2308, 18252)	28967
(8731, 262)	28968
(13114, 1626)	28969
(28969, 659)	28970
(234, 177)	28971
(28971, 180)	28972
(28972, 236)	28973
(28973, 150)	28974
(28974, 145)	28975
(32, 17791)	28976
(28976, 233)	28977
(28977, 153)	28978
(28978, 189)	28979
(316, 394)	28980
(28980, 5431)	28981
(3864, 17874)	28982
(3241, 106)	28983
(28983, 782)	28984
(28984, 262)	28985
(1189, 51)	28986
(1848, 428)	28987
(28987, 267)	28988
(355, 659)	28989
(28989, 105)	28990
(235, 139)	28991
(28991, 168)	28992
(28992, 234)	28993
(28993, 184)	28994
(28994, 176)	28995
(13088, 170)	28996
(28996, 128)	28997
(28997, 231)	28998
(28998, 180)	28999
(28999, 128)	29000
(52, 1610)	29001
(490, 12943)	29002
(18256, 271)	29003
(347, 488)	29004
(29004, 257)	29005
(290, 1329)	29006
(3789, 2359)	29007
(2643, 7814)	29008
(998, 4208)	29009
(2351, 291)	29010
(1386, 1220)	29011
(303, 286)	29012
(29012, 1004)	29013
(13417, 18261)	29014
(9639, 2593)	29015
(45, 1190)	29016
(29016, 528)	29017
(2799, 376)	29018
(324, 2152)	29019
(29019, 18263)	29020
(2517, 15630)	29021
(29021, 4012)	29022
(918, 267)	29023
(5577, 1208)	29024
(1251, 107)	29025
(29025, 301)	29026
(10302, 121)	29027
(272, 562)	29028
(29028, 441)	29029
(3173, 1399)	29030
(710, 464)	29031
(5341, 460)	29032
(45, 89)	29033
(4731, 86)	29034
(941, 98)	29035
(29035, 1354)	29036
(8871, 6951)	29037
(4046, 1871)	29038
(3156, 317)	29039
(10255, 8472)	29040
(355, 18277)	29041
(2459, 1995)	29042
(4796, 336)	29043
(10556, 115)	29044
(83, 4317)	29045
(290, 1120)	29046
(29046, 392)	29047
(387, 122)	29048
(29048, 728)	29049
(299, 304)	29050
(29050, 13677)	29051
(7221, 615)	29052
(29052, 417)	29053
(71, 12406)	29054
(78, 3395)	29055
(29055, 341)	29056
(29056, 5129)	29057
(311, 3630)	29058
(29058, 18284)	29059
(8179, 1313)	29060
(29060, 18284)	29061
(9450, 1578)	29062
(4153, 1220)	29063
(4116, 1220)	29064
(7545, 12291)	29065
(18286, 4175)	29066
(348, 741)	29067
(29067, 306)	29068
(29068, 1849)	29069
(3463, 1235)	29070
(29070, 618)	29071
(309, 2628)	29072
(29072, 1194)	29073
(8956, 17996)	29074
(12436, 3329)	29075
(7951, 8927)	29076
(307, 1294)	29077
(299, 504)	29078
(29078, 406)	29079
(29079, 101)	29080
(350, 3356)	29081
(364, 2219)	29082
(18293, 9934)	29083
(13474, 373)	29084
(66, 18296)	29085
(8879, 18297)	29086
(3179, 18298)	29087
(324, 18296)	29088
(6660, 3306)	29089
(1214, 1693)	29090
(5333, 402)	29091
(1045, 1689)	29092
(8715, 708)	29093
(29093, 97)	29094
(6496, 271)	29095
(29095, 259)	29096
(1803, 5712)	29097
(29097, 8202)	29098
(5474, 56)	29099
(53, 964)	29100
(835, 83)	29101
(29101, 13684)	29102
(348, 3454)	29103
(29103, 264)	29104
(3661, 18308)	29105
(47, 119)	29106
(29106, 3447)	29107
(87, 3447)	29108
(364, 3447)	29109
(387, 76)	29110
(290, 3343)	29111
(29111, 6212)	29112
(16056, 1698)	29113
(1045, 731)	29114
(29114, 325)	29115
(434, 338)	29116
(29116, 18319)	29117
(729, 843)	29118
(29118, 267)	29119
(758, 305)	29120
(6065, 13692)	29121
(4140, 316)	29122
(309, 3594)	29123
(29123, 271)	29124
(29124, 1538)	29125
(356, 1927)	29126
(29126, 3872)	29127
(835, 78)	29128
(29128, 401)	29129
(29129, 109)	29130
(29130, 13693)	29131
(11077, 98)	29132
(29132, 13464)	29133
(1519, 103)	29134
(29134, 358)	29135
(2706, 1105)	29136
(434, 358)	29137
(29137, 264)	29138
(303, 1984)	29139
(29139, 273)	29140
(4303, 4470)	29141
(9115, 4679)	29142
(13694, 9435)	29143
(5015, 412)	29144
(360, 2905)	29145
(29145, 108)	29146
(29146, 294)	29147
(10385, 264)	29148
(307, 2905)	29149
(29149, 3593)	29150
(29150, 259)	29151
(18324, 4056)	29152
(18325, 317)	29153
(3156, 305)	29154
(29154, 739)	29155
(29155, 18308)	29156
(29156, 10098)	29157
(29157, 18326)	29158
(591, 280)	29159
(29159, 2999)	29160
(29160, 3962)	29161
(29161, 110)	29162
(29162, 2823)	29163
(29163, 6632)	29164
(3775, 259)	29165
(348, 7876)	29166
(434, 97)	29167
(3129, 2055)	29168
(7328, 115)	29169
(299, 401)	29170
(29170, 7329)	29171
(29171, 932)	29172
(48, 4110)	29173
(13703, 18335)	29174
(1433, 55)	29175
(4594, 1985)	29176
(6533, 6747)	29177
(324, 9917)	29178
(1582, 421)	29179
(29179, 400)	29180
(755, 3083)	29181
(356, 1113)	29182
(29182, 586)	29183
(29183, 275)	29184
(29184, 9282)	29185
(2301, 105)	29186
(29186, 291)	29187
(298, 854)	29188
(29188, 291)	29189
(2234, 53)	29190
(1130, 56)	29191
(1798, 708)	29192
(323, 3046)	29193
(605, 18337)	29194
(18338, 18121)	29195
(300, 540)	29196
(1472, 1409)	29197
(12273, 1461)	29198
(2195, 1005)	29199
(29199, 1186)	29200
(2607, 466)	29201
(484, 1006)	29202
(29202, 294)	29203
(29203, 1399)	29204
(10255, 269)	29205
(29205, 4950)	29206
(4074, 115)	29207
(18339, 477)	29208
(29208, 118)	29209
(29209, 432)	29210
(926, 259)	29211
(926, 262)	29212
(11142, 423)	29213
(290, 275)	29214
(29214, 7820)	29215
(8337, 262)	29216
(370, 13709)	29217
(29217, 1871)	29218
(18340, 18341)	29219
(2669, 627)	29220
(10669, 415)	29221
(29221, 6311)	29222
(8207, 478)	29223
(67, 18347)	29224
(303, 18347)	29225
(3874, 2392)	29226
(29226, 260)	29227
(80, 8114)	29228
(3321, 11893)	29229
(76, 1120)	29230
(29230, 1678)	29231
(29231, 865)	29232
(2143, 469)	29233
(2143, 456)	29234
(3236, 3632)	29235
(11056, 715)	29236
(2665, 537)	29237
(29237, 1087)	29238
(80, 2712)	29239
(719, 3458)	29240
(357, 1148)	29241
(14784, 676)	29242
(29242, 262)	29243
(284, 656)	29244
(4302, 9007)	29245
(10561, 267)	29246
(1270, 13718)	29247
(12785, 499)	29248
(6774, 5121)	29249
(307, 8442)	29250
(29250, 9397)	29251
(4428, 6958)	29252
(6774, 11145)	29253
(12829, 280)	29254
(300, 18361)	29255
(955, 3243)	29256
(29256, 13723)	29257
(5190, 7511)	29258
(15546, 343)	29259
(29259, 699)	29260
(15274, 592)	29261
(285, 8958)	29262
(2883, 13725)	29263
(514, 314)	29264
(29264, 696)	29265
(543, 115)	29266
(29266, 269)	29267
(256, 3946)	29268
(29268, 13372)	29269
(1018, 675)	29270
(29270, 1752)	29271
(924, 1087)	29272
(29272, 267)	29273
(315, 344)	29274
(29274, 4844)	29275
(554, 366)	29276
(29276, 417)	29277
(311, 88)	29278
(13726, 291)	29279
(364, 4930)	29280
(776, 55)	29281
(18367, 263)	29282
(29282, 449)	29283
(370, 8572)	29284
(360, 483)	29285
(29285, 9440)	29286
(29286, 268)	29287
(454, 264)	29288
(2276, 1531)	29289
(13726, 1473)	29290
(1265, 13716)	29291
(256, 1323)	29292
(422, 280)	29293
(29293, 825)	29294
(424, 161)	29295
(12352, 452)	29296
(29296, 260)	29297
(1364, 1533)	29298
(323, 586)	29299
(29299, 788)	29300
(2763, 12450)	29301
(3786, 260)	29302
(332, 119)	29303
(29303, 887)	29304
(29304, 562)	29305
(5535, 1712)	29306
(29306, 2435)	29307
(29307, 105)	29308
(282, 273)	29309
(29309, 10353)	29310
(284, 628)	29311
(29311, 13731)	29312
(40, 18372)	29313
(2829, 7477)	29314
(323, 80)	29315
(29315, 70)	29316
(724, 3767)	29317
(18374, 12115)	29318
(6178, 12311)	29319
(18374, 7855)	29320
(4119, 466)	29321
(29321, 865)	29322
(5934, 4945)	29323
(2171, 18378)	29324
(29324, 291)	29325
(503, 18379)	29326
(6947, 306)	29327
(29327, 6500)	29328
(4541, 1176)	29329
(65, 9459)	29330
(309, 67)	29331
(10563, 291)	29332
(8477, 647)	29333
(29333, 280)	29334
(430, 6450)	29335
(45, 498)	29336
(29336, 600)	29337
(29337, 7855)	29338
(678, 2055)	29339
(2540, 6674)	29340
(8474, 423)	29341
(3009, 317)	29342
(258, 2098)	29343
(5522, 259)	29344
(69, 496)	29345
(284, 633)	29346
(29346, 260)	29347
(5839, 101)	29348
(4140, 313)	29349
(4349, 8653)	29350
(4587, 396)	29351
(29351, 715)	29352
(300, 445)	29353
(13741, 2189)	29354
(7539, 1150)	29355
(9785, 3669)	29356
(299, 118)	29357
(29357, 428)	29358
(29358, 18390)	29359
(45, 2272)	29360
(29360, 2539)	29361
(87, 585)	29362
(1570, 268)	29363
(29363, 99)	29364
(29364, 5820)	29365
(9375, 1294)	29366
(29366, 373)	29367
(459, 327)	29368
(29368, 411)	29369
(7962, 1691)	29370
(29370, 345)	29371
(4509, 100)	29372
(29372, 301)	29373
(29373, 428)	29374
(18396, 330)	29375
(298, 7876)	29376
(29376, 313)	29377
(32, 806)	29378
(29378, 389)	29379
(29379, 5276)	29380
(7744, 339)	29381
(3194, 685)	29382
(9763, 802)	29383
(7749, 2927)	29384
(2580, 85)	29385
(5622, 115)	29386
(9798, 1389)	29387
(6546, 4689)	29388
(350, 878)	29389
(29389, 339)	29390
(6546, 996)	29391
(45, 4012)	29392
(83, 734)	29393
(29393, 2921)	29394
(1356, 1297)	29395
(350, 1599)	29396
(624, 116)	29397
(360, 291)	29398
(29398, 5337)	29399
(1114, 259)	29400
(4306, 98)	29401
(29401, 1712)	29402
(303, 4253)	29403
(29403, 366)	29404
(18404, 294)	29405
(17278, 8570)	29406
(13754, 1269)	29407
(838, 11915)	29408
(10313, 2815)	29409
(10520, 414)	29410
(926, 436)	29411
(323, 2563)	29412
(29412, 120)	29413
(4153, 314)	29414
(29414, 18409)	29415
(29415, 825)	29416
(3336, 16136)	29417
(1614, 291)	29418
(272, 7335)	29419
(29419, 292)	29420
(9064, 119)	29421
(29421, 443)	29422
(422, 333)	29423
(108, 5463)	29424
(9064, 112)	29425
(29425, 18412)	29426
(18413, 2930)	29427
(29427, 18412)	29428
(1410, 7122)	29429
(3634, 1032)	29430
(29430, 383)	29431
(332, 5711)	29432
(5589, 2615)	29433
(29433, 105)	29434
(115, 4317)	29435
(332, 2290)	29436
(3485, 458)	29437
(10736, 4091)	29438
(256, 291)	29439
(29439, 279)	29440
(29440, 1838)	29441
(367, 18416)	29442
(732, 18416)	29443
(360, 437)	29444
(309, 8038)	29445
(4585, 442)	29446
(13761, 2556)	29447
(362, 16762)	29448
(29448, 105)	29449
(272, 717)	29450
(29450, 1068)	29451
(13762, 18420)	29452
(3809, 535)	29453
(29453, 3565)	29454
(307, 5931)	29455
(7594, 306)	29456
(8974, 18199)	29457
(29457, 104)	29458
(29458, 351)	29459
(1221, 306)	29460
(309, 14732)	29461
(29461, 116)	29462
(29462, 741)	29463
(18425, 327)	29464
(40, 267)	29465
(110, 10079)	29466
(284, 262)	29467
(29467, 4377)	29468
(29468, 10098)	29469
(29469, 117)	29470
(349, 316)	29471
(1322, 17096)	29472
(3720, 345)	29473
(284, 7638)	29474
(349, 6849)	29475
(7823, 7336)	29476
(10444, 3639)	29477
(1393, 5231)	29478
(107, 18430)	29479
(13761, 280)	29480
(3236, 1110)	29481
(29481, 269)	29482
(448, 1183)	29483
(29483, 2319)	29484
(3467, 2556)	29485
(290, 17307)	29486
(29486, 544)	29487
(364, 443)	29488
(29488, 8570)	29489
(2891, 18432)	29490
(821, 667)	29491
(29491, 267)	29492
(3321, 79)	29493
(29493, 87)	29494
(13592, 9464)	29495
(17661, 109)	29496
(29496, 13769)	29497
(2096, 115)	29498
(817, 18432)	29499
(1391, 352)	29500
(29500, 291)	29501
(8755, 8787)	29502
(434, 2998)	29503
(29503, 7319)	29504
(7007, 275)	29505
(12259, 343)	29506
(29506, 5498)	29507
(9822, 390)	29508
(17077, 2290)	29509
(29509, 291)	29510
(1446, 9225)	29511
(356, 2161)	29512
(29512, 283)	29513
(350, 8205)	29514
(11167, 3337)	29515
(77, 17127)	29516
(29516, 974)	29517
(1980, 9293)	29518
(29518, 275)	29519
(68, 9465)	29520
(370, 705)	29521
(29521, 365)	29522
(29522, 351)	29523
(10451, 115)	29524
(3324, 115)	29525
(47, 4265)	29526
(47, 79)	29527
(29527, 4851)	29528
(3463, 17341)	29529
(5176, 399)	29530
(1501, 3997)	29531
(29531, 493)	29532
(29532, 306)	29533
(1254, 6059)	29534
(2007, 589)	29535
(29535, 103)	29536
(29536, 589)	29537
(17961, 410)	29538
(3301, 13774)	29539
(3049, 264)	29540
(5648, 460)	29541
(1338, 843)	29542
(10347, 345)	29543
(1924, 1870)	29544
(2541, 947)	29545
(11071, 116)	29546
(29546, 292)	29547
(298, 737)	29548
(3730, 990)	29549
(4845, 994)	29550
(4845, 10217)	29551
(18452, 115)	29552
(1882, 424)	29553
(29553, 152)	29554
(102, 9467)	29555
(4932, 2116)	29556
(690, 17724)	29557
(29557, 2401)	29558
(17740, 435)	29559
(8485, 478)	29560
(3565, 372)	29561
(29561, 1549)	29562
(13333, 761)	29563
(46, 1609)	29564
(29564, 1745)	29565
(29565, 274)	29566
(916, 400)	29567
(29567, 1461)	29568
(13071, 969)	29569
(29569, 623)	29570
(18457, 2257)	29571
(29571, 346)	29572
(3570, 291)	29573
(18461, 9247)	29574
(6261, 9247)	29575
(5377, 291)	29576
(1899, 414)	29577
(8217, 18462)	29578
(7955, 8218)	29579
(3298, 3677)	29580
(307, 1963)	29581
(29581, 2342)	29582
(9392, 802)	29583
(289, 275)	29584
(29584, 6855)	29585
(29585, 1205)	29586
(364, 18467)	29587
(13789, 3960)	29588
(4154, 670)	29589
(16079, 1727)	29590
(67, 9475)	29591
(362, 334)	29592
(29592, 3329)	29593
(2934, 9214)	29594
(307, 14606)	29595
(65, 121)	29596
(29596, 6395)	29597
(13793, 3141)	29598
(8943, 829)	29599
(34, 13794)	29600
(404, 121)	29601
(29601, 120)	29602
(75, 306)	29603
(29603, 2818)	29604
(350, 13799)	29605
(29605, 6680)	29606
(67, 485)	29607
(29607, 260)	29608
(9368, 1929)	29609
(51, 964)	29610
(986, 1061)	29611
(4428, 1756)	29612
(29612, 1660)	29613
(48, 5474)	29614
(9398, 280)	29615
(3837, 111)	29616
(29616, 564)	29617
(663, 11002)	29618
(29618, 257)	29619
(53, 3721)	29620
(560, 909)	29621
(29621, 106)	29622
(29622, 13805)	29623
(4432, 50)	29624
(8539, 589)	29625
(29625, 339)	29626
(7548, 112)	29627
(29627, 1749)	29628
(6114, 9065)	29629
(4363, 1540)	29630
(29630, 366)	29631
(29631, 399)	29632
(10216, 515)	29633
(29633, 435)	29634
(2682, 115)	29635
(6783, 2153)	29636
(12553, 291)	29637
(367, 7625)	29638
(5624, 2876)	29639
(47, 13586)	29640
(47, 1261)	29641
(29641, 280)	29642
(4983, 887)	29643
(347, 5282)	29644
(11077, 110)	29645
(29645, 331)	29646
(7834, 291)	29647
(16252, 4921)	29648
(11176, 2260)	29649
(29649, 121)	29650
(16922, 13810)	29651
(29651, 8541)	29652
(29652, 12803)	29653
(7570, 10625)	29654
(29654, 216)	29655
(29655, 185)	29656
(29656, 5042)	29657
(29657, 13810)	29658
(450, 330)	29659
(29659, 1853)	29660
(13811, 873)	29661
(289, 11119)	29662
(6688, 6688)	29663
(10669, 486)	29664
(11175, 97)	29665
(13812, 1569)	29666
(4618, 338)	29667
(29667, 3195)	29668
(1609, 316)	29669
(3534, 16448)	29670
(18486, 260)	29671
(5341, 5825)	29672
(45, 7003)	29673
(83, 3998)	29674
(29674, 71)	29675
(5631, 314)	29676
(29676, 334)	29677
(309, 108)	29678
(29678, 316)	29679
(29679, 10769)	29680
(115, 5598)	29681
(29681, 291)	29682
(2981, 316)	29683
(18488, 1318)	29684
(29684, 294)	29685
(8539, 2519)	29686
(4731, 1124)	29687
(347, 8225)	29688
(265, 1631)	29689
(289, 595)	29690
(29690, 873)	29691
(5994, 118)	29692
(29692, 1838)	29693
(347, 601)	29694
(4587, 6331)	29695
(1045, 111)	29696
(29696, 4831)	29697
(4128, 79)	29698
(9169, 78)	29699
(17648, 589)	29700
(10032, 117)	29701
(29701, 589)	29702
(29702, 3978)	29703
(18494, 79)	29704
(9992, 468)	29705
(79, 330)	29706
(490, 3187)	29707
(846, 970)	29708
(10541, 286)	29709
(303, 1580)	29710
(29710, 627)	29711
(10969, 400)	29712
(311, 372)	29713
(29713, 399)	29714
(18498, 381)	29715
(8879, 2245)	29716
(13434, 2110)	29717
(7653, 1026)	29718
(29718, 1457)	29719
(18242, 602)	29720
(17164, 105)	29721
(2772, 3960)	29722
(277, 2545)	29723
(29723, 373)	29724
(4584, 452)	29725
(29725, 4114)	29726
(16231, 692)	29727
(29727, 365)	29728
(29728, 381)	29729
(108, 1182)	29730
(320, 2088)	29731
(1427, 12242)	29732
(13819, 417)	29733
(1214, 9482)	29734
(362, 14702)	29735
(29735, 18297)	29736
(4302, 12003)	29737
(79, 704)	29738
(29738, 345)	29739
(1855, 279)	29740
(29740, 2938)	29741
(9873, 346)	29742
(7406, 121)	29743
(76, 13820)	29744
(29744, 4999)	29745
(657, 319)	29746
(29746, 1628)	29747
(29747, 2441)	29748
(324, 1157)	29749
(29749, 97)	29750
(10988, 6015)	29751
(2883, 275)	29752
(1140, 271)	29753
(29753, 784)	29754
(7866, 2042)	29755
(309, 105)	29756
(29756, 7972)	29757
(29757, 1984)	29758
(29758, 8019)	29759
(29759, 105)	29760
(484, 9043)	29761
(29761, 7972)	29762
(4246, 13743)	29763
(4293, 389)	29764
(29764, 886)	29765
(328, 8501)	29766
(29766, 10142)	29767
(29767, 5799)	29768
(86, 111)	29769
(29769, 319)	29770
(29770, 11186)	29771
(18513, 5890)	29772
(571, 18514)	29773
(83, 4635)	29774
(332, 1026)	29775
(29775, 6363)	29776
(4392, 8111)	29777
(29777, 423)	29778
(1036, 5087)	29779
(5801, 339)	29780
(4129, 1157)	29781
(29781, 1845)	29782
(18518, 1538)	29783
(29783, 316)	29784
(29784, 4999)	29785
(303, 411)	29786
(29786, 18519)	29787
(2488, 713)	29788
(45, 3264)	29789
(4646, 97)	29790
(16536, 267)	29791
(29791, 111)	29792
(5315, 6953)	29793
(29793, 99)	29794
(29794, 275)	29795
(18488, 2380)	29796
(11076, 630)	29797
(29797, 9225)	29798
(2488, 283)	29799
(29799, 106)	29800
(29800, 1689)	29801
(9398, 685)	29802
(29802, 103)	29803
(29803, 1089)	29804
(2387, 1838)	29805
(323, 1796)	29806
(1949, 3337)	29807
(68, 565)	29808
(2488, 14762)	29809
(12844, 1252)	29810
(110, 783)	29811
(988, 2727)	29812
(29812, 13761)	29813
(1683, 481)	29814
(4375, 18298)	29815
(15822, 263)	29816
(3365, 441)	29817
(29817, 1084)	29818
(6649, 304)	29819
(2474, 5145)	29820
(9001, 1550)	29821
(12767, 4239)	29822
(2093, 1361)	29823
(29823, 477)	29824
(29824, 1252)	29825
(1570, 873)	29826
(5535, 15529)	29827
(1701, 259)	29828
(52, 3188)	29829
(6649, 994)	29830
(2459, 366)	29831
(29831, 829)	29832
(4892, 385)	29833
(4673, 2427)	29834
(47, 363)	29835
(18538, 291)	29836
(1623, 1927)	29837
(9319, 658)	29838
(29838, 478)	29839
(5446, 291)	29840
(2537, 291)	29841
(9224, 279)	29842
(29842, 645)	29843
(13499, 1389)	29844
(67, 304)	29845
(29845, 1081)	29846
(16662, 83)	29847
(2147, 990)	29848
(7785, 5087)	29849
(4015, 115)	29850
(69, 18549)	29851
(2722, 688)	29852
(298, 1395)	29853
(29853, 112)	29854
(46, 1407)	29855
(29855, 2055)	29856
(46, 2120)	29857
(18551, 627)	29858
(29858, 82)	29859
(29859, 3476)	29860
(47, 11002)	29861
(29861, 67)	29862
(29862, 68)	29863
(13008, 18549)	29864
(95, 18552)	29865
(29865, 115)	29866
(95, 18553)	29867
(29867, 119)	29868
(46, 104)	29869
(29869, 116)	29870
(29870, 109)	29871
(17392, 372)	29872
(838, 2084)	29873
(29873, 1063)	29874
(86, 8235)	29875
(356, 8235)	29876
(986, 4642)	29877
(4714, 317)	29878
(29878, 708)	29879
(2067, 13831)	29880
(459, 1170)	29881
(29881, 464)	29882
(29882, 268)	29883
(53, 1248)	29884
(67, 457)	29885
(29885, 667)	29886
(29886, 1083)	29887
(12148, 264)	29888
(29888, 291)	29889
(13269, 267)	29890
(323, 466)	29891
(29891, 264)	29892
(5062, 73)	29893
(323, 1026)	29894
(29894, 8889)	29895
(18559, 455)	29896
(29896, 280)	29897
(45, 10600)	29898
(2880, 69)	29899
(1031, 70)	29900
(29900, 741)	29901
(29901, 602)	29902
(5314, 82)	29903
(364, 4220)	29904
(6776, 84)	29905
(387, 119)	29906
(29906, 692)	29907
(356, 16048)	29908
(6877, 1313)	29909
(29909, 122)	29910
(29910, 1779)	29911
(29911, 122)	29912
(9179, 1161)	29913
(2880, 73)	29914
(18561, 1471)	29915
(13833, 968)	29916
(29916, 121)	29917
(2099, 68)	29918
(29918, 512)	29919
(29919, 1113)	29920
(356, 316)	29921
(29921, 2307)	29922
(323, 919)	29923
(29923, 121)	29924
(1410, 107)	29925
(3534, 73)	29926
(404, 809)	29927
(5416, 447)	29928
(6934, 3593)	29929
(323, 13039)	29930
(29930, 105)	29931
(10681, 260)	29932
(3241, 656)	29933
(277, 2102)	29934
(29934, 280)	29935
(1018, 668)	29936
(29936, 313)	29937
(360, 4603)	29938
(18566, 414)	29939
(1975, 2862)	29940
(67, 1156)	29941
(6225, 3994)	29942
(5651, 7225)	29943
(8159, 10336)	29944
(9297, 400)	29945
(73, 859)	29946
(29946, 3442)	29947
(3493, 1604)	29948
(73, 3500)	29949
(75, 304)	29950
(29950, 3790)	29951
(6275, 1604)	29952
(77, 2008)	29953
(7701, 557)	29954
(13837, 3261)	29955
(5996, 2219)	29956
(77, 3788)	29957
(13838, 7047)	29958
(13838, 3052)	29959
(78, 1984)	29960
(29960, 3221)	29961
(79, 1726)	29962
(79, 6381)	29963
(80, 1038)	29964
(29964, 3219)	29965
(3097, 2639)	29966
(84, 5216)	29967
(18567, 1867)	29968
(87, 3948)	29969
(78, 262)	29970
(2751, 9117)	29971
(5416, 871)	29972
(307, 5621)	29973
(852, 12847)	29974
(2995, 807)	29975
(9213, 346)	29976
(747, 114)	29977
(29977, 8465)	29978
(297, 8529)	29979
(1200, 3747)	29980
(2982, 10715)	29981
(29981, 115)	29982
(6570, 1563)	29983
(490, 4263)	29984
(678, 7962)	29985
(29985, 314)	29986
(12266, 14444)	29987
(4955, 1187)	29988
(690, 115)	29989
(3238, 346)	29990
(6258, 343)	29991
(29991, 339)	29992
(283, 618)	29993
(281, 2542)	29994
(7583, 269)	29995
(10904, 291)	29996
(18577, 3581)	29997
(8128, 13845)	29998
(11196, 6450)	29999
(2809, 7465)	30000
(484, 17415)	30001
(8237, 267)	30002
(2523, 283)	30003
(30003, 9463)	30004
(30004, 442)	30005
(1815, 2891)	30006
(30006, 15839)	30007
(775, 1429)	30008
(30008, 101)	30009
(775, 114)	30010
(30010, 546)	30011
(68, 510)	30012
(30012, 7329)	30013
(13699, 121)	30014
(3544, 5151)	30015
(5770, 1590)	30016
(342, 18585)	30017
(73, 3363)	30018
(803, 585)	30019
(711, 1810)	30020
(2182, 6500)	30021
(65, 9488)	30022
(12035, 970)	30023
(2182, 1543)	30024
(18590, 267)	30025
(295, 85)	30026
(30026, 77)	30027
(30027, 70)	30028
(8057, 80)	30029
(323, 8057)	30030
(9030, 3993)	30031
(1410, 1287)	30032
(83, 1128)	30033
(1634, 956)	30034
(12766, 389)	30035
(30035, 305)	30036
(6513, 1910)	30037
(387, 12769)	30038
(404, 2956)	30039
(6496, 18261)	30040
(361, 4847)	30041
(332, 455)	30042
(13850, 832)	30043
(10784, 449)	30044
(30044, 4689)	30045
(3115, 115)	30046
(5811, 13853)	30047
(8222, 1549)	30048
(18607, 291)	30049
(290, 72)	30050
(30050, 12101)	30051
(30051, 82)	30052
(30052, 12316)	30053
(30053, 75)	30054
(9744, 1976)	30055
(30055, 2445)	30056
(12837, 18609)	30057
(30057, 76)	30058
(30058, 8235)	30059
(30059, 79)	30060
(16360, 2165)	30061
(11137, 1590)	30062
(11641, 414)	30063
(84, 1126)	30064
(4378, 13857)	30065
(30065, 13650)	30066
(290, 1626)	30067
(3782, 602)	30068
(12347, 5481)	30069
(3698, 121)	30070
(821, 5131)	30071
(15920, 1161)	30072
(8052, 313)	30073
(389, 313)	30074
(16168, 407)	30075
(13033, 6492)	30076
(295, 410)	30077
(1152, 14595)	30078
(98, 11206)	30079
(323, 1845)	30080
(30080, 1817)	30081
(30081, 8619)	30082
(11207, 110)	30083
(30083, 851)	30084
(30084, 397)	30085
(324, 4866)	30086
(30086, 15156)	30087
(30087, 397)	30088
(324, 11206)	30089
(75, 863)	30090
(30090, 14466)	30091
(459, 280)	30092
(30092, 5597)	30093
(30093, 112)	30094
(30094, 5597)	30095
(18324, 2066)	30096
(30096, 97)	30097
(360, 109)	30098
(30098, 784)	30099
(4028, 5417)	30100
(30100, 18624)	30101
(13868, 330)	30102
(30102, 18624)	30103
(10491, 17268)	30104
(30104, 13869)	30105
(6923, 286)	30106
(323, 1521)	30107
(15455, 264)	30108
(30108, 399)	30109
(459, 13862)	30110
(387, 372)	30111
(30111, 1207)	30112
(4429, 414)	30113
(10594, 366)	30114
(4246, 271)	30115
(30115, 372)	30116
(30116, 97)	30117
(5615, 2563)	30118
(3717, 13506)	30119
(10165, 5652)	30120
(13237, 428)	30121
(8530, 97)	30122
(5780, 8535)	30123
(2312, 109)	30124
(8239, 6720)	30125
(1242, 351)	30126
(30126, 692)	30127
(30127, 1083)	30128
(3754, 2828)	30129
(30129, 18633)	30130
(4209, 432)	30131
(384, 12138)	30132
(1949, 16836)	30133
(51, 776)	30134
(2368, 8326)	30135
(30135, 1927)	30136
(5930, 567)	30137
(30137, 2333)	30138
(30138, 338)	30139
(44, 5509)	30140
(4409, 57)	30141
(1179, 13873)	30142
(30142, 2052)	30143
(30143, 286)	30144
(4127, 7938)	30145
(3331, 8658)	30146
(13710, 2055)	30147
(2555, 1549)	30148
(8536, 1752)	30149
(46, 4035)	30150
(8935, 116)	30151
(30151, 534)	30152
(4773, 117)	30153
(30153, 294)	30154
(68, 9498)	30155
(342, 2087)	30156
(30156, 327)	30157
(30157, 1698)	30158
(361, 2165)	30159
(8013, 115)	30160
(3939, 18639)	30161
(918, 101)	30162
(1965, 705)	30163
(30163, 275)	30164
(30164, 1220)	30165
(15295, 291)	30166
(285, 1878)	30167
(30167, 291)	30168
(4127, 98)	30169
(30169, 98)	30170
(8012, 1985)	30171
(30171, 2703)	30172
(10672, 18644)	30173
(3678, 275)	30174
(90, 13875)	30175
(5049, 5018)	30176
(1219, 994)	30177
(103, 1373)	30178
(10187, 9061)	30179
(300, 1108)	30180
(1015, 410)	30181
(30181, 366)	30182
(5527, 18648)	30183
(30183, 1802)	30184
(1935, 1399)	30185
(30185, 339)	30186
(87, 4815)	30187
(963, 111)	30188
(4308, 3197)	30189
(434, 1252)	30190
(30190, 102)	30191
(30191, 967)	30192
(1798, 2587)	30193
(1517, 521)	30194
(11212, 13877)	30195
(362, 2161)	30196
(30196, 9745)	30197
(324, 18006)	30198
(30198, 400)	30199
(8012, 107)	30200
(30200, 17177)	30201
(2365, 715)	30202
(299, 601)	30203
(30203, 313)	30204
(30204, 122)	30205
(12434, 7346)	30206
(30206, 446)	30207
(30207, 5212)	30208
(678, 3248)	30209
(2317, 1409)	30210
(16493, 1731)	30211
(30211, 101)	30212
(86, 6084)	30213
(6572, 317)	30214
(30214, 457)	30215
(87, 10359)	30216
(290, 6429)	30217
(30217, 670)	30218
(7407, 1531)	30219
(517, 466)	30220
(30220, 8011)	30221
(391, 275)	30222
(454, 707)	30223
(30223, 692)	30224
(489, 512)	30225
(353, 106)	30226
(30226, 10640)	30227
(30227, 2123)	30228
(256, 7686)	30229
(18655, 115)	30230
(17610, 588)	30231
(18659, 460)	30232
(18659, 1541)	30233
(13883, 592)	30234
(581, 766)	30235
(3161, 18664)	30236
(13884, 1061)	30237
(30237, 280)	30238
(265, 3138)	30239
(18202, 269)	30240
(7533, 1842)	30241
(1919, 292)	30242
(18671, 825)	30243
(290, 704)	30244
(30244, 6260)	30245
(30245, 1128)	30246
(18673, 18676)	30247
(69, 16900)	30248
(6417, 1335)	30249
(360, 15720)	30250
(30250, 6688)	30251
(2000, 13888)	30252
(30252, 122)	30253
(8982, 4866)	30254
(1265, 317)	30255
(30255, 602)	30256
(2064, 291)	30257
(4064, 7199)	30258
(10523, 2615)	30259
(360, 3072)	30260
(30260, 5282)	30261
(79, 6647)	30262
(30262, 106)	30263
(30263, 268)	30264
(30264, 397)	30265
(1112, 799)	30266
(303, 67)	30267
(30267, 4128)	30268
(45, 1698)	30269
(30269, 400)	30270
(5702, 13892)	30271
(10649, 1305)	30272
(11217, 73)	30273
(18679, 18681)	30274
(490, 111)	30275
(1298, 452)	30276
(30276, 18682)	30277
(391, 695)	30278
(18498, 741)	30279
(30279, 1083)	30280
(30280, 101)	30281
(39, 1500)	30282
(30282, 18681)	30283
(320, 317)	30284
(2810, 97)	30285
(282, 968)	30286
(16468, 18676)	30287
(39, 13156)	30288
(30288, 410)	30289
(30289, 97)	30290
(2312, 7777)	30291
(30291, 6016)	30292
(281, 443)	30293
(30293, 1241)	30294
(30294, 2683)	30295
(30295, 18682)	30296
(1801, 627)	30297
(387, 16875)	30298
(289, 644)	30299
(30299, 111)	30300
(6046, 2152)	30301
(17244, 267)	30302
(32, 17205)	30303
(324, 273)	30304
(30304, 18205)	30305
(30305, 1313)	30306
(30306, 2563)	30307
(4123, 833)	30308
(663, 316)	30309
(83, 122)	30310
(30310, 13897)	30311
(12409, 460)	30312
(3122, 341)	30313
(30313, 8637)	30314
(30314, 286)	30315
(16042, 345)	30316
(12409, 2218)	30317
(30317, 269)	30318
(5519, 9501)	30319
(17938, 271)	30320
(54, 1897)	30321
(13145, 115)	30322
(1154, 1578)	30323
(3503, 2539)	30324
(2272, 3808)	30325
(30325, 731)	30326
(18706, 269)	30327
(360, 263)	30328
(30328, 1461)	30329
(18710, 14903)	30330
(1651, 2006)	30331
(30331, 411)	30332
(324, 8413)	30333
(30333, 301)	30334
(30334, 11629)	30335
(2907, 294)	30336
(18244, 326)	30337
(30337, 336)	30338
(3837, 1941)	30339
(30339, 304)	30340
(5709, 114)	30341
(30341, 1756)	30342
(30342, 1985)	30343
(484, 872)	30344
(30344, 262)	30345
(1949, 630)	30346
(30346, 326)	30347
(10540, 269)	30348
(57, 3898)	30349
(2488, 510)	30350
(30350, 1828)	30351
(678, 2360)	30352
(3534, 97)	30353
(30353, 1287)	30354
(3321, 6284)	30355
(30355, 693)	30356
(53, 3793)	30357
(10309, 2822)	30358
(30358, 13899)	30359
(663, 100)	30360
(30360, 1756)	30361
(30361, 968)	30362
(55, 4251)	30363
(80, 15682)	30364
(3837, 305)	30365
(30365, 1871)	30366
(65, 18714)	30367
(4077, 715)	30368
(7548, 18714)	30369
(3245, 106)	30370
(30370, 428)	30371
(30371, 763)	30372
(2751, 279)	30373
(16452, 8823)	30374
(309, 1252)	30375
(30375, 2556)	30376
(30376, 266)	30377
(434, 2084)	30378
(30378, 97)	30379
(5642, 264)	30380
(2944, 9502)	30381
(690, 1898)	30382
(30382, 442)	30383
(5019, 14562)	30384
(342, 10110)	30385
(17270, 346)	30386
(16721, 736)	30387
(30387, 990)	30388
(9675, 13904)	30389
(99, 330)	30390
(30390, 1389)	30391
(45, 1207)	30392
(30392, 7625)	30393
(99, 743)	30394
(261, 4547)	30395
(30395, 383)	30396
(30396, 3465)	30397
(12754, 406)	30398
(7673, 9502)	30399
(726, 5409)	30400
(5362, 2135)	30401
(7949, 1569)	30402
(7105, 72)	30403
(678, 13907)	30404
(289, 822)	30405
(30405, 268)	30406
(323, 2101)	30407
(30407, 9081)	30408
(356, 13679)	30409
(1413, 359)	30410
(30410, 2705)	30411
(5631, 317)	30412
(30412, 2639)	30413
(30413, 262)	30414
(8068, 339)	30415
(16285, 100)	30416
(30416, 6883)	30417
(30417, 994)	30418
(66, 326)	30419
(30419, 3969)	30420
(1596, 469)	30421
(5586, 471)	30422
(12639, 692)	30423
(68, 15203)	30424
(4182, 619)	30425
(3729, 782)	30426
(812, 878)	30427
(78, 13651)	30428
(17545, 1658)	30429
(30429, 799)	30430
(309, 13507)	30431
(404, 1656)	30432
(2283, 389)	30433
(30433, 656)	30434
(3461, 5506)	30435
(1827, 985)	30436
(30436, 715)	30437
(1031, 4268)	30438
(30438, 18519)	30439
(6662, 259)	30440
(324, 397)	30441
(30441, 372)	30442
(290, 18730)	30443
(7720, 3197)	30444
(1364, 750)	30445
(350, 10820)	30446
(5702, 379)	30447
(30447, 399)	30448
(30448, 105)	30449
(1031, 86)	30450
(30450, 383)	30451
(350, 1235)	30452
(324, 3726)	30453
(360, 763)	30454
(30454, 1929)	30455
(9317, 76)	30456
(10672, 263)	30457
(939, 260)	30458
(30458, 608)	30459
(2864, 102)	30460
(30460, 3046)	30461
(404, 455)	30462
(30462, 573)	30463
(13917, 339)	30464
(348, 7230)	30465
(6012, 453)	30466
(30466, 1516)	30467
(5218, 6212)	30468
(4649, 2135)	30469
(15249, 304)	30470
(18750, 4176)	30471
(30471, 399)	30472
(76, 456)	30473
(355, 18361)	30474
(13434, 275)	30475
(434, 16525)	30476
(320, 2005)	30477
(2843, 1942)	30478
(13919, 2169)	30479
(360, 8381)	30480
(3706, 421)	30481
(3901, 121)	30482
(4349, 114)	30483
(30483, 2437)	30484
(1204, 108)	30485
(30485, 339)	30486
(364, 69)	30487
(30487, 3697)	30488
(45, 4128)	30489
(884, 2785)	30490
(30490, 830)	30491
(1892, 105)	30492
(290, 1629)	30493
(30493, 319)	30494
(30494, 275)	30495
(30495, 264)	30496
(364, 3279)	30497
(30497, 84)	30498
(1242, 398)	30499
(30499, 389)	30500
(18759, 433)	30501
(30501, 399)	30502
(68, 421)	30503
(4308, 317)	30504
(4891, 680)	30505
(30505, 7302)	30506
(1219, 486)	30507
(18759, 10419)	30508
(348, 5778)	30509
(12624, 291)	30510
(323, 1120)	30511
(15910, 269)	30512
(2137, 763)	30513
(68, 6928)	30514
(8918, 115)	30515
(2986, 313)	30516
(30516, 2320)	30517
(13926, 670)	30518
(1827, 4237)	30519
(30519, 373)	30520
(18764, 76)	30521
(323, 4933)	30522
(77, 689)	30523
(30523, 1838)	30524
(5427, 121)	30525
(2250, 6532)	30526
(30526, 2931)	30527
(9358, 5237)	30528
(30528, 2388)	30529
(9503, 534)	30530
(711, 15562)	30531
(5530, 396)	30532
(30532, 1186)	30533
(3733, 83)	30534
(404, 504)	30535
(30535, 6842)	30536
(2847, 3356)	30537
(80, 1608)	30538
(350, 1305)	30539
(2977, 18770)	30540
(439, 2189)	30541
(1216, 18770)	30542
(85, 18775)	30543
(1103, 606)	30544
(6073, 260)	30545
(2981, 13630)	30546
(1651, 4353)	30547
(17957, 602)	30548
(290, 488)	30549
(30549, 283)	30550
(738, 2532)	30551
(2060, 13927)	30552
(30552, 351)	30553
(30553, 6691)	30554
(1339, 18420)	30555
(18778, 286)	30556
(3782, 994)	30557
(509, 8499)	30558
(18780, 704)	30559
(1030, 782)	30560
(7305, 763)	30561
(30561, 2701)	30562
(87, 502)	30563
(30563, 901)	30564
(11212, 354)	30565
(1922, 1048)	30566
(776, 54)	30567
(13928, 4446)	30568
(13521, 314)	30569
(30569, 807)	30570
(1401, 325)	30571
(30571, 275)	30572
(67, 1945)	30573
(1658, 947)	30574
(14449, 115)	30575
(1401, 6212)	30576
(6045, 1549)	30577
(7142, 498)	30578
(18784, 557)	30579
(6169, 18785)	30580
(9813, 2913)	30581
(6169, 1658)	30582
(30582, 4037)	30583
(353, 1261)	30584
(1798, 483)	30585
(30585, 1205)	30586
(835, 67)	30587
(30587, 287)	30588
(30588, 273)	30589
(30589, 400)	30590
(835, 90)	30591
(30591, 18786)	30592
(835, 5393)	30593
(66, 334)	30594
(1221, 3351)	30595
(30595, 3208)	30596
(1221, 1217)	30597
(30597, 373)	30598
(30598, 1040)	30599
(30599, 3174)	30600
(2695, 6284)	30601
(30601, 411)	30602
(657, 480)	30603
(30603, 11023)	30604
(5381, 12358)	30605
(1233, 102)	30606
(30606, 269)	30607
(284, 1335)	30608
(1045, 18786)	30609
(10687, 1849)	30610
(1045, 114)	30611
(30611, 967)	30612
(30612, 2924)	30613
(1547, 13931)	30614
(324, 3808)	30615
(30615, 4001)	30616
(484, 1497)	30617
(30617, 10267)	30618
(2751, 5890)	30619
(66, 4186)	30620
(365, 358)	30621
(30621, 280)	30622
(30622, 7294)	30623
(259, 331)	30624
(30624, 943)	30625
(30625, 2762)	30626
(2772, 11221)	30627
(9758, 341)	30628
(323, 7579)	30629
(18793, 2921)	30630
(295, 2822)	30631
(347, 483)	30632
(30632, 103)	30633
(30633, 9923)	30634
(42, 42)	30635
(923, 4833)	30636
(67, 4132)	30637
(30637, 12648)	30638
(370, 2585)	30639
(39, 5651)	30640
(30640, 10195)	30641
(9030, 1540)	30642
(323, 18799)	30643
(4643, 262)	30644
(324, 8225)	30645
(3156, 264)	30646
(1448, 271)	30647
(3461, 1105)	30648
(10513, 1207)	30649
(347, 10166)	30650
(300, 8419)	30651
(320, 8627)	30652
(9369, 105)	30653
(17331, 105)	30654
(3110, 1346)	30655
(10207, 271)	30656
(285, 6011)	30657
(30657, 898)	30658
(18108, 1026)	30659
(712, 2307)	30660
(952, 18644)	30661
(256, 4446)	30662
(1251, 1243)	30663
(60, 18801)	30664
(1520, 274)	30665
(13887, 11780)	30666
(1275, 11780)	30667
(9992, 7143)	30668
(30668, 1076)	30669
(30669, 2042)	30670
(885, 17242)	30671
(353, 452)	30672
(30672, 573)	30673
(796, 122)	30674
(30674, 122)	30675
(30675, 2542)	30676
(298, 515)	30677
(30677, 1323)	30678
(265, 9806)	30679
(355, 18802)	30680
(2407, 572)	30681
(45, 18585)	30682
(272, 10115)	30683
(434, 2237)	30684
(284, 1134)	30685
(12197, 119)	30686
(30686, 304)	30687
(5019, 562)	30688
(364, 437)	30689
(45, 13846)	30690
(30690, 1102)	30691
(80, 449)	30692
(30692, 18803)	30693
(30693, 7433)	30694
(16338, 1061)	30695
(30695, 313)	30696
(17761, 18804)	30697
(4122, 18804)	30698
(1265, 12626)	30699
(30699, 107)	30700
(543, 2360)	30701
(30701, 10653)	30702
(5019, 18807)	30703
(30703, 264)	30704
(278, 637)	30705
(30705, 2815)	30706
(4584, 317)	30707
(10223, 7797)	30708
(4935, 788)	30709
(361, 432)	30710
(30710, 3306)	30711
(7348, 1976)	30712
(30712, 376)	30713
(605, 9145)	30714
(1728, 564)	30715
(4699, 592)	30716
(307, 10160)	30717
(30717, 334)	30718
(30718, 275)	30719
(724, 3755)	30720
(8784, 291)	30721
(18811, 15211)	30722
(332, 6511)	30723
(1380, 2040)	30724
(18813, 2543)	30725
(1440, 4343)	30726
(18813, 1287)	30727
(67, 456)	30728
(30728, 97)	30729
(12026, 2828)	30730
(668, 990)	30731
(15752, 2406)	30732
(259, 477)	30733
(30733, 5353)	30734
(13287, 345)	30735
(17556, 573)	30736
(484, 392)	30737
(30737, 15666)	30738
(44, 374)	30739
(5084, 18814)	30740
(30740, 4241)	30741
(13940, 4551)	30742
(10737, 784)	30743
(323, 728)	30744
(30744, 269)	30745
(434, 18817)	30746
(977, 9145)	30747
(356, 383)	30748
(30748, 1208)	30749
(4871, 104)	30750
(30750, 1945)	30751
(277, 1407)	30752
(30752, 269)	30753
(17991, 13041)	30754
(348, 3991)	30755
(30755, 116)	30756
(30756, 4194)	30757
(963, 392)	30758
(30758, 468)	30759
(5655, 115)	30760
(465, 7247)	30761
(484, 7156)	30762
(5872, 763)	30763
(3803, 373)	30764
(17500, 67)	30765
(65, 18829)	30766
(299, 851)	30767
(30767, 1068)	30768
(9030, 462)	30769
(5872, 259)	30770
(3804, 417)	30771
(2227, 713)	30772
(1766, 1305)	30773
(724, 283)	30774
(30774, 595)	30775
(281, 476)	30776
(3519, 115)	30777
(67, 283)	30778
(30778, 345)	30779
(18837, 286)	30780
(2420, 6212)	30781
(7547, 423)	30782
(7219, 507)	30783
(84, 854)	30784
(30784, 2823)	30785
(30785, 280)	30786
(30786, 854)	30787
(2793, 3046)	30788
(1250, 4847)	30789
(18838, 1093)	30790
(2024, 10671)	30791
(6407, 1580)	30792
(281, 3867)	30793
(384, 766)	30794
(17422, 1661)	30795
(2702, 10110)	30796
(615, 18839)	30797
(3621, 291)	30798
(1226, 279)	30799
(30799, 345)	30800
(4261, 345)	30801
(490, 15035)	30802
(30802, 6757)	30803
(1405, 279)	30804
(30804, 17990)	30805
(1855, 373)	30806
(3816, 373)	30807
(409, 18841)	30808
(13828, 970)	30809
(295, 18829)	30810
(17642, 4736)	30811
(2269, 3329)	30812
(30812, 7156)	30813
(370, 3299)	30814
(4849, 1457)	30815
(634, 863)	30816
(1458, 286)	30817
(962, 3482)	30818
(3557, 1167)	30819
(2045, 715)	30820
(1509, 1969)	30821
(2273, 1164)	30822
(6088, 115)	30823
(2624, 269)	30824
(837, 114)	30825
(30825, 585)	30826
(817, 115)	30827
(278, 557)	30828
(4276, 291)	30829
(5348, 1409)	30830
(289, 1335)	30831
(30831, 1898)	30832
(2387, 1569)	30833
(2796, 1698)	30834
(15703, 1497)	30835
(30835, 318)	30836
(30836, 728)	30837
(3432, 114)	30838
(30838, 3187)	30839
(1632, 4237)	30840
(9668, 115)	30841
(2676, 9020)	30842
(86, 266)	30843
(30843, 16344)	30844
(355, 578)	30845
(30845, 292)	30846
(4558, 12648)	30847
(2883, 4220)	30848
(18851, 15276)	30849
(2967, 7609)	30850
(10385, 6925)	30851
(434, 3464)	30852
(2491, 98)	30853
(30853, 573)	30854
(830, 18858)	30855
(16145, 111)	30856
(69, 13947)	30857
(30857, 326)	30858
(3084, 102)	30859
(30859, 326)	30860
(360, 608)	30861
(9115, 18862)	30862
(30862, 17445)	30863
(11245, 106)	30864
(30864, 731)	30865
(30865, 546)	30866
(30866, 268)	30867
(5605, 676)	30868
(17019, 326)	30869
(30869, 631)	30870
(30870, 345)	30871
(18864, 11094)	30872
(30872, 638)	30873
(30873, 13953)	30874
(32, 18864)	30875
(30875, 201)	30876
(30876, 161)	30877
(30877, 202)	30878
(30878, 129)	30879
(30879, 111)	30880
(30880, 13953)	30881
(30881, 116)	30882
(30882, 201)	30883
(30883, 153)	30884
(30884, 10701)	30885
(30885, 13953)	30886
(30886, 108)	30887
(4162, 2649)	30888
(418, 402)	30889
(4635, 68)	30890
(116, 9517)	30891
(13074, 930)	30892
(85, 18865)	30893
(16232, 331)	30894
(30894, 452)	30895
(2908, 390)	30896
(30896, 6630)	30897
(835, 80)	30898
(30898, 13233)	30899
(350, 1796)	30900
(6209, 2011)	30901
(1831, 4177)	30902
(30902, 414)	30903
(298, 105)	30904
(2986, 919)	30905
(429, 851)	30906
(855, 7329)	30907
(350, 18872)	30908
(299, 82)	30909
(3422, 56)	30910
(9769, 8880)	30911
(4032, 823)	30912
(9769, 18873)	30913
(99, 5189)	30914
(30914, 3208)	30915
(897, 766)	30916
(370, 68)	30917
(30917, 77)	30918
(299, 452)	30919
(299, 2018)	30920
(30920, 1063)	30921
(48, 54)	30922
(2312, 6212)	30923
(6835, 104)	30924
(30924, 374)	30925
(30925, 1802)	30926
(5525, 260)	30927
(924, 2226)	30928
(30928, 269)	30929
(939, 376)	30930
(484, 71)	30931
(30931, 88)	30932
(2485, 13955)	30933
(8863, 2421)	30934
(955, 271)	30935
(30935, 1012)	30936
(30936, 656)	30937
(30937, 346)	30938
(18883, 6331)	30939
(1408, 330)	30940
(30940, 1151)	30941
(1545, 5045)	30942
(4635, 67)	30943
(1782, 752)	30944
(17510, 3248)	30945
(360, 488)	30946
(30946, 631)	30947
(1782, 397)	30948
(12015, 109)	30949
(30949, 18072)	30950
(5505, 3300)	30951
(7234, 260)	30952
(9432, 9020)	30953
(18890, 99)	30954
(30954, 3044)	30955
(77, 9821)	30956
(2331, 259)	30957
(30957, 325)	30958
(30958, 10314)	30959
(5631, 105)	30960
(309, 784)	30961
(30961, 106)	30962
(18891, 10699)	30963
(34, 11251)	30964
(906, 12634)	30965
(30965, 338)	30966
(30966, 2735)	30967
(82, 333)	30968
(350, 8516)	30969
(4549, 3067)	30970
(7348, 98)	30971
(30971, 343)	30972
(18901, 10986)	30973
(9519, 269)	30974
(1437, 3135)	30975
(30975, 14462)	30976
(18665, 269)	30977
(332, 2903)	30978
(30978, 974)	30979
(2820, 703)	30980
(8519, 703)	30981
(10365, 2542)	30982
(4634, 267)	30983
(1658, 2785)	30984
(1646, 990)	30985
(13520, 313)	30986
(7653, 3568)	30987
(30987, 5714)	30988
(106, 326)	30989
(30989, 383)	30990
(429, 1361)	30991
(32, 93)	30992
(1792, 383)	30993
(2464, 766)	30994
(98, 437)	30995
(30995, 260)	30996
(361, 4815)	30997
(298, 6828)	30998
(30998, 269)	30999
(10896, 11253)	31000
(3301, 1212)	31001
(12078, 464)	31002
(31002, 486)	31003
(68, 957)	31004
(31004, 833)	31005
(1695, 17165)	31006
(7763, 1518)	31007
(6798, 3482)	31008
(1112, 8322)	31009
(2270, 18639)	31010
(1735, 330)	31011
(31011, 98)	31012
(31012, 6781)	31013
(11623, 16829)	31014
(31014, 294)	31015
(16133, 768)	31016
(31016, 111)	31017
(10676, 2359)	31018
(14576, 565)	31019
(1149, 16429)	31020
(2085, 1183)	31021
(1651, 304)	31022
(31022, 259)	31023
(323, 1006)	31024
(31024, 10589)	31025
(31025, 331)	31026
(4750, 446)	31027
(7562, 12302)	31028
(11256, 2319)	31029
(2232, 9403)	31030
(31030, 269)	31031
(309, 1313)	31032
(31032, 13960)	31033
(4324, 260)	31034
(4125, 970)	31035
(309, 1800)	31036
(362, 267)	31037
(1045, 398)	31038
(31038, 112)	31039
(31039, 18925)	31040
(68, 10500)	31041
(3156, 414)	31042
(79, 3308)	31043
(16169, 268)	31044
(5127, 10539)	31045
(89, 7686)	31046
(355, 5365)	31047
(31047, 339)	31048
(307, 14430)	31049
(889, 115)	31050
(8694, 628)	31051
(350, 1800)	31052
(89, 275)	31053
(31053, 358)	31054
(31054, 9043)	31055
(299, 5417)	31056
(31056, 445)	31057
(31057, 97)	31058
(6270, 263)	31059
(657, 18929)	31060
(8080, 11259)	31061
(12360, 2730)	31062
(9058, 3149)	31063
(11082, 9522)	31064
(4270, 951)	31065
(11082, 8251)	31066
(8594, 269)	31067
(15780, 1412)	31068
(2691, 316)	31069
(17001, 3632)	31070
(775, 8749)	31071
(936, 2956)	31072
(290, 441)	31073
(31073, 2615)	31074
(309, 9152)	31075
(31075, 105)	31076
(8177, 280)	31077
(7559, 305)	31078
(31078, 1563)	31079
(31079, 117)	31080
(591, 3454)	31081
(31081, 1319)	31082
(1172, 9463)	31083
(4776, 373)	31084
(5083, 271)	31085
(13744, 101)	31086
(1260, 1208)	31087
(31087, 680)	31088
(4428, 441)	31089
(31089, 271)	31090
(5618, 259)	31091
(18765, 1353)	31092
(31092, 1861)	31093
(324, 18929)	31094
(3719, 466)	31095
(31095, 1373)	31096
(9626, 88)	31097
(885, 1143)	31098
(11020, 88)	31099
(66, 283)	31100
(31100, 13968)	31101
(13287, 449)	31102
(999, 119)	31103
(31103, 14985)	31104
(2274, 1962)	31105
(2606, 291)	31106
(18941, 680)	31107
(83, 1261)	31108
(31108, 567)	31109
(31109, 121)	31110
(4428, 3555)	31111
(68, 287)	31112
(31112, 9145)	31113
(3075, 9232)	31114
(80, 658)	31115
(323, 415)	31116
(31116, 112)	31117
(31117, 417)	31118
(2317, 397)	31119
(2293, 330)	31120
(31120, 102)	31121
(31121, 115)	31122
(4504, 1492)	31123
(31123, 373)	31124
(404, 627)	31125
(1350, 1182)	31126
(1582, 18944)	31127
(34, 13026)	31128
(70, 412)	31129
(31129, 1549)	31130
(955, 2978)	31131
(360, 2392)	31132
(8159, 18945)	31133
(89, 1329)	31134
(5615, 273)	31135
(31135, 264)	31136
(671, 6016)	31137
(31137, 260)	31138
(307, 18946)	31139
(298, 919)	31140
(102, 491)	31141
(71, 763)	31142
(31142, 2036)	31143
(75, 121)	31144
(31144, 9645)	31145
(3846, 677)	31146
(1924, 6429)	31147
(10157, 3729)	31148
(31148, 4166)	31149
(2986, 394)	31150
(72, 18946)	31151
(8607, 1399)	31152
(14524, 3986)	31153
(31153, 1399)	31154
(580, 17308)	31155
(77, 11261)	31156
(77, 421)	31157
(68, 8419)	31158
(4309, 109)	31159
(31159, 4406)	31160
(360, 13693)	31161
(83, 1805)	31162
(84, 415)	31163
(31163, 411)	31164
(73, 2845)	31165
(324, 1032)	31166
(459, 13500)	31167
(8152, 13977)	31168
(18961, 3072)	31169
(31169, 115)	31170
(1623, 18839)	31171
(9221, 294)	31172
(721, 99)	31173
(31173, 806)	31174
(6634, 11520)	31175
(299, 14824)	31176
(1073, 103)	31177
(31177, 1366)	31178
(31178, 414)	31179
(671, 3729)	31180
(31180, 983)	31181
(31181, 82)	31182
(31182, 6271)	31183
(10346, 260)	31184
(2203, 1102)	31185
(4733, 6059)	31186
(1778, 116)	31187
(31187, 745)	31188
(13979, 1715)	31189
(571, 460)	31190
(5049, 5435)	31191
(791, 97)	31192
(323, 343)	31193
(31193, 11042)	31194
(31194, 264)	31195
(1035, 12458)	31196
(31196, 339)	31197
(102, 421)	31198
(5548, 325)	31199
(3084, 495)	31200
(4396, 263)	31201
(31201, 2123)	31202
(13156, 1834)	31203
(31203, 645)	31204
(3905, 291)	31205
(45, 9482)	31206
(350, 1407)	31207
(31207, 1828)	31208
(360, 273)	31209
(31209, 1802)	31210
(5392, 557)	31211
(31211, 2958)	31212
(31212, 10161)	31213
(31213, 968)	31214
(112, 352)	31215
(31215, 10037)	31216
(31216, 104)	31217
(31217, 1899)	31218
(31218, 397)	31219
(320, 333)	31220
(31220, 807)	31221
(31221, 121)	31222
(2979, 623)	31223
(18626, 1205)	31224
(67, 9922)	31225
(13066, 414)	31226
(3387, 267)	31227
(1959, 1354)	31228
(12295, 676)	31229
(362, 260)	31230
(31230, 787)	31231
(1270, 1093)	31232
(31232, 2153)	31233
(1570, 12115)	31234
(67, 18978)	31235
(3365, 373)	31236
(31236, 4508)	31237
(1724, 12946)	31238
(31238, 10164)	31239
(4678, 2588)	31240
(8943, 8090)	31241
(31241, 4721)	31242
(99, 18978)	31243
(284, 6331)	31244
(420, 7638)	31245
(503, 11253)	31246
(11262, 5161)	31247
(309, 4566)	31248
(31248, 314)	31249
(31249, 99)	31250
(13400, 383)	31251
(10752, 601)	31252
(409, 637)	31253
(31253, 3797)	31254
(671, 4487)	31255
(309, 8196)	31256
(4076, 5890)	31257
(9956, 80)	31258
(362, 77)	31259
(31259, 80)	31260
(8231, 18993)	31261
(75, 5658)	31262
(4888, 160)	31263
(31263, 7184)	31264
(31264, 208)	31265
(31265, 183)	31266
(31266, 4164)	31267
(4888, 152)	31268
(31268, 18994)	31269
(31269, 11273)	31270
(31270, 186)	31271
(31271, 16321)	31272
(31272, 6552)	31273
(31273, 4164)	31274
(4888, 158)	31275
(31275, 9524)	31276
(31276, 13982)	31277
(31277, 6552)	31278
(31278, 13983)	31279
(31279, 4164)	31280
(31280, 7935)	31281
(31281, 10550)	31282
(31282, 4164)	31283
(324, 486)	31284
(31284, 544)	31285
(31285, 107)	31286
(303, 1470)	31287
(31287, 414)	31288
(4845, 1381)	31289
(31289, 345)	31290
(18998, 2546)	31291
(11599, 3187)	31292
(560, 18999)	31293
(3837, 268)	31294
(31294, 9083)	31295
(12417, 286)	31296
(12200, 115)	31297
(13271, 345)	31298
(3194, 6928)	31299
(31299, 400)	31300
(387, 19001)	31301
(1253, 351)	31302
(66, 280)	31303
(31303, 741)	31304
(31304, 115)	31305
(2605, 435)	31306
(1219, 305)	31307
(31307, 313)	31308
(7012, 346)	31309
(31309, 680)	31310
(75, 829)	31311
(31311, 269)	31312
(1496, 359)	31313
(31313, 1120)	31314
(31314, 12242)	31315
(77, 13985)	31316
(309, 13985)	31317
(8440, 109)	31318
(31318, 7735)	31319
(348, 557)	31320
(31320, 346)	31321
(3933, 3184)	31322
(4064, 589)	31323
(31323, 728)	31324
(31324, 432)	31325
(17453, 585)	31326
(109, 13985)	31327
(9742, 433)	31328
(31328, 5536)	31329
(31329, 115)	31330
(3416, 471)	31331
(679, 6541)	31332
(500, 1395)	31333
(31333, 2495)	31334
(5766, 5609)	31335
(1517, 2222)	31336
(1356, 2557)	31337
(3121, 11075)	31338
(6195, 344)	31339
(31339, 259)	31340
(31340, 585)	31341
(109, 11276)	31342
(31342, 9654)	31343
(31343, 269)	31344
(272, 5329)	31345
(31345, 627)	31346
(1517, 3479)	31347
(300, 6794)	31348
(31348, 2905)	31349
(31349, 1727)	31350
(3295, 3204)	31351
(31351, 1804)	31352
(329, 126)	31353
(7094, 1104)	31354
(31354, 268)	31355
(31355, 400)	31356
(289, 731)	31357
(31357, 452)	31358
(31358, 5282)	31359
(10969, 2218)	31360
(31360, 97)	31361
(303, 462)	31362
(31362, 1540)	31363
(78, 2050)	31364
(1773, 1911)	31365
(34, 91)	31366
(4587, 3318)	31367
(391, 535)	31368
(12388, 2211)	31369
(31369, 10095)	31370
(9725, 291)	31371
(284, 956)	31372
(31372, 291)	31373
(489, 1207)	31374
(31374, 19012)	31375
(65, 390)	31376
(12388, 802)	31377
(284, 464)	31378
(2455, 304)	31379
(31379, 346)	31380
(935, 659)	31381
(31381, 823)	31382
(566, 1068)	31383
(711, 4334)	31384
(361, 1911)	31385
(11986, 562)	31386
(10773, 17718)	31387
(66, 908)	31388
(3740, 1113)	31389
(31389, 269)	31390
(31390, 2444)	31391
(5450, 1235)	31392
(71, 1848)	31393
(31393, 103)	31394
(6294, 13989)	31395
(17246, 13990)	31396
(6785, 115)	31397
(99, 11027)	31398
(278, 103)	31399
(724, 11280)	31400
(3349, 108)	31401
(31401, 262)	31402
(4634, 8579)	31403
(16469, 273)	31404
(31404, 1543)	31405
(11256, 495)	31406
(303, 68)	31407
(1472, 13993)	31408
(13442, 11969)	31409
(31409, 122)	31410
(68, 8537)	31411
(31411, 1569)	31412
(360, 1235)	31413
(31413, 6254)	31414
(1140, 19028)	31415
(2805, 344)	31416
(31416, 2039)	31417
(1295, 1110)	31418
(31418, 291)	31419
(100, 435)	31420
(404, 12044)	31421
(6930, 702)	31422
(5594, 3755)	31423
(12442, 346)	31424
(1419, 8790)	31425
(941, 7100)	31426
(277, 5014)	31427
(19034, 1631)	31428
(9801, 1083)	31429
(307, 6138)	31430
(31430, 269)	31431
(13998, 623)	31432
(10645, 263)	31433
(711, 304)	31434
(10203, 267)	31435
(2982, 2048)	31436
(11912, 11727)	31437
(1295, 119)	31438
(31438, 14861)	31439
(5253, 1373)	31440
(1219, 6541)	31441
(6731, 475)	31442
(348, 786)	31443
(31443, 115)	31444
(1552, 432)	31445
(679, 17627)	31446
(6947, 7649)	31447
(19038, 345)	31448
(11281, 493)	31449
(31449, 11254)	31450
(283, 4659)	31451
(19038, 471)	31452
(2249, 4406)	31453
(4584, 383)	31454
(31454, 1715)	31455
(370, 488)	31456
(31456, 19041)	31457
(18837, 3083)	31458
(1735, 263)	31459
(31459, 406)	31460
(14594, 286)	31461
(1891, 114)	31462
(11612, 1287)	31463
(19045, 9770)	31464
(3110, 19046)	31465
(270, 2374)	31466
(31466, 4117)	31467
(19047, 279)	31468
(9230, 115)	31469
(16073, 97)	31470
(2118, 314)	31471
(31471, 2543)	31472
(15236, 291)	31473
(5307, 1259)	31474
(31474, 442)	31475
(315, 2653)	31476
(31476, 1674)	31477
(2645, 766)	31478
(1085, 115)	31479
(3897, 7855)	31480
(70, 9528)	31481
(9127, 807)	31482
(68, 18277)	31483
(10758, 692)	31484
(31484, 267)	31485
(7344, 13191)	31486
(17386, 4917)	31487
(323, 7301)	31488
(18778, 825)	31489
(16156, 9439)	31490
(45, 7044)	31491
(2143, 371)	31492
(9244, 8637)	31493
(31493, 19060)	31494
(1242, 4566)	31495
(361, 4353)	31496
(31496, 325)	31497
(31497, 280)	31498
(5443, 267)	31499
(1036, 19063)	31500
(14674, 345)	31501
(270, 5347)	31502
(31502, 313)	31503
(8261, 462)	31504
(3277, 423)	31505
(332, 1409)	31506
(14003, 1689)	31507
(15740, 345)	31508
(11957, 471)	31509
(285, 103)	31510
(19070, 76)	31511
(45, 2427)	31512
(31512, 11285)	31513
(31513, 3051)	31514
(19071, 267)	31515
(1786, 6628)	31516
(272, 301)	31517
(31517, 2199)	31518
(1202, 389)	31519
(3954, 97)	31520
(300, 381)	31521
(31521, 668)	31522
(31522, 766)	31523
(1066, 1706)	31524
(348, 88)	31525
(295, 13437)	31526
(3194, 677)	31527
(663, 1749)	31528
(277, 4253)	31529
(1446, 3950)	31530
(83, 9529)	31531
(560, 3950)	31532
(309, 14009)	31533
(426, 12686)	31534
(6195, 12686)	31535
(31535, 10986)	31536
(426, 341)	31537
(31537, 3249)	31538
(639, 1220)	31539
(13741, 114)	31540
(31540, 449)	31541
(1415, 692)	31542
(31542, 1004)	31543
(523, 18051)	31544
(4708, 105)	31545
(31545, 1504)	31546
(31546, 512)	31547
(3935, 467)	31548
(31548, 19075)	31549
(13980, 19075)	31550
(315, 4254)	31551
(6344, 442)	31552
(9769, 266)	31553
(362, 11289)	31554
(31554, 1929)	31555
(18404, 1207)	31556
(3009, 341)	31557
(31557, 107)	31558
(31558, 542)	31559
(821, 1565)	31560
(6291, 628)	31561
(307, 881)	31562
(31562, 1126)	31563
(14415, 6648)	31564
(69, 11241)	31565
(364, 2923)	31566
(1242, 376)	31567
(31567, 2818)	31568
(31568, 260)	31569
(16399, 115)	31570
(84, 787)	31571
(1448, 1537)	31572
(31572, 260)	31573
(4791, 1537)	31574
(33, 646)	31575
(2916, 104)	31576
(8644, 449)	31577
(8885, 2902)	31578
(19083, 627)	31579
(12278, 3167)	31580
(19083, 2198)	31581
(1786, 117)	31582
(1935, 1041)	31583
(65, 433)	31584
(31584, 11290)	31585
(5416, 319)	31586
(31586, 708)	31587
(5631, 15787)	31588
(2695, 397)	31589
(9500, 7805)	31590
(31590, 1749)	31591
(986, 9161)	31592
(3732, 346)	31593
(560, 4950)	31594
(9427, 1436)	31595
(31595, 119)	31596
(31596, 17004)	31597
(2420, 1752)	31598
(47, 17729)	31599
(1782, 499)	31600
(560, 9225)	31601
(8263, 1262)	31602
(4268, 2190)	31603
(18140, 2730)	31604
(2312, 1151)	31605
(2486, 1824)	31606
(31606, 267)	31607
(1146, 947)	31608
(370, 381)	31609
(31609, 11029)	31610
(6233, 115)	31611
(9530, 3655)	31612
(18084, 291)	31613
(4932, 345)	31614
(1906, 18730)	31615
(320, 5014)	31616
(31616, 2117)	31617
(2457, 358)	31618
(31618, 111)	31619
(10007, 452)	31620
(31620, 2029)	31621
(31621, 103)	31622
(31622, 1796)	31623
(4827, 1531)	31624
(2044, 1549)	31625
(14015, 460)	31626
(360, 10092)	31627
(356, 14016)	31628
(7749, 268)	31629
(31629, 416)	31630
(5651, 118)	31631
(31631, 1564)	31632
(31632, 99)	31633
(31633, 400)	31634
(2958, 98)	31635
(31635, 414)	31636
(1442, 2190)	31637
(307, 2437)	31638
(31638, 1340)	31639
(4888, 157)	31640
(31640, 4164)	31641
(31641, 18994)	31642
(31642, 9524)	31643
(31643, 4164)	31644
(16318, 11273)	31645
(31645, 187)	31646
(31646, 11273)	31647
(31647, 182)	31648
(31648, 19100)	31649
(31649, 4164)	31650
(7492, 11292)	31651
(459, 983)	31652
(31652, 9531)	31653
(3194, 1950)	31654
(489, 752)	31655
(4271, 615)	31656
(31656, 478)	31657
(307, 1429)	31658
(31658, 6018)	31659
(356, 14017)	31660
(2171, 306)	31661
(45, 365)	31662
(31662, 1118)	31663
(736, 263)	31664
(17075, 3306)	31665
(72, 4953)	31666
(12267, 304)	31667
(31667, 1421)	31668
(31668, 799)	31669
(31669, 109)	31670
(31670, 6728)	31671
(2586, 16271)	31672
(31672, 373)	31673
(324, 3085)	31674
(31674, 9158)	31675
(8051, 115)	31676
(3646, 291)	31677
(1442, 528)	31678
(952, 5902)	31679
(2096, 1412)	31680
(66, 6661)	31681
(19115, 6532)	31682
(10248, 1543)	31683
(348, 969)	31684
(31684, 279)	31685
(31685, 1059)	31686
(6083, 121)	31687
(355, 2441)	31688
(13048, 14023)	31689
(7135, 1025)	31690
(31690, 414)	31691
(5615, 10325)	31692
(5600, 305)	31693
(31693, 399)	31694
(3417, 16751)	31695
(31695, 115)	31696
(323, 822)	31697
(9665, 1252)	31698
(13394, 1751)	31699
(2914, 268)	31700
(289, 376)	31701
(31701, 535)	31702
(31702, 111)	31703
(109, 7208)	31704
(289, 379)	31705
(31705, 19028)	31706
(13556, 11261)	31707
(324, 408)	31708
(347, 275)	31709
(31709, 365)	31710
(915, 97)	31711
(634, 2390)	31712
(11957, 1305)	31713
(9233, 14027)	31714
(5840, 5368)	31715
(34, 9537)	31716
(18340, 101)	31717
(634, 316)	31718
(31718, 17092)	31719
(357, 101)	31720
(45, 13976)	31721
(76, 19131)	31722
(76, 14028)	31723
(12019, 692)	31724
(31724, 557)	31725
(1265, 8884)	31726
(13326, 90)	31727
(362, 71)	31728
(31728, 6859)	31729
(3837, 592)	31730
(4509, 965)	31731
(31731, 1473)	31732
(868, 52)	31733
(4602, 2565)	31734
(4996, 115)	31735
(19136, 1363)	31736
(12197, 374)	31737
(45, 74)	31738
(31738, 13386)	31739
(31739, 117)	31740
(31740, 2237)	31741
(5058, 291)	31742
(1517, 499)	31743
(13606, 15998)	31744
(265, 1742)	31745
(4614, 611)	31746
(31746, 263)	31747
(3428, 1163)	31748
(14979, 13810)	31749
(31749, 4763)	31750
(2830, 177)	31751
(31751, 13224)	31752
(31752, 170)	31753
(31753, 6875)	31754
(80, 13799)	31755
(31755, 13899)	31756
(9147, 449)	31757
(19146, 537)	31758
(19147, 766)	31759
(4877, 346)	31760
(31760, 268)	31761
(3097, 7931)	31762
(31762, 456)	31763
(31763, 1591)	31764
(31764, 266)	31765
(272, 455)	31766
(31766, 1319)	31767
(34, 78)	31768
(31768, 7355)	31769
(309, 8643)	31770
(31770, 7199)	31771
(256, 1681)	31772
(31772, 825)	31773
(17292, 262)	31774
(31774, 358)	31775
(4224, 7199)	31776
(348, 650)	31777
(265, 10231)	31778
(1547, 10075)	31779
(403, 2453)	31780
(2670, 557)	31781
(7909, 402)	31782
(39, 83)	31783
(332, 2392)	31784
(4270, 1629)	31785
(924, 1335)	31786
(5190, 7797)	31787
(1267, 8927)	31788
(294, 3138)	31789
(17089, 411)	31790
(2024, 5300)	31791
(8652, 692)	31792
(285, 344)	31793
(31793, 11298)	31794
(285, 9661)	31795
(4270, 9811)	31796
(1077, 5014)	31797
(924, 114)	31798
(31798, 17552)	31799
(332, 512)	31800
(31800, 14030)	31801
(503, 601)	31802
(285, 1488)	31803
(484, 84)	31804
(31804, 82)	31805
(6265, 8879)	31806
(31806, 400)	31807
(19158, 314)	31808
(936, 510)	31809
(775, 112)	31810
(31810, 947)	31811
(31811, 291)	31812
(979, 291)	31813
(278, 601)	31814
(31814, 493)	31815
(31815, 414)	31816
(19160, 260)	31817
(19161, 435)	31818
(3598, 279)	31819
(710, 452)	31820
(31820, 1059)	31821
(16031, 9959)	31822
(450, 314)	31823
(31823, 4921)	31824
(4584, 15706)	31825
(17615, 280)	31826
(31826, 103)	31827
(31827, 2388)	31828
(19160, 627)	31829
(1391, 453)	31830
(31830, 317)	31831
(34, 8266)	31832
(3930, 1118)	31833
(6581, 1346)	31834
(289, 737)	31835
(45, 14036)	31836
(18998, 645)	31837
(1620, 10854)	31838
(31838, 286)	31839
(11077, 19163)	31840
(31840, 498)	31841
(554, 268)	31842
(7878, 352)	31843
(31843, 865)	31844
(4873, 121)	31845
(15216, 930)	31846
(323, 9539)	31847
(84, 4144)	31848
(31848, 259)	31849
(76, 385)	31850
(31850, 659)	31851
(10156, 18319)	31852
(10296, 259)	31853
(18750, 659)	31854
(885, 325)	31855
(12773, 16184)	31856
(459, 111)	31857
(31857, 19170)	31858
(31858, 263)	31859
(31859, 1802)	31860
(324, 686)	31861
(31861, 376)	31862
(31862, 452)	31863
(2928, 9092)	31864
(18890, 466)	31865
(31865, 1104)	31866
(31866, 280)	31867
(45, 699)	31868
(1295, 3594)	31869
(31869, 110)	31870
(70, 5146)	31871
(17513, 117)	31872
(40, 18538)	31873
(31873, 267)	31874
(905, 640)	31875
(31875, 115)	31876
(5892, 1553)	31877
(356, 697)	31878
(362, 5282)	31879
(484, 1878)	31880
(31880, 98)	31881
(31881, 1098)	31882
(99, 983)	31883
(31883, 116)	31884
(99, 371)	31885
(4790, 2509)	31886
(355, 799)	31887
(31887, 397)	31888
(11654, 9803)	31889
(350, 3632)	31890
(960, 1910)	31891
(14798, 825)	31892
(545, 14045)	31893
(724, 14045)	31894
(8345, 346)	31895
(309, 9501)	31896
(256, 2941)	31897
(409, 11304)	31898
(6244, 1845)	31899
(31899, 19197)	31900
(31900, 592)	31901
(747, 19198)	31902
(2706, 19198)	31903
(5092, 339)	31904
(307, 1641)	31905
(31905, 7675)	31906
(7307, 1879)	31907
(724, 11304)	31908
(517, 6526)	31909
(14049, 715)	31910
(8459, 996)	31911
(278, 14045)	31912
(2944, 11305)	31913
(31913, 5758)	31914
(309, 1705)	31915
(31915, 9541)	31916
(10310, 9541)	31917
(1924, 14050)	31918
(1428, 667)	31919
(109, 9541)	31920
(1875, 19204)	31921
(289, 9541)	31922
(289, 105)	31923
(31923, 9541)	31924
(955, 783)	31925
(31925, 983)	31926
(19206, 901)	31927
(309, 7854)	31928
(5774, 1323)	31929
(5823, 1297)	31930
(31930, 12968)	31931
(63, 646)	31932
(7442, 279)	31933
(31933, 533)	31934
(31934, 1804)	31935
(16556, 376)	31936
(14052, 399)	31937
(16174, 117)	31938
(31938, 2489)	31939
(31939, 17606)	31940
(31940, 16973)	31941
(31941, 305)	31942
(1709, 16287)	31943
(7283, 3609)	31944
(10194, 878)	31945
(100, 2150)	31946
(31946, 339)	31947
(9662, 3329)	31948
(31948, 267)	31949
(65, 65)	31950
(31950, 83)	31951
(19070, 468)	31952
(31952, 5309)	31953
(523, 13577)	31954
(31954, 715)	31955
(12681, 85)	31956
(31956, 72)	31957
(15416, 83)	31958
(1218, 330)	31959
(18567, 306)	31960
(2379, 4239)	31961
(6426, 7358)	31962
(348, 14945)	31963
(31963, 4353)	31964
(31964, 97)	31965
(7591, 10092)	31966
(5455, 4353)	31967
(6373, 101)	31968
(16087, 2154)	31969
(7867, 19225)	31970
(355, 3991)	31971
(31971, 114)	31972
(31972, 16479)	31973
(2030, 1749)	31974
(31974, 97)	31975
(2147, 415)	31976
(31976, 4921)	31977
(2000, 411)	31978
(31978, 280)	31979
(31979, 1261)	31980
(1501, 3566)	31981
(31981, 4353)	31982
(8803, 2216)	31983
(7672, 1655)	31984
(256, 396)	31985
(31985, 513)	31986
(31986, 115)	31987
(17695, 1220)	31988
(2083, 5778)	31989
(10431, 286)	31990
(717, 6409)	31991
(45, 1538)	31992
(31992, 440)	31993
(31993, 267)	31994
(1582, 1084)	31995
(7195, 269)	31996
(5780, 260)	31997
(31997, 1059)	31998
(307, 483)	31999
(18951, 8926)	32000
(8789, 115)	32001
(6308, 785)	32002
(1226, 266)	32003
(32003, 1378)	32004
(1930, 115)	32005
(941, 316)	32006
(32006, 851)	32007
(1184, 4042)	32008
(315, 1712)	32009
(8845, 1186)	32010
(2223, 97)	32011
(32011, 19238)	32012
(32012, 115)	32013
(6596, 336)	32014
(14056, 19240)	32015
(79, 19240)	32016
(1030, 1869)	32017
(364, 2391)	32018
(1066, 19046)	32019
(792, 267)	32020
(349, 1335)	32021
(6487, 1812)	32022
(13114, 6494)	32023
(11575, 19242)	32024
(955, 12264)	32025
(489, 18803)	32026
(32026, 3249)	32027
(489, 257)	32028
(32028, 5276)	32029
(9375, 1019)	32030
(6208, 2189)	32031
(503, 12264)	32032
(11748, 260)	32033
(489, 3860)	32034
(2365, 608)	32035
(281, 317)	32036
(32036, 376)	32037
(32037, 460)	32038
(16642, 269)	32039
(2660, 1068)	32040
(71, 1026)	32041
(32041, 109)	32042
(6846, 291)	32043
(15305, 6629)	32044
(434, 5506)	32045
(32045, 854)	32046
(32046, 264)	32047
(1774, 305)	32048
(32048, 2388)	32049
(484, 513)	32050
(32050, 101)	32051
(1424, 339)	32052
(13384, 259)	32053
(32053, 2686)	32054
(1695, 107)	32055
(3778, 346)	32056
(2864, 2891)	32057
(32057, 13718)	32058
(15907, 263)	32059
(104, 266)	32060
(298, 1981)	32061
(2412, 7622)	32062
(290, 913)	32063
(32063, 829)	32064
(5474, 50)	32065
(57, 2234)	32066
(5828, 967)	32067
(6925, 525)	32068
(56, 2234)	32069
(503, 121)	32070
(9705, 267)	32071
(1570, 4701)	32072
(4674, 267)	32073
(284, 2683)	32074
(32074, 7797)	32075
(13367, 2951)	32076
(303, 1151)	32077
(1815, 10911)	32078
(44, 40)	32079
(484, 19264)	32080
(14589, 16512)	32081
(303, 1497)	32082
(32082, 5168)	32083
(32083, 122)	32084
(32084, 1660)	32085
(277, 3696)	32086
(32086, 3306)	32087
(1570, 5255)	32088
(17429, 686)	32089
(32089, 267)	32090
(10397, 462)	32091
(2889, 7352)	32092
(324, 1450)	32093
(2270, 6746)	32094
(32094, 471)	32095
(3789, 557)	32096
(10371, 294)	32097
(109, 515)	32098
(32098, 4692)	32099
(348, 3447)	32100
(32100, 104)	32101
(32101, 358)	32102
(18656, 4965)	32103
(46, 78)	32104
(8399, 3174)	32105
(5502, 287)	32106
(32106, 675)	32107
(32107, 105)	32108
(32108, 715)	32109
(1743, 264)	32110
(281, 352)	32111
(32111, 9333)	32112
(99, 5016)	32113
(732, 107)	32114
(299, 510)	32115
(666, 2839)	32116
(2669, 967)	32117
(7641, 967)	32118
(671, 3248)	32119
(484, 266)	32120
(32120, 6331)	32121
(86, 19264)	32122
(18433, 339)	32123
(12254, 117)	32124
(32124, 446)	32125
(32125, 291)	32126
(5405, 1429)	32127
(303, 527)	32128
(32128, 2972)	32129
(9500, 18390)	32130
(350, 4402)	32131
(801, 112)	32132
(32132, 512)	32133
(32133, 456)	32134
(4452, 2686)	32135
(1724, 344)	32136
(32136, 12190)	32137
(362, 66)	32138
(32138, 74)	32139
(295, 546)	32140
(17442, 280)	32141
(4555, 325)	32142
(32142, 449)	32143
(3809, 1473)	32144
(360, 305)	32145
(32145, 1672)	32146
(258, 546)	32147
(3729, 5851)	32148
(68, 7540)	32149
(47, 68)	32150
(32150, 9774)	32151
(65, 19280)	32152
(801, 6559)	32153
(2751, 5558)	32154
(32154, 428)	32155
(32155, 400)	32156
(13052, 603)	32157
(32157, 257)	32158
(32158, 279)	32159
(303, 1354)	32160
(32160, 4508)	32161
(1136, 406)	32162
(775, 8826)	32163
(377, 6354)	32164
(32164, 111)	32165
(356, 89)	32166
(32166, 67)	32167
(67, 7540)	32168
(10350, 99)	32169
(32169, 7143)	32170
(32170, 345)	32171
(7867, 1486)	32172
(32172, 260)	32173
(39, 101)	32174
(32174, 7727)	32175
(6490, 10006)	32176
(295, 19280)	32177
(4860, 715)	32178
(448, 103)	32179
(32179, 6985)	32180
(360, 1504)	32181
(32181, 317)	32182
(80, 97)	32183
(32183, 6704)	32184
(774, 267)	32185
(52, 4605)	32186
(54, 2234)	32187
(5702, 527)	32188
(32188, 1245)	32189
(1154, 4369)	32190
(6988, 111)	32191
(10737, 2435)	32192
(7600, 1638)	32193
(625, 116)	32194
(32194, 467)	32195
(32195, 3044)	32196
(2869, 280)	32197
(791, 10822)	32198
(13829, 304)	32199
(19301, 428)	32200
(4662, 18058)	32201
(2014, 6140)	32202
(17559, 294)	32203
(32203, 6140)	32204
(9871, 1041)	32205
(300, 578)	32206
(32206, 101)	32207
(370, 85)	32208
(324, 11931)	32209
(32209, 83)	32210
(2981, 266)	32211
(32211, 259)	32212
(8217, 6213)	32213
(10352, 2735)	32214
(6572, 2868)	32215
(5106, 19303)	32216
(3505, 10509)	32217
(350, 1006)	32218
(32218, 291)	32219
(13485, 4107)	32220
(106, 1377)	32221
(18057, 4914)	32222
(2706, 304)	32223
(2907, 3830)	32224
(8638, 262)	32225
(307, 77)	32226
(4349, 596)	32227
(11256, 268)	32228
(307, 787)	32229
(4484, 703)	32230
(17949, 11793)	32231
(17340, 462)	32232
(16311, 1163)	32233
(1260, 264)	32234
(9404, 13539)	32235
(3400, 13541)	32236
(32236, 105)	32237
(17941, 160)	32238
(356, 305)	32239
(3992, 110)	32240
(32240, 697)	32241
(32241, 101)	32242
(434, 542)	32243
(32243, 3447)	32244
(734, 642)	32245
(657, 587)	32246
(532, 111)	32247
(1464, 3174)	32248
(13015, 2615)	32249
(32249, 273)	32250
(2907, 275)	32251
(17255, 784)	32252
(10397, 114)	32253
(32253, 1313)	32254
(32254, 103)	32255
(32255, 6015)	32256
(2335, 69)	32257
(514, 111)	32258
(277, 117)	32259
(32259, 4921)	32260
(891, 101)	32261
(364, 470)	32262
(75, 365)	32263
(32263, 257)	32264
(1045, 13553)	32265
(1064, 1668)	32266
(12821, 100)	32267
(32267, 535)	32268
(5115, 496)	32269
(32269, 262)	32270
(76, 466)	32271
(32271, 313)	32272
(109, 273)	32273
(32273, 19303)	32274
(1142, 313)	32275
(668, 1804)	32276
(108, 466)	32277
(32277, 105)	32278
(13485, 417)	32279
(6436, 14068)	32280
(13592, 11724)	32281
(484, 11857)	32282
(5110, 11724)	32283
(315, 692)	32284
(2297, 10353)	32285
(14070, 394)	32286
(32286, 269)	32287
(4726, 1259)	32288
(281, 1591)	32289
(32289, 669)	32290
(32290, 19242)	32291
(285, 12291)	32292
(77, 550)	32293
(1786, 572)	32294
(32294, 5599)	32295
(364, 83)	32296
(32296, 87)	32297
(19321, 2342)	32298
(852, 432)	32299
(32299, 802)	32300
(2425, 2307)	32301
(324, 279)	32302
(32302, 99)	32303
(32303, 725)	32304
(3673, 1182)	32305
(360, 4470)	32306
(3271, 1117)	32307
(32307, 97)	32308
(323, 658)	32309
(300, 486)	32310
(13419, 411)	32311
(32311, 1553)	32312
(350, 5722)	32313
(8386, 477)	32314
(15906, 325)	32315
(19326, 10006)	32316
(489, 271)	32317
(32317, 477)	32318
(115, 18633)	32319
(32319, 7362)	32320
(8437, 2565)	32321
(655, 1068)	32322
(1140, 9542)	32323
(18775, 19333)	32324
(16395, 19333)	32325
(10216, 4095)	32326
(2863, 69)	32327
(11217, 69)	32328
(17430, 677)	32329
(3270, 1800)	32330
(12144, 1800)	32331
(323, 306)	32332
(32332, 1488)	32333
(3550, 68)	32334
(6705, 99)	32335
(32335, 2161)	32336
(32336, 101)	32337
(2949, 3660)	32338
(32338, 304)	32339
(4509, 1261)	32340
(32340, 294)	32341
(1298, 13723)	32342
(13819, 344)	32343
(32343, 449)	32344
(39, 468)	32345
(32345, 10979)	32346
(384, 589)	32347
(32347, 10275)	32348
(69, 80)	32349
(32349, 3279)	32350
(32350, 82)	32351
(17337, 410)	32352
(3110, 7847)	32353
(3550, 106)	32354
(32354, 475)	32355
(76, 1006)	32356
(32356, 2055)	32357
(328, 2406)	32358
(10154, 18664)	32359
(68, 9142)	32360
(12956, 1421)	32361
(17212, 5820)	32362
(940, 103)	32363
(32363, 273)	32364
(32364, 392)	32365
(15981, 365)	32366
(32366, 704)	32367
(4860, 2039)	32368
(355, 438)	32369
(32369, 1105)	32370
(2980, 106)	32371
(56, 1133)	32372
(6360, 116)	32373
(32373, 606)	32374
(54, 5002)	32375
(68, 269)	32376
(32376, 1423)	32377
(360, 692)	32378
(32378, 2307)	32379
(13871, 106)	32380
(32380, 411)	32381
(32381, 304)	32382
(323, 433)	32383
(32383, 457)	32384
(256, 708)	32385
(32385, 267)	32386
(500, 266)	32387
(32387, 534)	32388
(5651, 3294)	32389
(9738, 1161)	32390
(45, 644)	32391
(7027, 1118)	32392
(8686, 2251)	32393
(1224, 267)	32394
(116, 376)	32395
(1485, 1708)	32396
(32396, 291)	32397
(855, 2290)	32398
(5934, 706)	32399
(263, 8637)	32400
(32400, 121)	32401
(16061, 467)	32402
(32402, 108)	32403
(32403, 1245)	32404
(2276, 371)	32405
(19352, 990)	32406
(4375, 12968)	32407
(32407, 17080)	32408
(1501, 17229)	32409
(32409, 589)	32410
(356, 741)	32411
(32411, 5145)	32412
(484, 1087)	32413
(32413, 319)	32414
(32414, 400)	32415
(2656, 2037)	32416
(9551, 269)	32417
(657, 464)	32418
(765, 112)	32419
(32419, 464)	32420
(32420, 8273)	32421
(45, 2657)	32422
(32, 62)	32423
(8513, 471)	32424
(18325, 488)	32425
(32425, 111)	32426
(1748, 117)	32427
(32427, 421)	32428
(32428, 19225)	32429
(3237, 267)	32430
(459, 3739)	32431
(32431, 3609)	32432
(76, 7473)	32433
(7580, 7960)	32434
(3110, 407)	32435
(32435, 7759)	32436
(86, 421)	32437
(32437, 11330)	32438
(1152, 614)	32439
(3095, 462)	32440
(361, 19360)	32441
(353, 5790)	32442
(32442, 495)	32443
(19362, 469)	32444
(32444, 115)	32445
(5528, 5431)	32446
(2890, 411)	32447
(32447, 708)	32448
(7348, 13931)	32449
(454, 630)	32450
(32450, 266)	32451
(67, 19367)	32452
(7231, 1294)	32453
(32453, 97)	32454
(32454, 421)	32455
(32455, 17003)	32456
(303, 19367)	32457
(13692, 1658)	32458
(32458, 841)	32459
(11331, 259)	32460
(32460, 12663)	32461
(331, 1040)	32462
(32462, 8272)	32463
(404, 19360)	32464
(6572, 15726)	32465
(361, 874)	32466
(32466, 100)	32467
(32467, 1802)	32468
(2805, 4847)	32469
(315, 14670)	32470
(3552, 766)	32471
(299, 1329)	32472
(32472, 330)	32473
(32473, 731)	32474
(32474, 4241)	32475
(3172, 1806)	32476
(32476, 1937)	32477
(19362, 3244)	32478
(489, 446)	32479
(32479, 267)	32480
(14088, 764)	32481
(2381, 498)	32482
(32482, 471)	32483
(19158, 3662)	32484
(18069, 784)	32485
(765, 2453)	32486
(1646, 17339)	32487
(9779, 341)	32488
(9652, 2822)	32489
(9241, 3083)	32490
(384, 2290)	32491
(657, 2941)	32492
(6960, 275)	32493
(5334, 115)	32494
(10651, 9770)	32495
(10564, 1105)	32496
(32496, 399)	32497
(356, 1120)	32498
(32498, 365)	32499
(14088, 759)	32500
(303, 260)	32501
(32501, 287)	32502
(4387, 379)	32503
(678, 19372)	32504
(2209, 19372)	32505
(14088, 4551)	32506
(9040, 374)	32507
(32507, 784)	32508
(1320, 279)	32509
(32509, 2169)	32510
(1695, 5157)	32511
(32511, 399)	32512
(360, 651)	32513
(32513, 104)	32514
(32514, 19374)	32515
(85, 98)	32516
(32516, 11709)	32517
(9206, 11709)	32518
(307, 5598)	32519
(32519, 10699)	32520
(32520, 4831)	32521
(591, 5634)	32522
(12211, 331)	32523
(409, 8129)	32524
(32524, 1378)	32525
(4119, 428)	32526
(2980, 107)	32527
(523, 1554)	32528
(32528, 1025)	32529
(6983, 406)	32530
(32530, 670)	32531
(10084, 788)	32532
(14094, 2927)	32533
(10775, 1982)	32534
(67, 14096)	32535
(10385, 3518)	32536
(1782, 2818)	32537
(82, 11337)	32538
(484, 851)	32539
(32539, 105)	32540
(14024, 7287)	32541
(82, 4930)	32542
(484, 267)	32543
(32543, 909)	32544
(32544, 105)	32545
(3661, 67)	32546
(32546, 392)	32547
(32547, 381)	32548
(284, 467)	32549
(32549, 371)	32550
(32550, 13718)	32551
(6483, 109)	32552
(32552, 10897)	32553
(6597, 2444)	32554
(8700, 8224)	32555
(4104, 3501)	32556
(3783, 121)	32557
(4790, 562)	32558
(78, 851)	32559
(32559, 573)	32560
(11212, 5145)	32561
(70, 1231)	32562
(356, 10449)	32563
(2137, 1353)	32564
(13515, 565)	32565
(3661, 262)	32566
(1200, 291)	32567
(10096, 110)	32568
(1024, 110)	32569
(32569, 1592)	32570
(3953, 14104)	32571
(3634, 1407)	32572
(32572, 2444)	32573
(2575, 109)	32574
(32574, 1084)	32575
(9030, 98)	32576
(32576, 397)	32577
(19396, 985)	32578
(67, 6514)	32579
(355, 428)	32580
(32580, 264)	32581
(32581, 3821)	32582
(9093, 333)	32583
(32583, 689)	32584
(17528, 3125)	32585
(66, 111)	32586
(32586, 11339)	32587
(348, 4897)	32588
(32588, 2444)	32589
(16498, 1241)	32590
(32590, 628)	32591
(2893, 121)	32592
(18632, 2444)	32593
(732, 97)	32594
(1200, 346)	32595
(1065, 339)	32596
(6634, 105)	32597
(4169, 8084)	32598
(426, 100)	32599
(32599, 1894)	32600
(2199, 12523)	32601
(32601, 1531)	32602
(2366, 383)	32603
(32603, 534)	32604
(6376, 9428)	32605
(2349, 2593)	32606
(356, 85)	32607
(32607, 3998)	32608
(32608, 69)	32609
(355, 12316)	32610
(32610, 84)	32611
(32611, 10902)	32612
(19399, 16929)	32613
(19400, 345)	32614
(18961, 4068)	32615
(639, 867)	32616
(765, 1533)	32617
(32617, 1269)	32618
(2886, 6824)	32619
(5426, 1269)	32620
(116, 453)	32621
(2549, 4847)	32622
(1584, 267)	32623
(418, 19404)	32624
(4316, 333)	32625
(939, 1499)	32626
(939, 280)	32627
(32627, 1151)	32628
(2886, 449)	32629
(32629, 3083)	32630
(8749, 1682)	32631
(110, 6299)	32632
(490, 19404)	32633
(69, 118)	32634
(32634, 3677)	32635
(1013, 14111)	32636
(32636, 5491)	32637
(2834, 3797)	32638
(45, 2077)	32639
(1798, 12636)	32640
(11925, 2228)	32641
(342, 339)	32642
(14112, 1804)	32643
(503, 3574)	32644
(1773, 5255)	32645
(434, 3495)	32646
(32646, 121)	32647
(7672, 19412)	32648
(724, 7511)	32649
(19413, 628)	32650
(11008, 702)	32651
(6490, 1658)	32652
(32652, 702)	32653
(2752, 6500)	32654
(2382, 14113)	32655
(6218, 766)	32656
(66, 768)	32657
(32657, 8596)	32658
(303, 338)	32659
(32659, 7411)	32660
(32660, 15102)	32661
(7223, 8889)	32662
(11962, 5337)	32663
(12639, 759)	32664
(32664, 4377)	32665
(19420, 3951)	32666
(32666, 122)	32667
(32667, 196)	32668
(32668, 131)	32669
(348, 768)	32670
(32670, 115)	32671
(6235, 428)	32672
(32672, 2189)	32673
(19420, 110)	32674
(32674, 99)	32675
(32675, 4668)	32676
(32676, 2530)	32677
(5606, 708)	32678
(1036, 5972)	32679
(2459, 19426)	32680
(32680, 417)	32681
(19431, 9107)	32682
(32682, 352)	32683
(32683, 12523)	32684
(32, 286)	32685
(32685, 7512)	32686
(11222, 118)	32687
(32687, 1686)	32688
(350, 358)	32689
(32689, 97)	32690
(1527, 1220)	32691
(12979, 271)	32692
(32692, 117)	32693
(73, 118)	32694
(32694, 11341)	32695
(434, 1563)	32696
(32696, 967)	32697
(303, 1263)	32698
(32698, 319)	32699
(32699, 807)	32700
(32700, 105)	32701
(19431, 104)	32702
(32702, 334)	32703
(32703, 10699)	32704
(10610, 352)	32705
(32705, 887)	32706
(32706, 97)	32707
(356, 399)	32708
(32708, 2181)	32709
(32709, 97)	32710
(1106, 2590)	32711
(1695, 108)	32712
(32712, 967)	32713
(3049, 8278)	32714
(6063, 84)	32715
(41, 5912)	32716
(83, 4954)	32717
(32717, 486)	32718
(387, 287)	32719
(5528, 6372)	32720
(84, 280)	32721
(32721, 304)	32722
(1695, 269)	32723
(362, 121)	32724
(32724, 680)	32725
(86, 3495)	32726
(2934, 9435)	32727
(32727, 268)	32728
(10156, 1828)	32729
(299, 7993)	32730
(7144, 291)	32731
(11752, 704)	32732
(2469, 7285)	32733
(45, 85)	32734
(7045, 341)	32735
(3928, 1927)	32736
(4041, 11344)	32737
(265, 833)	32738
(32738, 4042)	32739
(3502, 2578)	32740
(32740, 121)	32741
(8337, 268)	32742
(32742, 1929)	32743
(3321, 590)	32744
(5224, 109)	32745
(32745, 345)	32746
(393, 5690)	32747
(3361, 97)	32748
(13527, 314)	32749
(32749, 399)	32750
(76, 6881)	32751
(32751, 898)	32752
(404, 11345)	32753
(57, 1274)	32754
(48, 5002)	32755
(56, 2664)	32756
(281, 1040)	32757
(32757, 346)	32758
(3173, 441)	32759
(83, 631)	32760
(32760, 1208)	32761
(4385, 19442)	32762
(8840, 18335)	32763
(3095, 471)	32764
(404, 359)	32765
(32765, 98)	32766
(32766, 2894)	32767
(32767, 341)	32768
(32768, 602)	32769
(19352, 449)	32770
(6782, 715)	32771
(17444, 477)	32772
(32772, 102)	32773
(13016, 1569)	32774
(32774, 122)	32775
(13674, 7793)	32776
(2665, 397)	32777
(362, 480)	32778
(32778, 1492)	32779
(10976, 7880)	32780
(32780, 264)	32781
(6536, 115)	32782
(75, 11348)	32783
(7643, 260)	32784
(348, 10048)	32785
(32785, 294)	32786
(32786, 9446)	32787
(5455, 275)	32788
(762, 477)	32789
(19449, 3510)	32790
(12682, 10014)	32791
(9332, 692)	32792
(3129, 984)	32793
(32793, 586)	32794
(2083, 1273)	32795
(272, 1779)	32796
(32796, 19450)	32797
(490, 2528)	32798
(32798, 3296)	32799
(32799, 2251)	32800
(8961, 502)	32801
(32801, 1305)	32802
(277, 504)	32803
(32803, 107)	32804
(32804, 339)	32805
(10283, 2421)	32806
(14094, 1902)	32807
(868, 49)	32808
(52, 3721)	32809
(4614, 271)	32810
(32810, 3611)	32811
(4245, 2037)	32812
(6654, 57)	32813
(8258, 458)	32814
(32814, 2396)	32815
(356, 14125)	32816
(489, 689)	32817
(32817, 16364)	32818
(450, 19459)	32819
(3432, 287)	32820
(32820, 717)	32821
(32821, 441)	32822
(5976, 4067)	32823
(434, 567)	32824
(32824, 334)	32825
(32825, 11860)	32826
(299, 5068)	32827
(32827, 104)	32828
(32828, 546)	32829
(15301, 2929)	32830
(2793, 19460)	32831
(923, 11253)	32832
(15259, 8451)	32833
(3148, 115)	32834
(16558, 1927)	32835
(9309, 608)	32836
(77, 3210)	32837
(19466, 325)	32838
(591, 799)	32839
(32839, 399)	32840
(16341, 345)	32841
(362, 400)	32842
(32842, 262)	32843
(32843, 291)	32844
(277, 116)	32845
(10320, 339)	32846
(342, 617)	32847
(32847, 713)	32848
(14875, 115)	32849
(6089, 567)	32850
(32850, 3388)	32851
(3415, 19468)	32852
(2083, 7145)	32853
(2610, 19469)	32854
(362, 19163)	32855
(32855, 317)	32856
(32856, 4740)	32857
(427, 467)	32858
(75, 1591)	32859
(4673, 967)	32860
(1260, 105)	32861
(324, 7577)	32862
(434, 1963)	32863
(32863, 97)	32864
(15231, 1019)	32865
(2907, 2308)	32866
(17574, 354)	32867
(303, 423)	32868
(32868, 859)	32869
(355, 2495)	32870
(32870, 121)	32871
(19161, 121)	32872
(17758, 967)	32873
(307, 2077)	32874
(32874, 6647)	32875
(67, 615)	32876
(32876, 260)	32877
(32877, 339)	32878
(348, 4401)	32879
(32879, 1796)	32880
(2745, 728)	32881
(32881, 685)	32882
(70, 4698)	32883
(9564, 3337)	32884
(71, 336)	32885
(7923, 121)	32886
(106, 3727)	32887
(4387, 351)	32888
(32888, 1235)	32889
(68, 268)	32890
(32890, 447)	32891
(7499, 6167)	32892
(5359, 1681)	32893
(32893, 1531)	32894
(290, 77)	32895
(32895, 85)	32896
(11706, 4133)	32897
(6779, 383)	32898
(87, 464)	32899
(32899, 14129)	32900
(4764, 59)	32901
(5439, 406)	32902
(555, 110)	32903
(11167, 469)	32904
(32904, 19426)	32905
(9014, 273)	32906
(2174, 909)	32907
(293, 120)	32908
(32908, 286)	32909
(1013, 7794)	32910
(9014, 1305)	32911
(1892, 656)	32912
(13400, 563)	32913
(32913, 259)	32914
(1695, 2102)	32915
(32915, 3044)	32916
(19488, 449)	32917
(1140, 13681)	32918
(76, 1368)	32919
(5422, 453)	32920
(32920, 275)	32921
(32921, 275)	32922
(952, 122)	32923
(32923, 692)	32924
(1896, 286)	32925
(2656, 115)	32926
(459, 2084)	32927
(32927, 291)	32928
(67, 669)	32929
(32929, 260)	32930
(32930, 19491)	32931
(80, 14134)	32932
(3410, 1451)	32933
(32933, 471)	32934
(19492, 11344)	32935
(45, 34)	32936
(2269, 3842)	32937
(32937, 8590)	32938
(32938, 102)	32939
(32939, 2905)	32940
(32940, 104)	32941
(32941, 283)	32942
(364, 2087)	32943
(32943, 268)	32944
(2223, 83)	32945
(6426, 8281)	32946
(3938, 537)	32947
(32947, 5400)	32948
(895, 291)	32949
(10213, 291)	32950
(1586, 11684)	32951
(8365, 4758)	32952
(1035, 904)	32953
(32953, 449)	32954
(5589, 460)	32955
(4159, 677)	32956
(362, 2905)	32957
(32957, 562)	32958
(32958, 1929)	32959
(11641, 1305)	32960
(14130, 11837)	32961
(355, 5634)	32962
(83, 1497)	32963
(32963, 122)	32964
(32964, 14135)	32965
(12306, 280)	32966
(775, 11356)	32967
(289, 269)	32968
(32968, 562)	32969
(71, 4332)	32970
(75, 1055)	32971
(350, 433)	32972
(32972, 3276)	32973
(360, 4332)	32974
(7003, 8798)	32975
(32975, 100)	32976
(32976, 109)	32977
(32977, 1335)	32978
(32978, 341)	32979
(32979, 392)	32980
(6483, 17006)	32981
(7003, 749)	32982
(32982, 331)	32983
(4424, 7444)	32984
(32984, 478)	32985
(1052, 951)	32986
(350, 456)	32987
(32987, 352)	32988
(9658, 5016)	32989
(14139, 280)	32990
(821, 782)	32991
(404, 1963)	32992
(1009, 2427)	32993
(17617, 6237)	32994
(2368, 3306)	32995
(8005, 5820)	32996
(620, 1995)	32997
(17433, 2247)	32998
(15331, 1492)	32999
(332, 17866)	33000
(19509, 1143)	33001
(1202, 13709)	33002
(7048, 1240)	33003
(33003, 2048)	33004
(9421, 1457)	33005
(68, 466)	33006
(1073, 750)	33007
(484, 535)	33008
(33008, 784)	33009
(311, 544)	33010
(4134, 280)	33011
(33011, 471)	33012
(19515, 1217)	33013
(33013, 1305)	33014
(67, 19517)	33015
(14944, 6497)	33016
(289, 2260)	33017
(33017, 267)	33018
(323, 2374)	33019
(33019, 19518)	33020
(391, 464)	33021
(33021, 7517)	33022
(1463, 477)	33023
(303, 19517)	33024
(1573, 102)	33025
(33025, 2005)	33026
(13647, 19012)	33027
(116, 301)	33028
(33028, 103)	33029
(33029, 1486)	33030
(610, 596)	33031
(1239, 279)	33032
(33032, 1335)	33033
(78, 1120)	33034
(33034, 865)	33035
(304, 9570)	33036
(104, 338)	33037
(33037, 366)	33038
(453, 1599)	33039
(1190, 8852)	33040
(11002, 8852)	33041
(7368, 381)	33042
(2209, 7369)	33043
(309, 7938)	33044
(33044, 3513)	33045
(2984, 13989)	33046
(1782, 3541)	33047
(11306, 291)	33048
(955, 601)	33049
(11172, 1667)	33050
(9572, 704)	33051
(524, 3479)	33052
(87, 8283)	33053
(560, 10335)	33054
(1815, 2646)	33055
(2861, 70)	33056
(347, 5157)	33057
(33057, 16191)	33058
(1045, 19528)	33059
(1045, 2815)	33060
(33060, 498)	33061
(1045, 325)	33062
(33062, 1828)	33063
(3301, 14744)	33064
(7548, 122)	33065
(33065, 330)	33066
(324, 1019)	33067
(33067, 260)	33068
(33068, 498)	33069
(315, 8347)	33070
(332, 2122)	33071
(33071, 110)	33072
(33072, 469)	33073
(12743, 101)	33074
(83, 9158)	33075
(2059, 7477)	33076
(2395, 2950)	33077
(33077, 274)	33078
(7726, 14162)	33079
(11365, 101)	33080
(5589, 1139)	33081
(33081, 715)	33082
(115, 2122)	33083
(33083, 4194)	33084
(360, 66)	33085
(33085, 80)	33086
(1501, 513)	33087
(33087, 3593)	33088
(915, 294)	33089
(18338, 13831)	33090
(285, 693)	33091
(387, 9547)	33092
(14165, 8118)	33093
(17518, 2604)	33094
(33094, 269)	33095
(109, 497)	33096
(256, 601)	33097
(355, 1599)	33098
(67, 2505)	33099
(14168, 1104)	33100
(7545, 100)	33101
(33101, 967)	33102
(5709, 4566)	33103
(33103, 336)	33104
(5709, 2554)	33105
(13411, 7370)	33106
(83, 68)	33107
(4138, 7759)	33108
(16576, 19041)	33109
(2745, 122)	33110
(33110, 10833)	33111
(1045, 4353)	33112
(14169, 305)	33113
(33113, 8740)	33114
(33114, 19542)	33115
(33115, 331)	33116
(33116, 467)	33117
(33117, 464)	33118
(33118, 1104)	33119
(14950, 2402)	33120
(10815, 9066)	33121
(10047, 313)	33122
(324, 86)	33123
(19547, 464)	33124
(33124, 305)	33125
(309, 16746)	33126
(4224, 469)	33127
(33127, 5337)	33128
(33128, 116)	33129
(1251, 14545)	33130
(78, 11368)	33131
(5298, 6500)	33132
(1036, 1894)	33133
(353, 104)	33134
(2273, 4087)	33135
(75, 275)	33136
(33136, 458)	33137
(19551, 8171)	33138
(13249, 3978)	33139
(11369, 5018)	33140
(83, 1301)	33141
(1792, 111)	33142
(33142, 707)	33143
(8287, 102)	33144
(33144, 833)	33145
(5896, 5018)	33146
(12333, 260)	33147
(5896, 11593)	33148
(10170, 19552)	33149
(14173, 14174)	33150
(66, 2853)	33151
(8176, 745)	33152
(72, 7371)	33153
(10529, 2444)	33154
(5528, 9069)	33155
(9790, 3751)	33156
(66, 365)	33157
(33157, 763)	33158
(33158, 3942)	33159
(70, 330)	33160
(33160, 5300)	33161
(19554, 1128)	33162
(3279, 85)	33163
(324, 6529)	33164
(33164, 565)	33165
(324, 379)	33166
(33166, 18067)	33167
(303, 105)	33168
(33168, 433)	33169
(33169, 316)	33170
(10170, 15392)	33171
(356, 105)	33172
(303, 1231)	33173
(33173, 111)	33174
(1236, 1608)	33175
(1285, 834)	33176
(33176, 407)	33177
(33177, 414)	33178
(12754, 103)	33179
(33179, 19558)	33180
(915, 11373)	33181
(6809, 16173)	33182
(33182, 117)	33183
(1196, 3486)	33184
(1179, 19197)	33185
(33185, 19558)	33186
(109, 614)	33187
(33187, 460)	33188
(634, 310)	33189
(8440, 8922)	33190
(7535, 287)	33191
(33191, 313)	33192
(315, 569)	33193
(3362, 10075)	33194
(711, 970)	33195
(278, 720)	33196
(33196, 112)	33197
(33197, 4701)	33198
(5293, 1804)	33199
(690, 3781)	33200
(315, 4475)	33201
(285, 13988)	33202
(33202, 2048)	33203
(450, 1444)	33204
(265, 286)	33205
(33205, 9461)	33206
(7205, 438)	33207
(33207, 763)	33208
(2602, 486)	33209
(18408, 266)	33210
(284, 1252)	33211
(33211, 390)	33212
(284, 592)	33213
(33213, 1186)	33214
(289, 1032)	33215
(2009, 462)	33216
(775, 15961)	33217
(2559, 2426)	33218
(3649, 3511)	33219
(5505, 363)	33220
(6809, 1710)	33221
(348, 3046)	33222
(2555, 970)	33223
(67, 9367)	33224
(1057, 1740)	33225
(33225, 346)	33226
(82, 396)	33227
(33227, 7073)	33228
(2980, 100)	33229
(33229, 1240)	33230
(360, 944)	33231
(6554, 3151)	33232
(1364, 16366)	33233
(4184, 115)	33234
(434, 11891)	33235
(33235, 3555)	33236
(82, 310)	33237
(33237, 704)	33238
(2085, 310)	33239
(2827, 9419)	33240
(19566, 436)	33241
(65, 1923)	33242
(114, 871)	33243
(3111, 317)	33244
(33244, 105)	33245
(33245, 2811)	33246
(8805, 1269)	33247
(6598, 18222)	33248
(273, 411)	33249
(33249, 383)	33250
(115, 10198)	33251
(33251, 476)	33252
(300, 2380)	33253
(33253, 627)	33254
(118, 314)	33255
(33255, 3471)	33256
(309, 13799)	33257
(33257, 264)	33258
(13837, 412)	33259
(2926, 279)	33260
(362, 411)	33261
(7548, 1923)	33262
(14173, 573)	33263
(80, 7341)	33264
(4594, 117)	33265
(4528, 6359)	33266
(4731, 294)	33267
(33267, 956)	33268
(11032, 3151)	33269
(67, 89)	33270
(33270, 18817)	33271
(1140, 4254)	33272
(387, 607)	33273
(5433, 5400)	33274
(44, 274)	33275
(5795, 5184)	33276
(11032, 5184)	33277
(8685, 100)	33278
(33278, 573)	33279
(300, 499)	33280
(591, 2797)	33281
(33281, 1805)	33282
(3241, 782)	33283
(33283, 19570)	33284
(71, 4254)	33285
(33285, 19570)	33286
(82, 7295)	33287
(33287, 115)	33288
(115, 4804)	33289
(115, 314)	33290
(33290, 2954)	33291
(33291, 564)	33292
(84, 326)	33293
(33293, 110)	33294
(33294, 1354)	33295
(15433, 115)	33296
(15866, 14179)	33297
(6710, 115)	33298
(69, 109)	33299
(33299, 19573)	33300
(6662, 10822)	33301
(962, 10582)	33302
(14180, 259)	33303
(33303, 313)	33304
(1965, 19573)	33305
(290, 9011)	33306
(360, 121)	33307
(33307, 859)	33308
(33308, 4508)	33309
(300, 4475)	33310
(33310, 291)	33311
(6211, 2199)	33312
(33312, 269)	33313
(12040, 291)	33314
(4700, 1412)	33315
(8538, 13725)	33316
(4105, 54)	33317
(2491, 1457)	33318
(5618, 464)	33319
(33319, 9225)	33320
(69, 115)	33321
(33321, 112)	33322
(33322, 589)	33323
(33323, 114)	33324
(33324, 436)	33325
(281, 896)	33326
(33326, 111)	33327
(2984, 1143)	33328
(33328, 111)	33329
(83, 14183)	33330
(18577, 464)	33331
(33331, 345)	33332
(1073, 116)	33333
(33333, 1631)	33334
(18486, 291)	33335
(517, 279)	33336
(4511, 291)	33337
(1095, 286)	33338
(33338, 313)	33339
(8223, 970)	33340
(1009, 13393)	33341
(1221, 11385)	33342
(1391, 1592)	33343
(51, 3226)	33344
(19579, 108)	33345
(33345, 766)	33346
(2909, 415)	33347
(6426, 449)	33348
(78, 9678)	33349
(6397, 105)	33350
(1196, 731)	33351
(33351, 6746)	33352
(7094, 4369)	33353
(6145, 105)	33354
(1214, 273)	33355
(349, 344)	33356
(33356, 101)	33357
(1402, 339)	33358
(532, 310)	33359
(33359, 1084)	33360
(1254, 7921)	33361
(33361, 6330)	33362
(18784, 1409)	33363
(19584, 115)	33364
(3783, 703)	33365
(277, 6740)	33366
(33366, 115)	33367
(15936, 462)	33368
(3321, 394)	33369
(5295, 5652)	33370
(362, 69)	33371
(307, 2435)	33372
(6837, 18925)	33373
(10396, 771)	33374
(33374, 7215)	33375
(72, 739)	33376
(33376, 97)	33377
(923, 1550)	33378
(33378, 336)	33379
(370, 80)	33380
(72, 2026)	33381
(33381, 402)	33382
(277, 2095)	33383
(33383, 305)	33384
(298, 2435)	33385
(6139, 115)	33386
(45, 10960)	33387
(282, 9397)	33388
(33388, 3044)	33389
(2607, 111)	33390
(33390, 13747)	33391
(284, 1351)	33392
(33392, 1409)	33393
(835, 107)	33394
(33394, 103)	33395
(503, 10420)	33396
(427, 373)	33397
(33397, 1802)	33398
(1260, 121)	33399
(33399, 14191)	33400
(362, 455)	33401
(33401, 259)	33402
(6776, 996)	33403
(6565, 2117)	33404
(18551, 799)	33405
(33405, 271)	33406
(2093, 5146)	33407
(15645, 10824)	33408
(9362, 1305)	33409
(70, 2649)	33410
(66, 10680)	33411
(11143, 316)	33412
(33412, 2539)	33413
(1620, 119)	33414
(33414, 498)	33415
(10312, 12823)	33416
(11386, 715)	33417
(2485, 499)	33418
(80, 6063)	33419
(3938, 1564)	33420
(33420, 468)	33421
(16426, 266)	33422
(1441, 537)	33423
(33423, 313)	33424
(1226, 346)	33425
(33425, 1004)	33426
(323, 6063)	33427
(18367, 481)	33428
(362, 854)	33429
(33429, 446)	33430
(33430, 1473)	33431
(8211, 115)	33432
(8805, 9007)	33433
(361, 2150)	33434
(33434, 260)	33435
(8844, 2307)	33436
(4092, 57)	33437
(1168, 2813)	33438
(2286, 8078)	33439
(362, 676)	33440
(33440, 291)	33441
(80, 5675)	33442
(10961, 1167)	33443
(3161, 17185)	33444
(356, 19170)	33445
(33445, 9783)	33446
(906, 16228)	33447
(355, 6028)	33448
(278, 10004)	33449
(13741, 478)	33450
(3702, 115)	33451
(278, 2333)	33452
(33452, 19615)	33453
(1064, 381)	33454
(3700, 55)	33455
(3550, 782)	33456
(33456, 2803)	33457
(1112, 267)	33458
(33458, 11710)	33459
(13974, 573)	33460
(360, 4923)	33461
(541, 112)	33462
(33462, 304)	33463
(4270, 407)	33464
(33464, 3671)	33465
(3463, 266)	33466
(5152, 115)	33467
(907, 12490)	33468
(342, 3881)	33469
(500, 1148)	33470
(17575, 807)	33471
(679, 118)	33472
(33472, 766)	33473
(3073, 14947)	33474
(1114, 2388)	33475
(1734, 111)	33476
(5918, 6354)	33477
(955, 11393)	33478
(454, 1151)	33479
(2827, 11395)	33480
(33480, 275)	33481
(15571, 442)	33482
(4393, 8704)	33483
(17522, 967)	33484
(16363, 15705)	33485
(16526, 2164)	33486
(8517, 452)	33487
(33487, 396)	33488
(33488, 2441)	33489
(19631, 1838)	33490
(324, 6673)	33491
(33491, 2489)	33492
(33492, 4098)	33493
(33493, 118)	33494
(33494, 2615)	33495
(711, 3632)	33496
(810, 325)	33497
(33497, 4328)	33498
(33498, 97)	33499
(2312, 1727)	33500
(18425, 11394)	33501
(355, 1716)	33502
(33502, 97)	33503
(17187, 854)	33504
(33504, 2701)	33505
(6065, 441)	33506
(33506, 3902)	33507
(290, 4212)	33508
(33508, 2701)	33509
(321, 333)	33510
(33510, 456)	33511
(6065, 1741)	33512
(33512, 121)	33513
(33513, 275)	33514
(16689, 2362)	33515
(9154, 319)	33516
(33516, 1205)	33517
(298, 669)	33518
(33518, 117)	33519
(33519, 1205)	33520
(1219, 118)	33521
(33521, 8090)	33522
(13698, 423)	33523
(4100, 1412)	33524
(14094, 381)	33525
(33525, 291)	33526
(6576, 1802)	33527
(3191, 1626)	33528
(348, 1563)	33529
(8095, 119)	33530
(33530, 12472)	33531
(6905, 103)	33532
(33532, 1084)	33533
(3725, 109)	33534
(33534, 8797)	33535
(33535, 1252)	33536
(18889, 291)	33537
(4614, 108)	33538
(33538, 615)	33539
(98, 1368)	33540
(33540, 110)	33541
(33541, 4290)	33542
(4057, 305)	33543
(33543, 486)	33544
(102, 943)	33545
(33545, 1059)	33546
(103, 280)	33547
(33547, 381)	33548
(33548, 705)	33549
(33549, 291)	33550
(19642, 19642)	33551
(289, 3480)	33552
(33552, 1943)	33553
(109, 3480)	33554
(33554, 121)	33555
(505, 103)	33556
(33556, 1222)	33557
(33557, 101)	33558
(2437, 486)	33559
(361, 17476)	33560
(33560, 275)	33561
(13578, 715)	33562
(2840, 1984)	33563
(33563, 280)	33564
(1152, 708)	33565
(19644, 967)	33566
(503, 505)	33567
(79, 2098)	33568
(33568, 122)	33569
(430, 637)	33570
(33570, 305)	33571
(33571, 715)	33572
(2834, 1451)	33573
(33573, 414)	33574
(3404, 3085)	33575
(33575, 402)	33576
(2810, 715)	33577
(34, 13337)	33578
(1437, 483)	33579
(2544, 734)	33580
(4490, 2727)	33581
(3110, 338)	33582
(33582, 292)	33583
(14763, 9293)	33584
(118, 1823)	33585
(2518, 421)	33586
(100, 16070)	33587
(33587, 1167)	33588
(2681, 1340)	33589
(4428, 16575)	33590
(33590, 4290)	33591
(337, 39)	33592
(2836, 419)	33593
(1460, 15008)	33594
(80, 279)	33595
(33595, 6024)	33596
(365, 2196)	33597
(12313, 6016)	33598
(2335, 84)	33599
(560, 896)	33600
(16703, 108)	33601
(33601, 2290)	33602
(9345, 1187)	33603
(13267, 294)	33604
(387, 13922)	33605
(41, 632)	33606
(108, 5981)	33607
(19396, 603)	33608
(13366, 3877)	33609
(33609, 65)	33610
(33610, 119)	33611
(33611, 1167)	33612
(32, 1716)	33613
(33613, 267)	33614
(7645, 471)	33615
(335, 708)	33616
(324, 1034)	33617
(33617, 262)	33618
(84, 1599)	33619
(13338, 3630)	33620
(1782, 3865)	33621
(14758, 6422)	33622
(5876, 336)	33623
(350, 12634)	33624
(33624, 10854)	33625
(2836, 854)	33626
(33626, 3521)	33627
(33627, 17520)	33628
(33628, 275)	33629
(33629, 1104)	33630
(678, 4166)	33631
(45, 11161)	33632
(108, 1599)	33633
(72, 453)	33634
(33634, 1563)	33635
(1786, 4166)	33636
(33636, 115)	33637
(13332, 115)	33638
(324, 809)	33639
(33639, 291)	33640
(5749, 397)	33641
(4350, 2896)	33642
(4153, 373)	33643
(5602, 7999)	33644
(19663, 414)	33645
(272, 10142)	33646
(941, 1499)	33647
(9531, 1499)	33648
(1413, 7165)	33649
(33649, 521)	33650
(33650, 7315)	33651
(6182, 748)	33652
(17346, 1758)	33653
(3012, 1084)	33654
(885, 7465)	33655
(3134, 376)	33656
(4601, 55)	33657
(84, 4284)	33658
(33658, 2957)	33659
(1392, 110)	33660
(33660, 5174)	33661
(109, 4254)	33662
(532, 11727)	33663
(514, 3318)	33664
(77, 4254)	33665
(34, 33)	33666
(489, 3318)	33667
(9577, 5261)	33668
(33668, 851)	33669
(15585, 3842)	33670
(33670, 2444)	33671
(65, 5030)	33672
(299, 3280)	33673
(33673, 2135)	33674
(307, 11329)	33675
(33675, 330)	33676
(2825, 122)	33677
(8890, 449)	33678
(5219, 4045)	33679
(33679, 115)	33680
(76, 1941)	33681
(33681, 268)	33682
(9578, 306)	33683
(33683, 15023)	33684
(76, 452)	33685
(33685, 3580)	33686
(2890, 305)	33687
(33687, 483)	33688
(3589, 7863)	33689
(19663, 462)	33690
(19085, 784)	33691
(10431, 2871)	33692
(711, 4391)	33693
(805, 498)	33694
(6376, 19685)	33695
(19688, 7876)	33696
(33696, 628)	33697
(1086, 486)	33698
(6893, 704)	33699
(33699, 19685)	33700
(4022, 266)	33701
(1556, 1021)	33702
(33702, 17567)	33703
(362, 15550)	33704
(19688, 11508)	33705
(33705, 105)	33706
(33706, 2406)	33707
(484, 65)	33708
(272, 18409)	33709
(33709, 706)	33710
(33710, 417)	33711
(2910, 2046)	33712
(4565, 462)	33713
(16934, 383)	33714
(3001, 19692)	33715
(1140, 2519)	33716
(32, 17052)	33717
(33717, 156)	33718
(33718, 232)	33719
(33719, 142)	33720
(33720, 158)	33721
(18188, 5237)	33722
(517, 4659)	33723
(289, 5590)	33724
(309, 392)	33725
(4605, 57)	33726
(4491, 56)	33727
(1189, 55)	33728
(298, 3259)	33729
(6581, 105)	33730
(6211, 1076)	33731
(33731, 263)	33732
(7348, 10006)	33733
(48, 3721)	33734
(15983, 336)	33735
(33735, 410)	33736
(13119, 410)	33737
(329, 61)	33738
(33738, 41)	33739
(89, 437)	33740
(5848, 5194)	33741
(33741, 645)	33742
(1639, 19332)	33743
(387, 106)	33744
(33744, 1105)	33745
(34, 2950)	33746
(988, 111)	33747
(33747, 333)	33748
(33748, 12195)	33749
(33749, 280)	33750
(10853, 115)	33751
(33751, 968)	33752
(324, 5016)	33753
(19699, 2169)	33754
(8052, 373)	33755
(1272, 72)	33756
(2209, 457)	33757
(77, 19703)	33758
(309, 19703)	33759
(45, 15092)	33760
(355, 2260)	33761
(33761, 2307)	33762
(355, 66)	33763
(45, 5360)	33764
(3798, 273)	33765
(4134, 443)	33766
(76, 117)	33767
(33767, 649)	33768
(33768, 119)	33769
(33769, 2087)	33770
(33770, 101)	33771
(90, 14225)	33772
(33772, 2304)	33773
(33773, 5249)	33774
(3870, 260)	33775
(2564, 512)	33776
(33776, 271)	33777
(33777, 498)	33778
(19705, 102)	33779
(33779, 564)	33780
(4134, 2101)	33781
(6235, 346)	33782
(884, 586)	33783
(19705, 18785)	33784
(342, 14441)	33785
(5336, 122)	33786
(5062, 13127)	33787
(290, 2052)	33788
(33788, 1252)	33789
(33789, 707)	33790
(258, 354)	33791
(65, 493)	33792
(33792, 14226)	33793
(404, 3609)	33794
(33794, 2565)	33795
(290, 69)	33796
(33796, 65)	33797
(33797, 10601)	33798
(33798, 66)	33799
(6760, 1838)	33800
(33800, 10161)	33801
(15561, 291)	33802
(300, 602)	33803
(33803, 120)	33804
(33804, 546)	33805
(10507, 2615)	33806
(33806, 313)	33807
(10309, 1751)	33808
(18518, 4081)	33809
(7031, 715)	33810
(3279, 19710)	33811
(356, 69)	33812
(33812, 19710)	33813
(4370, 110)	33814
(33814, 2902)	33815
(13388, 462)	33816
(1080, 51)	33817
(115, 7374)	33818
(1298, 9583)	33819
(2586, 692)	33820
(300, 564)	33821
(33821, 2319)	33822
(323, 609)	33823
(33823, 2546)	33824
(324, 2580)	33825
(4791, 344)	33826
(33826, 601)	33827
(3301, 7288)	33828
(33828, 1025)	33829
(33829, 5536)	33830
(258, 3660)	33831
(6126, 13804)	33832
(324, 14036)	33833
(840, 4659)	33834
(15354, 2797)	33835
(8178, 13723)	33836
(2523, 5886)	33837
(33837, 397)	33838
(350, 8416)	33839
(33839, 3327)	33840
(33840, 2008)	33841
(1868, 414)	33842
(4776, 2241)	33843
(3901, 974)	33844
(33844, 564)	33845
(323, 74)	33846
(3829, 715)	33847
(3901, 17594)	33848
(33848, 564)	33849
(8298, 114)	33850
(33850, 2039)	33851
(13177, 417)	33852
(9136, 101)	33853
(484, 5590)	33854
(1095, 2578)	33855
(33855, 316)	33856
(33856, 833)	33857
(411, 15689)	33858
(2706, 363)	33859
(33859, 968)	33860
(3892, 5080)	33861
(17074, 117)	33862
(33862, 4436)	33863
(2227, 627)	33864
(1798, 1638)	33865
(1556, 117)	33866
(33866, 3259)	33867
(2223, 101)	33868
(33868, 498)	33869
(4089, 467)	33870
(33870, 346)	33871
(7457, 8749)	33872
(8005, 446)	33873
(33873, 1150)	33874
(7691, 267)	33875
(429, 18430)	33876
(992, 15313)	33877
(2227, 2198)	33878
(391, 676)	33879
(3267, 19721)	33880
(67, 1335)	33881
(16623, 287)	33882
(33882, 19238)	33883
(355, 411)	33884
(33884, 400)	33885
(6012, 3284)	33886
(33886, 338)	33887
(14713, 688)	33888
(3719, 19721)	33889
(4565, 715)	33890
(100, 8944)	33891
(33891, 1969)	33892
(12546, 259)	33893
(14232, 1240)	33894
(46, 597)	33895
(765, 99)	33896
(33896, 1019)	33897
(33897, 292)	33898
(361, 3513)	33899
(18041, 7511)	33900
(12217, 107)	33901
(33901, 114)	33902
(33902, 486)	33903
(33903, 1817)	33904
(290, 956)	33905
(33905, 453)	33906
(33906, 4470)	33907
(3194, 334)	33908
(33908, 280)	33909
(33909, 305)	33910
(14233, 176)	33911
(19726, 174)	33912
(33912, 4010)	33913
(33913, 149)	33914
(8299, 131)	33915
(33915, 4010)	33916
(33916, 183)	33917
(19727, 163)	33918
(33918, 4010)	33919
(33919, 168)	33920
(14233, 184)	33921
(8299, 129)	33922
(33922, 4010)	33923
(33923, 176)	33924
(19727, 175)	33925
(33925, 4010)	33926
(33926, 173)	33927
(19726, 168)	33928
(14233, 151)	33929
(33929, 4010)	33930
(33930, 181)	33931
(4010, 191)	33932
(33932, 59)	33933
(324, 17624)	33934
(356, 467)	33935
(33935, 702)	33936
(15125, 97)	33937
(348, 264)	33938
(33938, 4241)	33939
(96, 271)	33940
(33940, 5174)	33941
(100, 743)	33942
(1236, 397)	33943
(5077, 851)	33944
(303, 586)	33945
(33945, 19734)	33946
(4493, 305)	33947
(2824, 111)	33948
(2104, 16034)	33949
(33949, 346)	33950
(6724, 291)	33951
(13314, 11182)	33952
(1511, 273)	33953
(33953, 1001)	33954
(33954, 825)	33955
(503, 498)	33956
(19735, 8278)	33957
(1279, 344)	33958
(33958, 436)	33959
(1646, 1351)	33960
(33960, 13954)	33961
(4520, 13954)	33962
(69, 13709)	33963
(2283, 696)	33964
(33964, 7302)	33965
(17394, 2359)	33966
(57, 1676)	33967
(66, 469)	33968
(33968, 1186)	33969
(729, 333)	33970
(33970, 4980)	33971
(100, 2530)	33972
(33972, 464)	33973
(387, 2528)	33974
(33974, 4566)	33975
(1239, 2913)	33976
(5046, 1969)	33977
(4509, 14238)	33978
(33978, 3300)	33979
(523, 1627)	33980
(284, 854)	33981
(33981, 346)	33982
(4640, 267)	33983
(2007, 466)	33984
(33984, 314)	33985
(7221, 5773)	33986
(3965, 417)	33987
(1347, 313)	33988
(258, 7100)	33989
(1392, 1627)	33990
(342, 5118)	33991
(33991, 669)	33992
(10270, 806)	33993
(2481, 5322)	33994
(19744, 115)	33995
(2790, 263)	33996
(5747, 3337)	33997
(33997, 1473)	33998
(459, 449)	33999
(817, 18514)	34000
(2332, 112)	34001
(34001, 469)	34002
(678, 16162)	34003
(347, 336)	34004
(2949, 16761)	34005
(34005, 1186)	34006
(936, 9640)	34007
(10303, 669)	34008
(747, 16605)	34009
(5110, 627)	34010
(350, 1411)	34011
(34011, 1128)	34012
(303, 12542)	34013
(1189, 53)	34014
(1064, 16442)	34015
(19747, 428)	34016
(34016, 708)	34017
(303, 76)	34018
(52, 776)	34019
(1036, 9428)	34020
(8005, 6470)	34021
(17636, 19749)	34022
(34022, 3618)	34023
(378, 110)	34024
(8829, 394)	34025
(34025, 3842)	34026
(356, 72)	34027
(4207, 195)	34028
(34028, 175)	34029
(34029, 967)	34030
(55, 1130)	34031
(10814, 280)	34032
(54, 3523)	34033
(299, 344)	34034
(34034, 283)	34035
(295, 589)	34036
(34036, 1089)	34037
(34037, 7806)	34038
(34038, 460)	34039
(34039, 101)	34040
(290, 65)	34041
(360, 741)	34042
(34042, 3821)	34043
(7705, 5821)	34044
(7846, 2169)	34045
(13476, 2165)	34046
(8458, 9561)	34047
(13349, 2247)	34048
(16164, 97)	34049
(6905, 100)	34050
(2984, 764)	34051
(34051, 269)	34052
(12919, 4933)	34053
(364, 5346)	34054
(3321, 8653)	34055
(34055, 17277)	34056
(4634, 873)	34057
(5071, 618)	34058
(34058, 346)	34059
(489, 338)	34060
(63, 274)	34061
(6641, 260)	34062
(34062, 557)	34063
(71, 7485)	34064
(34064, 5101)	34065
(9781, 5101)	34066
(45, 19754)	34067
(290, 79)	34068
(34068, 1800)	34069
(34069, 3697)	34070
(12996, 8374)	34071
(83, 19757)	34072
(290, 19757)	34073
(14242, 105)	34074
(76, 1982)	34075
(6225, 1388)	34076
(5795, 12192)	34077
(278, 10275)	34078
(11776, 416)	34079
(6114, 14243)	34080
(11681, 414)	34081
(369, 122)	34082
(34082, 98)	34083
(34083, 1399)	34084
(34084, 2744)	34085
(6671, 16147)	34086
(34086, 400)	34087
(448, 7670)	34088
(34088, 263)	34089
(4378, 330)	34090
(84, 15995)	34091
(15719, 10314)	34092
(1265, 750)	34093
(1957, 417)	34094
(484, 787)	34095
(34095, 627)	34096
(34096, 2374)	34097
(84, 4531)	34098
(69, 6714)	34099
(2986, 16785)	34100
(5130, 4356)	34101
(34101, 5576)	34102
(2706, 2421)	34103
(299, 717)	34104
(34104, 6661)	34105
(10815, 5576)	34106
(434, 78)	34107
(34107, 11695)	34108
(281, 415)	34109
(6336, 1019)	34110
(34110, 400)	34111
(355, 443)	34112
(34112, 7702)	34113
(303, 1800)	34114
(14245, 534)	34115
(34115, 200)	34116
(34116, 153)	34117
(34117, 1776)	34118
(34, 82)	34119
(34119, 2839)	34120
(34, 18668)	34121
(671, 111)	34122
(404, 2531)	34123
(3172, 1473)	34124
(625, 19782)	34125
(270, 4319)	34126
(3564, 1677)	34127
(34127, 100)	34128
(34128, 365)	34129
(315, 358)	34130
(34130, 1361)	34131
(2283, 291)	34132
(11994, 346)	34133
(4024, 267)	34134
(1251, 280)	34135
(13726, 121)	34136
(490, 3876)	34137
(34137, 4945)	34138
(34138, 802)	34139
(2080, 3753)	34140
(285, 6237)	34141
(285, 5356)	34142
(321, 437)	34143
(34143, 109)	34144
(936, 863)	34145
(8300, 259)	34146
(5606, 692)	34147
(429, 10420)	34148
(348, 488)	34149
(34149, 97)	34150
(1588, 341)	34151
(3061, 5463)	34152
(2748, 291)	34153
(6999, 17020)	34154
(5043, 5211)	34155
(4207, 1183)	34156
(299, 4921)	34157
(1290, 111)	34158
(2518, 3329)	34159
(6927, 313)	34160
(4565, 414)	34161
(11256, 1461)	34162
(10811, 280)	34163
(1788, 259)	34164
(360, 14941)	34165
(34165, 1108)	34166
(347, 301)	34167
(34167, 121)	34168
(3874, 15223)	34169
(34169, 116)	34170
(4726, 18035)	34171
(434, 2500)	34172
(3933, 1878)	34173
(77, 1006)	34174
(34174, 510)	34175
(370, 534)	34176
(34176, 1849)	34177
(545, 1384)	34178
(34178, 358)	34179
(19801, 2447)	34180
(332, 589)	34181
(34181, 1967)	34182
(34182, 2546)	34183
(6291, 13899)	34184
(6695, 628)	34185
(289, 4151)	34186
(70, 2446)	34187
(7406, 283)	34188
(34188, 5347)	34189
(2974, 534)	34190
(10503, 313)	34191
(2544, 358)	34192
(15268, 1749)	34193
(34193, 121)	34194
(9364, 2153)	34195
(1735, 5777)	34196
(34196, 478)	34197
(15517, 110)	34198
(34198, 286)	34199
(721, 1985)	34200
(298, 7040)	34201
(19811, 101)	34202
(34202, 1399)	34203
(34203, 2941)	34204
(342, 630)	34205
(34205, 3553)	34206
(19811, 3835)	34207
(15789, 269)	34208
(543, 12863)	34209
(1517, 17005)	34210
(1369, 331)	34211
(34211, 627)	34212
(2501, 650)	34213
(19813, 115)	34214
(4992, 11356)	34215
(2722, 14513)	34216
(1737, 5211)	34217
(34217, 11871)	34218
(5310, 802)	34219
(9907, 453)	34220
(34220, 3821)	34221
(73, 100)	34222
(34222, 314)	34223
(5272, 402)	34224
(355, 996)	34225
(10618, 97)	34226
(2988, 589)	34227
(34227, 1817)	34228
(13599, 9083)	34229
(1673, 19826)	34230
(6441, 19826)	34231
(17763, 4241)	34232
(7177, 115)	34233
(2459, 14259)	34234
(34234, 3467)	34235
(34235, 97)	34236
(5831, 105)	34237
(362, 12020)	34238
(387, 14525)	34239
(34239, 11344)	34240
(290, 366)	34241
(34241, 107)	34242
(812, 2333)	34243
(34243, 748)	34244
(34244, 101)	34245
(9248, 339)	34246
(370, 1207)	34247
(34247, 107)	34248
(34248, 16601)	34249
(12364, 79)	34250
(6432, 452)	34251
(87, 14171)	34252
(15506, 283)	34253
(34253, 341)	34254
(34254, 116)	34255
(323, 16754)	34256
(370, 12224)	34257
(34257, 4668)	34258
(361, 283)	34259
(34259, 441)	34260
(484, 279)	34261
(34261, 12809)	34262
(4594, 1411)	34263
(34263, 18648)	34264
(34264, 455)	34265
(17226, 107)	34266
(34266, 19204)	34267
(12994, 471)	34268
(7265, 11417)	34269
(2907, 333)	34270
(323, 692)	34271
(34271, 411)	34272
(34272, 3662)	34273
(5106, 111)	34274
(360, 19552)	34275
(356, 14264)	34276
(16384, 471)	34277
(350, 741)	34278
(34278, 441)	34279
(1149, 7649)	34280
(6956, 449)	34281
(3206, 118)	34282
(34282, 588)	34283
(19747, 334)	34284
(12035, 373)	34285
(2517, 7873)	34286
(34286, 442)	34287
(19400, 1151)	34288
(77, 12305)	34289
(299, 4607)	34290
(719, 101)	34291
(34291, 703)	34292
(8519, 1715)	34293
(2910, 109)	34294
(34294, 1879)	34295
(835, 3347)	34296
(8135, 84)	34297
(9058, 112)	34298
(34298, 330)	34299
(2562, 9181)	34300
(307, 656)	34301
(34301, 291)	34302
(10803, 2189)	34303
(75, 9590)	34304
(9574, 10884)	34305
(75, 15415)	34306
(6576, 294)	34307
(10995, 286)	34308
(34308, 294)	34309
(1251, 495)	34310
(1251, 13425)	34311
(19492, 447)	34312
(5530, 266)	34313
(532, 2215)	34314
(350, 3072)	34315
(955, 11253)	34316
(8177, 887)	34317
(434, 1354)	34318
(34318, 105)	34319
(434, 9475)	34320
(2934, 1817)	34321
(984, 546)	34322
(34322, 5904)	34323
(34323, 104)	34324
(34324, 1528)	34325
(356, 396)	34326
(34326, 1157)	34327
(34327, 111)	34328
(362, 6050)	34329
(1419, 1968)	34330
(290, 1198)	34331
(34331, 2716)	34332
(34332, 11054)	34333
(2329, 259)	34334
(34334, 381)	34335
(1556, 3881)	34336
(12211, 628)	34337
(98, 505)	34338
(532, 291)	34339
(69, 14262)	34340
(19848, 6331)	34341
(65, 2079)	34342
(34342, 2534)	34343
(34343, 115)	34344
(370, 86)	34345
(34345, 2171)	34346
(5546, 829)	34347
(671, 13923)	34348
(17963, 9994)	34349
(34349, 407)	34350
(3965, 1944)	34351
(34351, 457)	34352
(324, 6745)	34353
(295, 413)	34354
(34354, 114)	34355
(34355, 259)	34356
(85, 9459)	34357
(349, 766)	34358
(6688, 83)	34359
(4841, 11425)	34360
(8135, 83)	34361
(303, 788)	34362
(5607, 8371)	34363
(78, 87)	34364
(34364, 84)	34365
(3418, 115)	34366
(342, 267)	34367
(8654, 3328)	34368
(18443, 115)	34369
(940, 316)	34370
(34370, 841)	34371
(19851, 83)	34372
(34372, 73)	34373
(1883, 67)	34374
(83, 6859)	34375
(2288, 10515)	34376
(7653, 658)	34377
(34377, 4031)	34378
(84, 5356)	34379
(7380, 397)	34380
(356, 3513)	34381
(5110, 7318)	34382
(4892, 14275)	34383
(34383, 397)	34384
(1446, 18862)	34385
(34385, 12763)	34386
(1701, 1985)	34387
(655, 326)	34388
(34388, 495)	34389
(83, 699)	34390
(34390, 338)	34391
(12254, 766)	34392
(2904, 257)	34393
(307, 2957)	34394
(34394, 333)	34395
(7853, 102)	34396
(34396, 1012)	34397
(1881, 279)	34398
(19547, 71)	34399
(34399, 264)	34400
(1664, 149)	34401
(2266, 468)	34402
(34402, 263)	34403
(348, 379)	34404
(34404, 670)	34405
(1254, 10806)	34406
(72, 267)	34407
(34407, 1461)	34408
(8434, 14225)	34409
(34409, 474)	34410
(9119, 2924)	34411
(1045, 264)	34412
(34412, 9593)	34413
(4493, 669)	34414
(34414, 2307)	34415
(86, 11429)	34416
(71, 497)	34417
(34417, 396)	34418
(7974, 441)	34419
(8982, 18326)	34420
(34420, 6895)	34421
(2854, 112)	34422
(34422, 3662)	34423
(80, 14280)	34424
(1786, 15578)	34425
(7277, 2895)	34426
(6518, 752)	34427
(70, 5783)	34428
(1646, 338)	34429
(16457, 19450)	34430
(14236, 773)	34431
(12522, 435)	34432
(71, 1089)	34433
(34433, 477)	34434
(11855, 558)	34435
(5384, 13989)	34436
(362, 3303)	34437
(5071, 2903)	34438
(2959, 310)	34439
(3935, 1806)	34440
(34440, 1412)	34441
(16089, 1084)	34442
(19886, 534)	34443
(34443, 103)	34444
(34444, 428)	34445
(404, 394)	34446
(6116, 14282)	34447
(34447, 115)	34448
(3116, 259)	34449
(6012, 9959)	34450
(3241, 1061)	34451
(34451, 97)	34452
(1782, 1473)	34453
(80, 18799)	34454
(7256, 8146)	34455
(6116, 10824)	34456
(1820, 887)	34457
(302, 968)	34458
(34458, 109)	34459
(34459, 286)	34460
(1008, 6476)	34461
(83, 3663)	34462
(34462, 397)	34463
(75, 108)	34464
(34464, 1287)	34465
(80, 441)	34466
(34466, 2701)	34467
(5528, 2444)	34468
(290, 4688)	34469
(1596, 13824)	34470
(2109, 101)	34471
(303, 1001)	34472
(34472, 887)	34473
(1112, 304)	34474
(34474, 542)	34475
(13200, 689)	34476
(5993, 346)	34477
(14279, 3630)	34478
(355, 470)	34479
(34479, 2135)	34480
(324, 9594)	34481
(332, 10476)	34482
(272, 5016)	34483
(393, 706)	34484
(1701, 10632)	34485
(34485, 506)	34486
(2945, 436)	34487
(4975, 13994)	34488
(1293, 10648)	34489
(34489, 1910)	34490
(14286, 1340)	34491
(1030, 97)	34492
(2271, 262)	34493
(6297, 110)	34494
(6814, 1108)	34495
(591, 6821)	34496
(11257, 3142)	34497
(6432, 75)	34498
(34498, 4038)	34499
(7853, 1183)	34500
(360, 319)	34501
(34501, 273)	34502
(955, 1669)	34503
(289, 3454)	34504
(34504, 396)	34505
(8052, 279)	34506
(2223, 1126)	34507
(34507, 262)	34508
(3729, 12951)	34509
(34509, 103)	34510
(637, 334)	34511
(15642, 5972)	34512
(2433, 6326)	34513
(7700, 471)	34514
(4154, 116)	34515
(988, 2598)	34516
(34516, 829)	34517
(1064, 14289)	34518
(1625, 15379)	34519
(303, 359)	34520
(34520, 260)	34521
(821, 394)	34522
(34522, 6492)	34523
(45, 8941)	34524
(34524, 105)	34525
(32, 835)	34526
(5272, 462)	34527
(311, 14290)	34528
(1646, 2895)	34529
(591, 310)	34530
(16247, 854)	34531
(34531, 10466)	34532
(17180, 7676)	34533
(307, 1006)	34534
(3301, 304)	34535
(34535, 956)	34536
(80, 17609)	34537
(10270, 5885)	34538
(34538, 12859)	34539
(76, 10166)	34540
(14293, 7993)	34541
(11497, 6853)	34542
(16541, 372)	34543
(960, 260)	34544
(1265, 14211)	34545
(3732, 644)	34546
(19910, 1927)	34547
(281, 1110)	34548
(34548, 645)	34549
(5786, 558)	34550
(34550, 98)	34551
(34551, 11616)	34552
(4639, 1804)	34553
(71, 6149)	34554
(12347, 3351)	34555
(11172, 565)	34556
(348, 3998)	34557
(353, 445)	34558
(34558, 268)	34559
(34559, 373)	34560
(10807, 1531)	34561
(2523, 271)	34562
(34562, 865)	34563
(625, 5456)	34564
(484, 260)	34565
(34565, 18204)	34566
(1114, 101)	34567
(34567, 689)	34568
(34568, 1531)	34569
(11683, 400)	34570
(1885, 19615)	34571
(6067, 17129)	34572
(34572, 4652)	34573
(34573, 313)	34574
(342, 120)	34575
(86, 317)	34576
(34576, 466)	34577
(34577, 327)	34578
(34578, 2172)	34579
(34579, 263)	34580
(10309, 1084)	34581
(1362, 12636)	34582
(34582, 105)	34583
(34583, 310)	34584
(34584, 351)	34585
(34585, 313)	34586
(10780, 376)	34587
(34587, 2881)	34588
(3107, 703)	34589
(300, 1161)	34590
(34590, 5599)	34591
(5843, 115)	34592
(4708, 823)	34593
(3404, 2039)	34594
(15202, 264)	34595
(14960, 291)	34596
(4693, 488)	34597
(34597, 4597)	34598
(2381, 18945)	34599
(256, 1538)	34600
(34600, 692)	34601
(10835, 1967)	34602
(34602, 645)	34603
(2060, 788)	34604
(34604, 15850)	34605
(10613, 2894)	34606
(361, 415)	34607
(34607, 325)	34608
(490, 351)	34609
(34609, 10402)	34610
(34610, 865)	34611
(9422, 901)	34612
(19922, 339)	34613
(2229, 103)	34614
(34614, 1488)	34615
(3095, 5491)	34616
(1295, 3179)	34617
(34617, 316)	34618
(5942, 865)	34619
(12382, 366)	34620
(6375, 402)	34621
(9881, 331)	34622
(34622, 3195)	34623
(112, 1537)	34624
(355, 12662)	34625
(489, 10381)	34626
(450, 480)	34627
(34627, 14790)	34628
(4693, 9545)	34629
(34629, 414)	34630
(12640, 990)	34631
(377, 98)	34632
(34632, 1672)	34633
(7561, 2120)	34634
(19927, 1842)	34635
(2417, 2868)	34636
(10666, 10783)	34637
(87, 275)	34638
(1851, 1574)	34639
(34639, 286)	34640
(355, 3808)	34641
(34641, 7488)	34642
(8128, 7649)	34643
(44, 542)	34644
(34644, 1667)	34645
(9002, 120)	34646
(2967, 116)	34647
(295, 82)	34648
(34648, 77)	34649
(4996, 1412)	34650
(47, 82)	34651
(7344, 304)	34652
(19935, 1220)	34653
(1066, 601)	34654
(1253, 10225)	34655
(1948, 1323)	34656
(5382, 414)	34657
(1809, 5360)	34658
(45, 8778)	34659
(835, 3201)	34660
(2952, 294)	34661
(34661, 5118)	34662
(4912, 1563)	34663
(1275, 279)	34664
(34664, 990)	34665
(4708, 628)	34666
(76, 414)	34667
(1573, 2427)	34668
(349, 2542)	34669
(3307, 4343)	34670
(3863, 5885)	34671
(34671, 5706)	34672
(625, 10515)	34673
(18023, 3972)	34674
(11245, 1888)	34675
(34675, 271)	34676
(4614, 10771)	34677
(795, 11434)	34678
(6375, 970)	34679
(434, 2782)	34680
(911, 866)	34681
(10736, 1538)	34682
(34682, 266)	34683
(1239, 1421)	34684
(33, 1745)	34685
(711, 4377)	34686
(34686, 291)	34687
(3400, 1033)	34688
(34688, 4369)	34689
(6219, 294)	34690
(34690, 3726)	34691
(299, 2392)	34692
(99, 10351)	34693
(11015, 588)	34694
(39, 67)	34695
(34695, 101)	34696
(34696, 713)	34697
(34697, 595)	34698
(34698, 983)	34699
(5955, 264)	34700
(34700, 292)	34701
(34701, 802)	34702
(3660, 330)	34703
(34703, 1059)	34704
(1673, 257)	34705
(3191, 586)	34706
(34706, 305)	34707
(9372, 1259)	34708
(3123, 286)	34709
(34709, 292)	34710
(4143, 802)	34711
(634, 9007)	34712
(8827, 449)	34713
(5487, 3677)	34714
(6998, 1259)	34715
(34715, 115)	34716
(1184, 268)	34717
(5811, 2338)	34718
(34718, 423)	34719
(106, 3284)	34720
(19801, 3294)	34721
(13336, 462)	34722
(3186, 326)	34723
(34723, 280)	34724
(45, 4170)	34725
(34725, 280)	34726
(3123, 17955)	34727
(1893, 4582)	34728
(115, 313)	34729
(34729, 13766)	34730
(729, 4833)	34731
(17058, 659)	34732
(704, 112)	34733
(12390, 14030)	34734
(19515, 112)	34735
(34735, 502)	34736
(6839, 339)	34737
(1685, 11944)	34738
(2602, 2084)	34739
(2869, 271)	34740
(34740, 3727)	34741
(34741, 105)	34742
(256, 2211)	34743
(34743, 111)	34744
(34744, 3249)	34745
(7839, 1461)	34746
(7949, 291)	34747
(7878, 17956)	34748
(1088, 291)	34749
(19189, 402)	34750
(4415, 291)	34751
(305, 8023)	34752
(3463, 271)	34753
(34753, 630)	34754
(34754, 2905)	34755
(34755, 19692)	34756
(10973, 339)	34757
(7613, 6713)	34758
(70, 1034)	34759
(34759, 268)	34760
(360, 1001)	34761
(34761, 291)	34762
(34762, 268)	34763
(3295, 259)	34764
(34764, 507)	34765
(10875, 345)	34766
(2310, 291)	34767
(1651, 264)	34768
(34768, 731)	34769
(307, 12117)	34770
(34770, 2307)	34771
(3629, 1715)	34772
(795, 13526)	34773
(34773, 1835)	34774
(1090, 3306)	34775
(2174, 118)	34776
(34776, 345)	34777
(775, 3162)	34778
(1924, 4576)	34779
(1975, 16233)	34780
(34780, 19955)	34781
(34781, 374)	34782
(34782, 383)	34783
(8222, 471)	34784
(13528, 351)	34785
(34785, 462)	34786
(12580, 1305)	34787
(15278, 346)	34788
(8222, 345)	34789
(57, 1133)	34790
(32, 597)	34791
(941, 259)	34792
(34792, 9675)	34793
(290, 1810)	34794
(45, 18553)	34795
(34795, 415)	34796
(34796, 435)	34797
(52, 1133)	34798
(1179, 269)	34799
(83, 10322)	34800
(34800, 19955)	34801
(34801, 6016)	34802
(3238, 6404)	34803
(15267, 1626)	34804
(19047, 3247)	34805
(6017, 10090)	34806
(1988, 4582)	34807
(41, 8741)	34808
(34808, 39)	34809
(357, 313)	34810
(34810, 268)	34811
(15448, 259)	34812
(7852, 115)	34813
(1140, 351)	34814
(459, 351)	34815
(45, 1569)	34816
(16755, 763)	34817
(34, 13762)	34818
(282, 1477)	34819
(34819, 109)	34820
(384, 260)	34821
(34821, 401)	34822
(34822, 527)	34823
(34823, 267)	34824
(6112, 1075)	34825
(724, 4606)	34826
(18293, 1061)	34827
(34827, 825)	34828
(19895, 97)	34829
(14306, 266)	34830
(2986, 3553)	34831
(2180, 104)	34832
(34832, 392)	34833
(1260, 421)	34834
(34834, 417)	34835
(14173, 1354)	34836
(18838, 373)	34837
(6054, 354)	34838
(9798, 345)	34839
(3271, 6300)	34840
(332, 887)	34841
(34841, 401)	34842
(34842, 2406)	34843
(17009, 287)	34844
(14511, 1543)	34845
(3381, 70)	34846
(2044, 373)	34847
(2328, 3869)	34848
(16631, 271)	34849
(10294, 70)	34850
(1298, 2811)	34851
(1988, 2011)	34852
(342, 615)	34853
(34853, 530)	34854
(34854, 478)	34855
(10397, 2123)	34856
(500, 447)	34857
(34857, 4012)	34858
(5059, 505)	34859
(8012, 8129)	34860
(75, 9602)	34861
(484, 498)	34862
(34862, 121)	34863
(34863, 428)	34864
(434, 17338)	34865
(805, 873)	34866
(9395, 269)	34867
(324, 12220)	34868
(6540, 1817)	34869
(16898, 70)	34870
(34870, 71)	34871
(580, 18462)	34872
(9525, 9583)	34873
(7167, 967)	34874
(1362, 14309)	34875
(2137, 326)	34876
(34876, 7486)	34877
(19972, 268)	34878
(2137, 8307)	34879
(53, 4409)	34880
(3121, 763)	34881
(356, 1067)	34882
(34882, 16459)	34883
(34883, 686)	34884
(34884, 1012)	34885
(34885, 19974)	34886
(19972, 1471)	34887
(34887, 104)	34888
(34888, 19974)	34889
(4316, 351)	34890
(34890, 5972)	34891
(4011, 1543)	34892
(9336, 291)	34893
(1462, 1473)	34894
(290, 14310)	34895
(838, 14036)	34896
(13333, 319)	34897
(34897, 345)	34898
(2586, 310)	34899
(34899, 267)	34900
(34900, 645)	34901
(17828, 2039)	34902
(9760, 9515)	34903
(9992, 1574)	34904
(34904, 400)	34905
(362, 695)	34906
(34906, 105)	34907
(5651, 416)	34908
(9358, 118)	34909
(34909, 602)	34910
(2283, 108)	34911
(34911, 313)	34912
(34912, 1393)	34913
(34913, 105)	34914
(324, 1240)	34915
(34915, 1672)	34916
(6414, 14312)	34917
(1443, 3767)	34918
(1015, 3066)	34919
(1333, 400)	34920
(323, 6025)	34921
(66, 9606)	34922
(1442, 6770)	34923
(15545, 291)	34924
(2205, 330)	34925
(2271, 510)	34926
(34926, 1672)	34927
(4888, 154)	34928
(34928, 13982)	34929
(34929, 13983)	34930
(34930, 7184)	34931
(34931, 14019)	34932
(4888, 186)	34933
(34933, 16319)	34934
(34934, 132)	34935
(34935, 7935)	34936
(34936, 16320)	34937
(34937, 19988)	34938
(34938, 4164)	34939
(34939, 209)	34940
(34940, 134)	34941
(34941, 12718)	34942
(34942, 208)	34943
(34943, 185)	34944
(6657, 115)	34945
(70, 483)	34946
(290, 2860)	34947
(34947, 105)	34948
(72, 374)	34949
(34949, 1167)	34950
(84, 352)	34951
(34951, 271)	34952
(34952, 458)	34953
(83, 310)	34954
(34954, 3877)	34955
(67, 19442)	34956
(3732, 930)	34957
(34957, 291)	34958
(3214, 115)	34959
(87, 279)	34960
(364, 266)	34961
(34961, 1554)	34962
(67, 394)	34963
(34963, 1982)	34964
(323, 65)	34965
(2908, 692)	34966
(34966, 6300)	34967
(34967, 1262)	34968
(355, 4033)	34969
(34969, 7806)	34970
(34970, 5902)	34971
(1803, 86)	34972
(34972, 73)	34973
(19146, 14315)	34974
(87, 18467)	34975
(1008, 2169)	34976
(2143, 9915)	34977
(2083, 4833)	34978
(8967, 478)	34979
(489, 374)	34980
(34980, 720)	34981
(47, 339)	34982
(34982, 99)	34983
(34983, 365)	34984
(320, 1591)	34985
(34985, 262)	34986
(19992, 9524)	34987
(34987, 11273)	34988
(34988, 180)	34989
(34989, 12718)	34990
(34990, 12716)	34991
(19992, 19100)	34992
(34992, 9524)	34993
(45, 208)	34994
(34994, 159)	34995
(34995, 7935)	34996
(34996, 9524)	34997
(34997, 19988)	34998
(34998, 13983)	34999
(34999, 13982)	35000
(35000, 14314)	35001
(35001, 208)	35002
(35002, 179)	35003
(434, 4263)	35004
(35004, 9031)	35005
(4017, 56)	35006
(65, 750)	35007
(295, 750)	35008
(1302, 5161)	35009
(1846, 1871)	35010
(35010, 1937)	35011
(35011, 269)	35012
(362, 4402)	35013
(70, 709)	35014
(16854, 286)	35015
(9013, 8047)	35016
(35016, 313)	35017
(35017, 2004)	35018
(35018, 374)	35019
(11441, 115)	35020
(35020, 1409)	35021
(434, 83)	35022
(35022, 19997)	35023
(66, 376)	35024
(35024, 97)	35025
(19998, 259)	35026
(8109, 108)	35027
(35027, 1262)	35028
(35028, 14319)	35029
(35029, 259)	35030
(348, 351)	35031
(35031, 294)	35032
(35032, 854)	35033
(35033, 1411)	35034
(35034, 9210)	35035
(307, 1411)	35036
(35036, 17726)	35037
(35037, 102)	35038
(35038, 14733)	35039
(35039, 14319)	35040
(35040, 271)	35041
(434, 82)	35042
(11441, 65)	35043
(348, 72)	35044
(484, 3990)	35045
(35045, 291)	35046
(35046, 330)	35047
(6857, 1658)	35048
(35048, 7241)	35049
(11441, 3773)	35050
(434, 65)	35051
(80, 708)	35052
(35052, 11442)	35053
(5110, 1245)	35054
(7514, 6691)	35055
(10170, 314)	35056
(35056, 10635)	35057
(7221, 314)	35058
(35058, 1205)	35059
(348, 615)	35060
(35060, 97)	35061
(324, 443)	35062
(35062, 4804)	35063
(10305, 615)	35064
(35064, 268)	35065
(360, 2396)	35066
(1114, 411)	35067
(35067, 3085)	35068
(8049, 6421)	35069
(47, 9258)	35070
(35070, 2871)	35071
(7401, 4406)	35072
(76, 787)	35073
(35073, 3662)	35074
(6332, 10685)	35075
(4839, 14282)	35076
(1369, 901)	35077
(35077, 996)	35078
(109, 352)	35079
(35079, 417)	35080
(83, 493)	35081
(35081, 316)	35082
(35082, 1001)	35083
(362, 15306)	35084
(7284, 90)	35085
(35085, 77)	35086
(18189, 79)	35087
(1218, 83)	35088
(35088, 79)	35089
(355, 2782)	35090
(347, 80)	35091
(355, 2004)	35092
(35092, 18124)	35093
(77, 326)	35094
(35094, 287)	35095
(360, 266)	35096
(35096, 4872)	35097
(299, 1941)	35098
(35098, 659)	35099
(35099, 97)	35100
(4493, 1301)	35101
(1030, 896)	35102
(35102, 2402)	35103
(2605, 458)	35104
(35104, 670)	35105
(7534, 2453)	35106
(355, 415)	35107
(35107, 108)	35108
(35108, 286)	35109
(35109, 462)	35110
(18780, 3249)	35111
(3634, 8047)	35112
(35112, 1923)	35113
(35113, 568)	35114
(3789, 14319)	35115
(35115, 16779)	35116
(35116, 114)	35117
(369, 67)	35118
(35118, 10601)	35119
(70, 515)	35120
(19886, 10069)	35121
(1401, 97)	35122
(5021, 111)	35123
(7158, 1672)	35124
(5833, 6849)	35125
(473, 118)	35126
(35126, 9435)	35127
(35127, 1537)	35128
(35128, 97)	35129
(74, 14329)	35130
(315, 7122)	35131
(35131, 267)	35132
(7382, 106)	35133
(35133, 14659)	35134
(11441, 195)	35135
(35135, 190)	35136
(35136, 114)	35137
(35137, 8031)	35138
(35138, 453)	35139
(35139, 374)	35140
(35140, 280)	35141
(35141, 452)	35142
(5015, 504)	35143
(35143, 468)	35144
(2318, 158)	35145
(35145, 9493)	35146
(5015, 534)	35147
(35147, 11572)	35148
(1016, 101)	35149
(19997, 65)	35150
(612, 119)	35151
(35151, 1473)	35152
(7344, 365)	35153
(4089, 1895)	35154
(4389, 4954)	35155
(35155, 286)	35156
(48, 2892)	35157
(13850, 14332)	35158
(7256, 4921)	35159
(355, 2346)	35160
(35160, 105)	35161
(35161, 4175)	35162
(16861, 13170)	35163
(35163, 83)	35164
(450, 481)	35165
(35165, 6421)	35166
(83, 291)	35167
(35167, 259)	35168
(4580, 268)	35169
(571, 8920)	35170
(311, 2556)	35171
(5814, 266)	35172
(35172, 507)	35173
(7558, 13805)	35174
(10456, 13805)	35175
(1198, 6326)	35176
(364, 3739)	35177
(6980, 423)	35178
(986, 833)	35179
(18793, 441)	35180
(362, 8889)	35181
(1556, 3284)	35182
(35182, 6147)	35183
(362, 262)	35184
(35184, 260)	35185
(35185, 629)	35186
(364, 7938)	35187
(35187, 339)	35188
(19488, 806)	35189
(1788, 111)	35190
(4705, 510)	35191
(35191, 345)	35192
(14334, 306)	35193
(9834, 280)	35194
(10826, 376)	35195
(10352, 14335)	35196
(8477, 13516)	35197
(300, 6404)	35198
(35198, 102)	35199
(489, 763)	35200
(57, 582)	35201
(429, 705)	35202
(11973, 600)	35203
(35203, 346)	35204
(18561, 467)	35205
(35205, 1117)	35206
(35206, 5538)	35207
(355, 4667)	35208
(7219, 2123)	35209
(83, 273)	35210
(35210, 20037)	35211
(6753, 20037)	35212
(18901, 1541)	35213
(332, 1207)	35214
(35214, 116)	35215
(1658, 1108)	35216
(1724, 5778)	35217
(7514, 313)	35218
(73, 1076)	35219
(35219, 1541)	35220
(7925, 7829)	35221
(13819, 8532)	35222
(426, 10267)	35223
(2793, 5131)	35224
(2793, 969)	35225
(270, 19001)	35226
(8961, 325)	35227
(35227, 1541)	35228
(792, 1041)	35229
(282, 901)	35230
(35230, 110)	35231
(35231, 275)	35232
(8651, 5353)	35233
(778, 3825)	35234
(838, 18004)	35235
(35235, 807)	35236
(293, 488)	35237
(35237, 1898)	35238
(44, 69)	35239
(44, 79)	35240
(1485, 262)	35241
(1557, 358)	35242
(35242, 1081)	35243
(875, 1553)	35244
(420, 1804)	35245
(3897, 799)	35246
(35246, 269)	35247
(20043, 40)	35248
(41, 110)	35249
(5786, 1783)	35250
(8961, 11906)	35251
(4731, 1361)	35252
(35252, 399)	35253
(17477, 807)	35254
(84, 1575)	35255
(270, 785)	35256
(13228, 2084)	35257
(315, 12201)	35258
(15686, 268)	35259
(277, 896)	35260
(35260, 268)	35261
(3011, 413)	35262
(265, 887)	35263
(347, 9066)	35264
(712, 268)	35265
(45, 394)	35266
(35266, 103)	35267
(35267, 457)	35268
(45, 686)	35269
(35269, 4852)	35270
(35270, 457)	35271
(14342, 1105)	35272
(9457, 119)	35273
(8468, 19412)	35274
(1734, 268)	35275
(315, 4667)	35276
(35276, 336)	35277
(289, 97)	35278
(35278, 3739)	35279
(35279, 105)	35280
(35280, 325)	35281
(19071, 1776)	35282
(35282, 325)	35283
(300, 279)	35284
(265, 798)	35285
(429, 310)	35286
(35286, 116)	35287
(265, 121)	35288
(35288, 544)	35289
(35289, 259)	35290
(290, 614)	35291
(35291, 14343)	35292
(3324, 110)	35293
(35293, 14343)	35294
(14342, 1376)	35295
(429, 1087)	35296
(332, 1310)	35297
(270, 260)	35298
(32, 117)	35299
(35299, 313)	35300
(1809, 14343)	35301
(361, 6251)	35302
(35302, 268)	35303
(272, 12201)	35304
(35304, 372)	35305
(514, 110)	35306
(320, 9050)	35307
(14342, 3197)	35308
(6216, 9419)	35309
(13749, 366)	35310
(35310, 1942)	35311
(4969, 6309)	35312
(2301, 121)	35313
(3922, 4825)	35314
(3348, 4825)	35315
(1809, 1942)	35316
(5532, 7516)	35317
(311, 5482)	35318
(4138, 1354)	35319
(1530, 260)	35320
(1352, 97)	35321
(315, 316)	35322
(35322, 417)	35323
(11884, 111)	35324
(309, 16527)	35325
(484, 19542)	35326
(35326, 263)	35327
(350, 601)	35328
(35328, 13128)	35329
(35329, 101)	35330
(14147, 267)	35331
(1265, 3902)	35332
(35332, 2924)	35333
(11962, 13128)	35334
(35334, 8092)	35335
(350, 11813)	35336
(6357, 10259)	35337
(347, 358)	35338
(35338, 504)	35339
(35339, 106)	35340
(35340, 1849)	35341
(409, 269)	35342
(2407, 287)	35343
(35343, 525)	35344
(1260, 338)	35345
(35345, 2868)	35346
(289, 521)	35347
(35347, 379)	35348
(4346, 4551)	35349
(560, 7488)	35350
(8044, 573)	35351
(3056, 1220)	35352
(500, 119)	35353
(35353, 100)	35354
(655, 1592)	35355
(290, 613)	35356
(14116, 419)	35357
(2223, 4262)	35358
(5833, 287)	35359
(35359, 310)	35360
(3837, 1758)	35361
(4949, 9522)	35362
(4949, 9489)	35363
(4949, 100)	35364
(35364, 1712)	35365
(35365, 3842)	35366
(9168, 7294)	35367
(299, 3072)	35368
(35368, 536)	35369
(420, 452)	35370
(35370, 12880)	35371
(35371, 6500)	35372
(1896, 15879)	35373
(4956, 3083)	35374
(3156, 268)	35375
(4839, 5003)	35376
(434, 279)	35377
(13937, 267)	35378
(15791, 6928)	35379
(6218, 3187)	35380
(4023, 2198)	35381
(18256, 1853)	35382
(277, 7230)	35383
(270, 112)	35384
(35384, 602)	35385
(35385, 325)	35386
(15189, 1838)	35387
(3194, 13009)	35388
(4599, 6052)	35389
(5934, 18263)	35390
(3346, 115)	35391
(489, 14115)	35392
(2107, 4627)	35393
(6921, 291)	35394
(46, 18640)	35395
(35395, 8926)	35396
(47, 9440)	35397
(35397, 7516)	35398
(1798, 1131)	35399
(9440, 2435)	35400
(35400, 273)	35401
(35401, 1131)	35402
(315, 12458)	35403
(35403, 2063)	35404
(448, 965)	35405
(35405, 6429)	35406
(35406, 414)	35407
(7949, 4689)	35408
(1935, 542)	35409
(35409, 317)	35410
(35410, 2402)	35411
(7643, 2402)	35412
(303, 14345)	35413
(355, 12234)	35414
(5548, 2222)	35415
(20068, 107)	35416
(2952, 806)	35417
(35417, 14131)	35418
(20068, 9994)	35419
(35419, 108)	35420
(35420, 1678)	35421
(35421, 305)	35422
(35422, 3141)	35423
(591, 5820)	35424
(35424, 122)	35425
(35425, 3467)	35426
(35426, 11448)	35427
(1468, 109)	35428
(35428, 263)	35429
(35429, 557)	35430
(362, 680)	35431
(35431, 5516)	35432
(1016, 269)	35433
(2575, 5200)	35434
(9658, 264)	35435
(70, 6006)	35436
(2436, 2868)	35437
(322, 2333)	35438
(35438, 1629)	35439
(9876, 1305)	35440
(1837, 111)	35441
(8595, 373)	35442
(15605, 333)	35443
(1095, 97)	35444
(3772, 97)	35445
(299, 455)	35446
(35446, 2841)	35447
(35447, 1528)	35448
(84, 6062)	35449
(84, 11675)	35450
(35450, 111)	35451
(4387, 116)	35452
(35452, 12993)	35453
(9758, 2860)	35454
(35454, 10247)	35455
(35455, 4056)	35456
(5573, 637)	35457
(35457, 6628)	35458
(6671, 111)	35459
(35459, 2850)	35460
(35460, 974)	35461
(12513, 8071)	35462
(35462, 108)	35463
(307, 2565)	35464
(35464, 1958)	35465
(35465, 20073)	35466
(15859, 2241)	35467
(489, 564)	35468
(1651, 12560)	35469
(35469, 280)	35470
(35470, 16378)	35471
(35471, 108)	35472
(370, 257)	35473
(35473, 7805)	35474
(35474, 108)	35475
(13685, 754)	35476
(35476, 20073)	35477
(1364, 3294)	35478
(1045, 466)	35479
(35479, 2247)	35480
(3666, 15503)	35481
(19690, 5018)	35482
(324, 932)	35483
(84, 2380)	35484
(35484, 12559)	35485
(83, 110)	35486
(35486, 9018)	35487
(307, 5227)	35488
(19936, 373)	35489
(484, 4380)	35490
(35490, 18993)	35491
(348, 1661)	35492
(35492, 442)	35493
(369, 7540)	35494
(11056, 471)	35495
(300, 442)	35496
(8179, 19528)	35497
(3236, 13309)	35498
(45, 2066)	35499
(4425, 1220)	35500
(4051, 99)	35501
(7669, 67)	35502
(35502, 4736)	35503
(46, 103)	35504
(7731, 12311)	35505
(684, 12668)	35506
(17871, 20089)	35507
(15619, 2237)	35508
(3823, 17183)	35509
(10372, 115)	35510
(307, 438)	35511
(1971, 98)	35512
(35512, 271)	35513
(4122, 5408)	35514
(35514, 115)	35515
(348, 10238)	35516
(35516, 2237)	35517
(14351, 471)	35518
(1221, 3781)	35519
(427, 11807)	35520
(35520, 373)	35521
(719, 7511)	35522
(15709, 291)	35523
(1398, 345)	35524
(323, 20090)	35525
(367, 109)	35526
(46, 106)	35527
(35527, 115)	35528
(1405, 1656)	35529
(2059, 442)	35530
(35530, 88)	35531
(9089, 3171)	35532
(2988, 704)	35533
(2695, 2228)	35534
(14650, 286)	35535
(4036, 346)	35536
(17756, 715)	35537
(2012, 5495)	35538
(35538, 442)	35539
(307, 20092)	35540
(844, 1033)	35541
(35541, 291)	35542
(1405, 7387)	35543
(11454, 72)	35544
(35544, 20092)	35545
(430, 675)	35546
(35546, 1104)	35547
(35547, 423)	35548
(90, 68)	35549
(35549, 17542)	35550
(348, 111)	35551
(35551, 788)	35552
(10731, 268)	35553
(35553, 1099)	35554
(19935, 1543)	35555
(17865, 623)	35556
(5207, 107)	35557
(35557, 279)	35558
(18883, 602)	35559
(8486, 291)	35560
(4550, 4448)	35561
(35561, 2401)	35562
(18034, 12243)	35563
(4975, 111)	35564
(293, 107)	35565
(35565, 692)	35566
(17043, 2661)	35567
(795, 104)	35568
(35568, 2095)	35569
(35569, 3903)	35570
(9205, 116)	35571
(35571, 2653)	35572
(6793, 1879)	35573
(3823, 115)	35574
(35574, 346)	35575
(3087, 1590)	35576
(2958, 1286)	35577
(35577, 260)	35578
(988, 1537)	35579
(281, 267)	35580
(35580, 291)	35581
(20097, 103)	35582
(35582, 1252)	35583
(20097, 7486)	35584
(16002, 14946)	35585
(1356, 14113)	35586
(35586, 708)	35587
(18710, 10515)	35588
(3233, 56)	35589
(541, 102)	35590
(35590, 1554)	35591
(17973, 6781)	35592
(5937, 267)	35593
(1559, 642)	35594
(5978, 1078)	35595
(35595, 899)	35596
(11517, 623)	35597
(1364, 118)	35598
(35598, 969)	35599
(9639, 1752)	35600
(4113, 19460)	35601
(9639, 843)	35602
(430, 1384)	35603
(35603, 2543)	35604
(284, 506)	35605
(35605, 627)	35606
(51, 937)	35607
(52, 3700)	35608
(12390, 9750)	35609
(3748, 2037)	35610
(55, 1080)	35611
(360, 15505)	35612
(844, 273)	35613
(34, 4862)	35614
(1634, 268)	35615
(35615, 271)	35616
(35616, 602)	35617
(323, 3476)	35618
(35618, 3416)	35619
(35619, 615)	35620
(13942, 17668)	35621
(17637, 5266)	35622
(877, 110)	35623
(299, 8976)	35624
(35624, 104)	35625
(35625, 563)	35626
(35626, 117)	35627
(16583, 8160)	35628
(1226, 752)	35629
(62, 60)	35630
(1520, 8499)	35631
(9512, 8884)	35632
(14352, 115)	35633
(360, 3696)	35634
(6585, 1252)	35635
(3120, 585)	35636
(285, 392)	35637
(19034, 702)	35638
(68, 3450)	35639
(7210, 1553)	35640
(1295, 1524)	35641
(4089, 841)	35642
(1446, 498)	35643
(2575, 478)	35644
(35644, 101)	35645
(8638, 6925)	35646
(35646, 563)	35647
(4026, 970)	35648
(1897, 54)	35649
(80, 464)	35650
(35650, 3518)	35651
(1391, 13428)	35652
(8662, 423)	35653
(1773, 2169)	35654
(1625, 474)	35655
(35655, 260)	35656
(1015, 1995)	35657
(679, 291)	35658
(10709, 111)	35659
(560, 2426)	35660
(35660, 2954)	35661
(1401, 269)	35662
(48, 6057)	35663
(19399, 69)	35664
(35664, 90)	35665
(35665, 69)	35666
(66, 117)	35667
(35667, 2539)	35668
(1582, 10854)	35669
(2907, 20116)	35670
(11212, 558)	35671
(11706, 1477)	35672
(35672, 614)	35673
(83, 675)	35674
(35674, 4739)	35675
(290, 8235)	35676
(35676, 18609)	35677
(35677, 82)	35678
(11374, 317)	35679
(80, 455)	35680
(35680, 6680)	35681
(13737, 366)	35682
(35682, 9611)	35683
(91, 45)	35684
(437, 267)	35685
(93, 34)	35686
(35686, 3688)	35687
(12181, 267)	35688
(299, 535)	35689
(35689, 7301)	35690
(484, 401)	35691
(35691, 510)	35692
(35692, 602)	35693
(14356, 115)	35694
(3712, 17048)	35695
(5021, 421)	35696
(35696, 680)	35697
(1260, 280)	35698
(35698, 1756)	35699
(35699, 562)	35700
(289, 917)	35701
(3140, 317)	35702
(12734, 67)	35703
(5019, 5680)	35704
(8612, 685)	35705
(560, 1604)	35706
(14362, 325)	35707
(45, 1944)	35708
(35708, 3553)	35709
(1214, 919)	35710
(484, 2396)	35711
(35711, 325)	35712
(7166, 268)	35713
(5145, 2532)	35714
(1570, 9232)	35715
(10675, 3249)	35716
(5535, 19459)	35717
(355, 4548)	35718
(35718, 260)	35719
(5517, 2871)	35720
(2195, 807)	35721
(35721, 2444)	35722
(80, 338)	35723
(35723, 5609)	35724
(489, 669)	35725
(35725, 294)	35726
(13094, 4128)	35727
(35727, 100)	35728
(6634, 280)	35729
(10224, 266)	35730
(35730, 260)	35731
(15171, 294)	35732
(4747, 2692)	35733
(484, 470)	35734
(404, 411)	35735
(35735, 18858)	35736
(35736, 1968)	35737
(4134, 455)	35738
(35738, 291)	35739
(897, 3553)	35740
(100, 2215)	35741
(35741, 376)	35742
(320, 1923)	35743
(1270, 4965)	35744
(2890, 19518)	35745
(2060, 10680)	35746
(332, 1032)	35747
(35747, 467)	35748
(3679, 373)	35749
(9377, 2868)	35750
(17728, 346)	35751
(8348, 267)	35752
(18673, 2868)	35753
(82, 336)	35754
(35754, 745)	35755
(73, 5482)	35756
(342, 20128)	35757
(35757, 677)	35758
(3874, 573)	35759
(35759, 13129)	35760
(6496, 2123)	35761
(80, 263)	35762
(35762, 273)	35763
(8138, 373)	35764
(1015, 8374)	35765
(307, 310)	35766
(35766, 1929)	35767
(560, 286)	35768
(35768, 11285)	35769
(2975, 704)	35770
(8689, 586)	35771
(35771, 1167)	35772
(3720, 715)	35773
(8512, 13725)	35774
(7544, 17468)	35775
(7204, 269)	35776
(364, 676)	35777
(35777, 18378)	35778
(12603, 313)	35779
(5571, 98)	35780
(35780, 4166)	35781
(356, 3808)	35782
(35782, 4940)	35783
(35783, 268)	35784
(315, 7921)	35785
(35785, 6768)	35786
(3130, 291)	35787
(13033, 5972)	35788
(7729, 14364)	35789
(7729, 19734)	35790
(4305, 406)	35791
(1809, 366)	35792
(35792, 109)	35793
(45, 558)	35794
(35794, 1005)	35795
(35795, 1752)	35796
(7923, 339)	35797
(3519, 291)	35798
(4713, 9517)	35799
(3898, 53)	35800
(9012, 2868)	35801
(32, 292)	35802
(35802, 6500)	35803
(2224, 5804)	35804
(323, 3723)	35805
(9012, 1967)	35806
(300, 497)	35807
(299, 421)	35808
(35808, 967)	35809
(13598, 5609)	35810
(2000, 11807)	35811
(285, 7579)	35812
(1448, 15819)	35813
(35813, 271)	35814
(300, 871)	35815
(2586, 17228)	35816
(328, 1001)	35817
(3876, 1246)	35818
(35818, 1083)	35819
(115, 457)	35820
(34, 14366)	35821
(356, 414)	35822
(355, 521)	35823
(35823, 103)	35824
(348, 3610)	35825
(47, 72)	35826
(35826, 467)	35827
(272, 9103)	35828
(434, 2150)	35829
(1015, 103)	35830
(35830, 13693)	35831
(41, 34)	35832
(6275, 101)	35833
(77, 2042)	35834
(362, 19131)	35835
(83, 445)	35836
(35836, 4067)	35837
(4751, 275)	35838
(35838, 2025)	35839
(1501, 421)	35840
(35840, 3199)	35841
(290, 398)	35842
(35842, 13630)	35843
(35843, 1414)	35844
(35844, 97)	35845
(791, 111)	35846
(7636, 56)	35847
(307, 11891)	35848
(3255, 3979)	35849
(324, 527)	35850
(35850, 101)	35851
(35851, 5462)	35852
(98, 683)	35853
(426, 18944)	35854
(484, 3960)	35855
(1154, 280)	35856
(35856, 7517)	35857
(4496, 259)	35858
(35858, 2116)	35859
(409, 698)	35860
(35860, 291)	35861
(2331, 306)	35862
(35862, 7776)	35863
(76, 263)	35864
(35864, 4144)	35865
(35865, 111)	35866
(272, 1849)	35867
(272, 1329)	35868
(11222, 9943)	35869
(299, 5356)	35870
(35870, 374)	35871
(35871, 1751)	35872
(19848, 2954)	35873
(70, 12023)	35874
(1147, 967)	35875
(362, 499)	35876
(35876, 111)	35877
(3194, 112)	35878
(35878, 431)	35879
(35879, 105)	35880
(8528, 343)	35881
(13973, 2859)	35882
(1700, 330)	35883
(35883, 11448)	35884
(90, 317)	35885
(35885, 3872)	35886
(295, 630)	35887
(35887, 305)	35888
(35888, 1762)	35889
(69, 116)	35890
(35890, 1351)	35891
(3098, 390)	35892
(35892, 121)	35893
(35893, 11837)	35894
(9887, 107)	35895
(35895, 310)	35896
(3678, 642)	35897
(6923, 7288)	35898
(9128, 267)	35899
(1949, 121)	35900
(459, 1911)	35901
(35901, 586)	35902
(3043, 8778)	35903
(337, 3588)	35904
(1935, 341)	35905
(35905, 115)	35906
(35906, 2307)	35907
(1582, 304)	35908
(324, 18337)	35909
(3226, 53)	35910
(454, 3479)	35911
(256, 445)	35912
(12389, 379)	35913
(35913, 1305)	35914
(11968, 435)	35915
(1683, 263)	35916
(35916, 10670)	35917
(454, 12668)	35918
(289, 6398)	35919
(35919, 267)	35920
(1735, 287)	35921
(35921, 1660)	35922
(4932, 833)	35923
(2425, 766)	35924
(3078, 121)	35925
(2743, 1488)	35926
(93, 853)	35927
(19999, 339)	35928
(285, 279)	35929
(35929, 2453)	35930
(710, 305)	35931
(35931, 9750)	35932
(11089, 734)	35933
(35933, 267)	35934
(6964, 339)	35935
(517, 9939)	35936
(331, 19469)	35937
(76, 5369)	35938
(51, 5847)	35939
(420, 1329)	35940
(35940, 267)	35941
(323, 304)	35942
(35942, 5767)	35943
(3599, 109)	35944
(35944, 10968)	35945
(6546, 449)	35946
(1623, 8140)	35947
(4776, 970)	35948
(2496, 2040)	35949
(729, 1565)	35950
(1891, 7318)	35951
(72, 10727)	35952
(3682, 291)	35953
(12543, 1335)	35954
(543, 1099)	35955
(10270, 8535)	35956
(12953, 1981)	35957
(35957, 326)	35958
(35958, 259)	35959
(655, 17090)	35960
(3102, 269)	35961
(102, 7208)	35962
(429, 1170)	35963
(35963, 692)	35964
(19206, 99)	35965
(35965, 9463)	35966
(1477, 121)	35967
(12812, 1969)	35968
(4580, 715)	35969
(1149, 402)	35970
(332, 18379)	35971
(19699, 10067)	35972
(3419, 667)	35973
(11071, 807)	35974
(2416, 291)	35975
(370, 18802)	35976
(369, 9459)	35977
(1080, 56)	35978
(10691, 1894)	35979
(3206, 8547)	35980
(6774, 10830)	35981
(35981, 263)	35982
(309, 3063)	35983
(290, 10402)	35984
(35984, 586)	35985
(1224, 14030)	35986
(505, 1194)	35987
(384, 1351)	35988
(6731, 338)	35989
(884, 3705)	35990
(2301, 12263)	35991
(884, 455)	35992
(299, 702)	35993
(35993, 1793)	35994
(4555, 15641)	35995
(35995, 345)	35996
(1024, 1856)	35997
(1398, 414)	35998
(2301, 417)	35999
(775, 504)	36000
(285, 1968)	36001
(384, 2762)	36002
(3547, 20177)	36003
(1517, 2730)	36004
(298, 4833)	36005
(285, 7466)	36006
(2442, 20177)	36007
(5306, 3207)	36008
(18850, 257)	36009
(36009, 267)	36010
(14239, 10840)	36011
(47, 14244)	36012
(20090, 87)	36013
(6921, 267)	36014
(20183, 260)	36015
(10265, 121)	36016
(3720, 304)	36017
(2974, 269)	36018
(8278, 1856)	36019
(1136, 110)	36020
(36020, 115)	36021
(119, 4290)	36022
(121, 301)	36023
(93, 44)	36024
(2081, 3292)	36025
(489, 786)	36026
(360, 80)	36027
(36027, 17665)	36028
(256, 3318)	36029
(1827, 4698)	36030
(19509, 759)	36031
(580, 18341)	36032
(15741, 339)	36033
(503, 279)	36034
(11142, 2902)	36035
(10794, 20089)	36036
(20183, 14225)	36037
(36037, 647)	36038
(20182, 115)	36039
(298, 741)	36040
(36040, 428)	36041
(16098, 1108)	36042
(1848, 5691)	36043
(45, 557)	36044
(36044, 267)	36045
(3110, 550)	36046
(36046, 267)	36047
(1152, 14382)	36048
(11571, 1802)	36049
(503, 273)	36050
(36050, 7649)	36051
(1773, 11532)	36052
(9137, 306)	36053
(36053, 18873)	36054
(1036, 432)	36055
(409, 4706)	36056
(36056, 263)	36057
(355, 1038)	36058
(36058, 121)	36059
(1623, 5520)	36060
(3016, 637)	36061
(36061, 267)	36062
(9711, 262)	36063
(637, 782)	36064
(39, 859)	36065
(514, 97)	36066
(294, 649)	36067
(15972, 402)	36068
(884, 12131)	36069
(277, 313)	36070
(36070, 317)	36071
(36071, 627)	36072
(290, 3395)	36073
(36073, 10686)	36074
(12780, 19468)	36075
(9420, 460)	36076
(13625, 111)	36077
(36077, 1005)	36078
(671, 341)	36079
(20201, 9181)	36080
(36080, 17181)	36081
(350, 1421)	36082
(36082, 122)	36083
(36083, 428)	36084
(20201, 122)	36085
(36085, 15411)	36086
(7919, 887)	36087
(840, 3918)	36088
(2731, 7387)	36089
(16837, 115)	36090
(978, 5818)	36091
(1994, 260)	36092
(404, 4212)	36093
(36093, 291)	36094
(801, 1194)	36095
(355, 7995)	36096
(36096, 704)	36097
(1295, 723)	36098
(36098, 2590)	36099
(3469, 14113)	36100
(13991, 115)	36101
(1786, 854)	36102
(6634, 310)	36103
(5896, 101)	36104
(2232, 112)	36105
(36105, 1084)	36106
(2624, 107)	36107
(2988, 2798)	36108
(3461, 317)	36109
(36109, 2798)	36110
(20203, 313)	36111
(13579, 602)	36112
(6949, 1968)	36113
(34, 1427)	36114
(918, 1968)	36115
(84, 8157)	36116
(36116, 628)	36117
(290, 1578)	36118
(350, 4312)	36119
(36119, 65)	36120
(66, 4475)	36121
(11753, 4475)	36122
(6755, 414)	36123
(4908, 414)	36124
(16551, 5804)	36125
(7148, 339)	36126
(1103, 10160)	36127
(524, 345)	36128
(3039, 259)	36129
(36129, 752)	36130
(16514, 1962)	36131
(34, 105)	36132
(5786, 4582)	36133
(2249, 5690)	36134
(8995, 291)	36135
(2024, 3091)	36136
(5786, 3187)	36137
(6755, 2039)	36138
(4908, 345)	36139
(11868, 589)	36140
(342, 5857)	36141
(36141, 267)	36142
(68, 2102)	36143
(36143, 483)	36144
(36144, 477)	36145
(11468, 379)	36146
(36146, 2042)	36147
(7878, 414)	36148
(323, 628)	36149
(36149, 263)	36150
(324, 4475)	36151
(36151, 346)	36152
(9561, 1902)	36153
(711, 3677)	36154
(19813, 389)	36155
(36155, 119)	36156
(36156, 572)	36157
(36157, 336)	36158
(9574, 9531)	36159
(75, 8301)	36160
(307, 2860)	36161
(36161, 379)	36162
(643, 782)	36163
(9667, 115)	36164
(6129, 2089)	36165
(309, 506)	36166
(36166, 334)	36167
(2317, 2542)	36168
(355, 446)	36169
(36169, 829)	36170
(888, 2811)	36171
(370, 1055)	36172
(12851, 7625)	36173
(3028, 442)	36174
(929, 2011)	36175
(1737, 304)	36176
(323, 10355)	36177
(19554, 11344)	36178
(56, 1189)	36179
(2271, 271)	36180
(36180, 4241)	36181
(3793, 50)	36182
(2459, 14727)	36183
(19301, 4933)	36184
(364, 731)	36185
(36185, 108)	36186
(36186, 2402)	36187
(472, 268)	36188
(10174, 4239)	36189
(484, 4921)	36190
(13715, 4402)	36191
(295, 294)	36192
(36192, 99)	36193
(545, 102)	36194
(36194, 8704)	36195
(309, 567)	36196
(7183, 4933)	36197
(1119, 474)	36198
(12652, 8166)	36199
(75, 1105)	36200
(4129, 5825)	36201
(36201, 316)	36202
(36202, 1849)	36203
(9324, 18814)	36204
(36204, 407)	36205
(1446, 18999)	36206
(40, 68)	36207
(36207, 5395)	36208
(835, 736)	36209
(36209, 667)	36210
(1295, 1289)	36211
(10775, 5609)	36212
(835, 1876)	36213
(11986, 1817)	36214
(747, 1175)	36215
(360, 453)	36216
(36216, 114)	36217
(36217, 17935)	36218
(14180, 263)	36219
(36219, 400)	36220
(10511, 4933)	36221
(459, 11418)	36222
(19299, 435)	36223
(9255, 471)	36224
(705, 19374)	36225
(67, 6945)	36226
(4750, 14389)	36227
(14516, 423)	36228
(1800, 68)	36229
(4708, 784)	36230
(3011, 20254)	36231
(36231, 460)	36232
(1485, 9329)	36233
(303, 6945)	36234
(36234, 115)	36235
(2655, 20128)	36236
(36236, 4701)	36237
(384, 257)	36238
(36238, 14327)	36239
(16016, 2735)	36240
(36240, 14328)	36241
(380, 114)	36242
(36242, 460)	36243
(7535, 10420)	36244
(36244, 345)	36245
(448, 3734)	36246
(36246, 1043)	36247
(935, 20254)	36248
(36248, 6476)	36249
(258, 443)	36250
(36250, 286)	36251
(19115, 115)	36252
(36252, 1727)	36253
(3172, 803)	36254
(82, 80)	36255
(36255, 17405)	36256
(356, 3726)	36257
(624, 670)	36258
(3041, 19782)	36259
(17641, 334)	36260
(3106, 13831)	36261
(6294, 397)	36262
(459, 6508)	36263
(6822, 1220)	36264
(560, 306)	36265
(36265, 887)	36266
(3461, 2026)	36267
(36267, 121)	36268
(988, 9367)	36269
(2276, 842)	36270
(2129, 262)	36271
(775, 15118)	36272
(36272, 291)	36273
(285, 4066)	36274
(303, 3269)	36275
(303, 6529)	36276
(3301, 3662)	36277
(3324, 984)	36278
(36278, 498)	36279
(2099, 77)	36280
(36280, 944)	36281
(36281, 2444)	36282
(3202, 260)	36283
(418, 2011)	36284
(6228, 1117)	36285
(36285, 851)	36286
(7698, 100)	36287
(36287, 110)	36288
(624, 14282)	36289
(36289, 294)	36290
(356, 20263)	36291
(17280, 103)	36292
(36292, 17716)	36293
(17410, 2460)	36294
(78, 20263)	36295
(14355, 557)	36296
(290, 1591)	36297
(36297, 118)	36298
(36298, 400)	36299
(77, 6745)	36300
(36300, 121)	36301
(16758, 18872)	36302
(2331, 12351)	36303
(307, 2923)	36304
(36304, 104)	36305
(36305, 854)	36306
(36306, 260)	36307
(370, 13508)	36308
(36308, 119)	36309
(36309, 121)	36310
(303, 13148)	36311
(36311, 1001)	36312
(8954, 14392)	36313
(19631, 5649)	36314
(6893, 1533)	36315
(278, 416)	36316
(36316, 18790)	36317
(278, 18841)	36318
(3054, 376)	36319
(34, 93)	36320
(4370, 291)	36321
(4697, 115)	36322
(2045, 115)	36323
(13158, 5875)	36324
(1239, 1674)	36325
(10499, 602)	36326
(350, 264)	36327
(36327, 20116)	36328
(1339, 13393)	36329
(270, 100)	36330
(36330, 100)	36331
(36331, 115)	36332
(663, 3969)	36333
(36333, 280)	36334
(10042, 478)	36335
(3919, 19749)	36336
(36336, 588)	36337
(324, 2018)	36338
(36338, 333)	36339
(36339, 723)	36340
(68, 475)	36341
(309, 497)	36342
(36342, 2008)	36343
(14396, 9611)	36344
(2271, 399)	36345
(1448, 358)	36346
(36346, 1499)	36347
(434, 4758)	36348
(307, 737)	36349
(678, 10247)	36350
(36350, 10654)	36351
(3408, 12847)	36352
(4162, 7603)	36353
(89, 723)	36354
(36354, 9863)	36355
(116, 14397)	36356
(3172, 2625)	36357
(36357, 19060)	36358
(320, 97)	36359
(36359, 3174)	36360
(2413, 8547)	36361
(2358, 11979)	36362
(13419, 943)	36363
(1172, 704)	36364
(36364, 1549)	36365
(10823, 120)	36366
(2553, 4735)	36367
(332, 263)	36368
(36368, 17293)	36369
(285, 2036)	36370
(36370, 12149)	36371
(16257, 2087)	36372
(36372, 269)	36373
(1320, 16131)	36374
(4089, 1631)	36375
(104, 528)	36376
(630, 14382)	36377
(1724, 14382)	36378
(4271, 1727)	36379
(1250, 421)	36380
(36380, 2902)	36381
(1677, 112)	36382
(36382, 1407)	36383
(36383, 400)	36384
(4396, 17082)	36385
(7305, 336)	36386
(36386, 1040)	36387
(36387, 291)	36388
(6484, 6306)	36389
(76, 1329)	36390
(11482, 260)	36391
(36391, 715)	36392
(116, 5497)	36393
(4971, 115)	36394
(634, 338)	36395
(835, 2795)	36396
(36396, 1804)	36397
(12389, 19063)	36398
(2226, 14399)	36399
(112, 20281)	36400
(2226, 394)	36401
(36401, 20281)	36402
(14087, 267)	36403
(409, 106)	36404
(36404, 3096)	36405
(19910, 1412)	36406
(281, 627)	36407
(5574, 843)	36408
(5574, 4927)	36409
(8518, 115)	36410
(12604, 5248)	36411
(4271, 1698)	36412
(1119, 469)	36413
(1394, 10281)	36414
(4634, 4597)	36415
(2872, 816)	36416
(14048, 373)	36417
(67, 1660)	36418
(36418, 14400)	36419
(19579, 1802)	36420
(272, 1220)	36421
(657, 3480)	36422
(14185, 90)	36423
(348, 1813)	36424
(36424, 70)	36425
(36425, 2216)	36426
(2748, 269)	36427
(5206, 264)	36428
(36428, 314)	36429
(5993, 627)	36430
(404, 676)	36431
(36431, 2359)	36432
(384, 3632)	36433
(1154, 271)	36434
(36434, 10978)	36435
(5610, 2055)	36436
(14237, 121)	36437
(3172, 98)	36438
(36438, 3978)	36439
(36439, 97)	36440
(2474, 7743)	36441
(12333, 269)	36442
(2827, 947)	36443
(3173, 1638)	36444
(18033, 291)	36445
(324, 464)	36446
(36446, 12824)	36447
(10421, 14402)	36448
(2980, 365)	36449
(1975, 98)	36450
(36450, 1451)	36451
(328, 108)	36452
(17877, 305)	36453
(2093, 436)	36454
(36454, 101)	36455
(7105, 3530)	36456
(13606, 392)	36457
(36457, 345)	36458
(4710, 1118)	36459
(16209, 257)	36460
(36460, 807)	36461
(2331, 1235)	36462
(2984, 1353)	36463
(290, 567)	36464
(36464, 314)	36465
(36465, 352)	36466
(516, 802)	36467
(377, 4548)	36468
(298, 442)	36469
(926, 650)	36470
(1031, 101)	36471
(303, 352)	36472
(36472, 2697)	36473
(2658, 2333)	36474
(36474, 2152)	36475
(1036, 4343)	36476
(382, 11280)	36477
(382, 101)	36478
(1391, 6237)	36479
(1036, 6492)	36480
(12546, 97)	36481
(11486, 267)	36482
(5577, 334)	36483
(36483, 2435)	36484
(10934, 5798)	36485
(36485, 105)	36486
(700, 2441)	36487
(7085, 3067)	36488
(12562, 441)	36489
(298, 2247)	36490
(323, 766)	36491
(36491, 4470)	36492
(3906, 996)	36493
(284, 534)	36494
(36494, 97)	36495
(36495, 488)	36496
(36496, 7814)	36497
(6857, 10703)	36498
(36498, 659)	36499
(9658, 280)	36500
(65, 559)	36501
(36501, 13649)	36502
(5934, 102)	36503
(36503, 476)	36504
(364, 117)	36505
(36505, 5652)	36506
(19348, 8717)	36507
(4720, 291)	36508
(1045, 9533)	36509
(36509, 68)	36510
(36510, 291)	36511
(838, 7806)	36512
(36512, 2453)	36513
(357, 306)	36514
(36514, 457)	36515
(36515, 20305)	36516
(357, 13508)	36517
(36517, 104)	36518
(36518, 20305)	36519
(1501, 535)	36520
(36520, 5237)	36521
(13188, 100)	36522
(347, 5765)	36523
(36523, 4241)	36524
(1419, 458)	36525
(6638, 441)	36526
(36526, 7215)	36527
(848, 471)	36528
(8519, 18807)	36529
(36529, 381)	36530
(6483, 111)	36531
(1392, 400)	36532
(625, 2004)	36533
(36533, 365)	36534
(5015, 7215)	36535
(8179, 310)	36536
(1881, 1354)	36537
(36537, 97)	36538
(20046, 119)	36539
(36539, 14687)	36540
(311, 106)	36541
(36541, 7215)	36542
(9716, 968)	36543
(9578, 3630)	36544
(13008, 103)	36545
(36545, 98)	36546
(36546, 10281)	36547
(9578, 5282)	36548
(387, 4319)	36549
(14879, 1084)	36550
(8613, 1751)	36551
(2880, 1608)	36552
(36552, 2803)	36553
(348, 485)	36554
(36554, 115)	36555
(6572, 372)	36556
(32, 217)	36557
(36557, 144)	36558
(2830, 172)	36559
(36559, 5076)	36560
(36560, 6875)	36561
(36561, 8541)	36562
(290, 8481)	36563
(36563, 97)	36564
(1045, 432)	36565
(36565, 453)	36566
(5173, 267)	36567
(303, 2460)	36568
(309, 8516)	36569
(36569, 17497)	36570
(70, 854)	36571
(36571, 976)	36572
(387, 20308)	36573
(79, 20308)	36574
(625, 2103)	36575
(36575, 2362)	36576
(12650, 4156)	36577
(19566, 687)	36578
(350, 586)	36579
(1552, 259)	36580
(324, 120)	36581
(36581, 66)	36582
(307, 379)	36583
(36583, 107)	36584
(624, 3979)	36585
(36585, 260)	36586
(3943, 505)	36587
(3824, 280)	36588
(256, 106)	36589
(36589, 257)	36590
(6367, 8708)	36591
(2908, 280)	36592
(57, 4881)	36593
(3493, 399)	36594
(356, 1389)	36595
(295, 17946)	36596
(77, 14414)	36597
(5325, 1911)	36598
(290, 2905)	36599
(36599, 704)	36600
(362, 344)	36601
(348, 268)	36602
(36602, 11696)	36603
(36603, 731)	36604
(36604, 2999)	36605
(36605, 101)	36606
(6705, 9442)	36607
(6716, 1120)	36608
(36608, 352)	36609
(36609, 784)	36610
(86, 102)	36611
(36611, 76)	36612
(7971, 8658)	36613
(3763, 4642)	36614
(8319, 383)	36615
(109, 432)	36616
(36616, 339)	36617
(272, 100)	36618
(5604, 784)	36619
(2271, 100)	36620
(36620, 19491)	36621
(309, 1068)	36622
(36622, 352)	36623
(36623, 111)	36624
(17267, 414)	36625
(1556, 1974)	36626
(5980, 1499)	36627
(1815, 8215)	36628
(36628, 399)	36629
(20321, 115)	36630
(1620, 417)	36631
